-- phpMyAdmin SQL Dump
-- version 5.2.0
-- https://www.phpmyadmin.net/
--
-- Host: 127.0.0.1:3307
-- Generation Time: Jun 21, 2023 at 07:35 PM
-- Server version: 10.4.27-MariaDB
-- PHP Version: 8.1.12

SET SQL_MODE = "NO_AUTO_VALUE_ON_ZERO";
START TRANSACTION;
SET time_zone = "+00:00";


/*!40101 SET @OLD_CHARACTER_SET_CLIENT=@@CHARACTER_SET_CLIENT */;
/*!40101 SET @OLD_CHARACTER_SET_RESULTS=@@CHARACTER_SET_RESULTS */;
/*!40101 SET @OLD_COLLATION_CONNECTION=@@COLLATION_CONNECTION */;
/*!40101 SET NAMES utf8mb4 */;

--
-- Database: `data_r`
--

-- --------------------------------------------------------

--
-- Table structure for table `adhesion`
--

CREATE TABLE `adhesion` (
  `id` int(5) NOT NULL,
  `nb_national` int(11) NOT NULL,
  `ENTREPRISE` varchar(250) NOT NULL,
  `qualite_membre` int(11) NOT NULL,
  `date_ad` date DEFAULT NULL,
  `id_entre` int(11) NOT NULL
) ENGINE=InnoDB DEFAULT CHARSET=utf8 COLLATE=utf8_general_ci;

--
-- Dumping data for table `adhesion`
--

INSERT INTO `adhesion` (`id`, `nb_national`, `ENTREPRISE`, `qualite_membre`, `date_ad`, `id_entre`) VALUES
(2, 1, 'ENCEC (ENTREPRISE CHERRARDA DE', 3, '2023-01-01', 2),
(3, 1, 'VALTECH', 3, '2023-01-01', 3),
(5, 41, 'RAJA BINAA', 1, '2023-01-01', 5),
(7, 48, 'SELIBA (SOCIETE D’ELITE DE BAT', 4, '2023-01-01', 7),
(9, 52, 'STE DE BATIMENT DU PLATEAU-SBP', 4, '2023-01-01', 9),
(10, 1, 'HYDRO CHALLENGE', 3, '2023-01-01', 10),
(11, 78, 'SECHO ( SOCIETE ECHCHERKI DES ', 4, '2023-01-01', 11),
(15, 1, 'SEDEC- Société d’Exploitation ', 3, '2023-01-01', 15),
(16, 99, 'SMATRA (SOCIETE MAROCAINE DE R', 4, '2023-01-01', 16),
(22, 1, 'SMETEG sarl (Société Marocaine', 3, '2023-01-01', 22),
(23, 116, 'LES OUVRAGES MODERNES', 4, '2023-01-01', 23),
(25, 25, 'ETPE', 4, '2023-01-01', 25),
(26, 127, 'EDI MAROC- LES EDIFICES MAROCA', 1, '2023-01-01', 26),
(27, 129, 'DELTA HOLDING', 4, '2023-01-01', 27),
(36, 36, 'SNCE (SOCIETE NOUVELLE DES CONDUITES D’EAU)', 5, '2023-01-01', 36),
(37, 183, 'GROUPEMENT AUXITEC KADMIRI', 4, '2023-01-01', 37),
(38, 184, 'EQUELEC (EQUIPEMENTS ELECTRONI', 4, '2023-01-01', 38),
(40, 186, 'SRGM (SOCIETE DE REALISATIONS ', 3, '2023-01-01', 40),
(42, 188, 'BUILDER (ENTRPRISE DES TRAVAUX', 4, '2023-01-01', 42),
(48, 195, 'SETUMA (SOCIETE D’ETUDE ET DE ', 4, '2023-01-01', 48),
(49, 1, 'SOGEA MAROC', 5, '2023-01-01', 49),
(51, 1, 'ASSKHOR', 3, '2023-01-01', 51),
(52, 1, 'ASSABBANE ET KHORSSA', 3, '2023-01-01', 52),
(54, 1, 'ABHAT', 3, '2023-01-01', 54),
(57, 1, 'TRAMCO', 3, '2023-01-01', 57),
(59, 222, 'SOFIBOUC', 4, '2023-01-01', 59),
(60, 227, 'EMB', 1, '2023-01-01', 60),
(61, 1, 'JET ALU MAROC', 5, '2023-01-01', 61),
(73, 1, 'SOCA', 5, '2023-01-01', 73),
(74, 417, 'SANI PLOMB', 4, '2023-01-01', 74),
(75, 424, 'GERAB (GROUPEMENT D’ETUDE ET D', 4, '2023-01-01', 75),
(76, 1, 'GRENSON & PERFETINI- EXPLOITAT', 3, '2023-01-01', 76),
(84, 501, 'AMACONS', 4, '2023-01-01', 84),
(85, 506, 'MRIMEE', 4, '2023-01-01', 85),
(86, 1, 'ABEC EL BARAKA BATIMENT', 3, '2023-01-01', 86),
(90, 590, 'CERS', 4, '2023-01-01', 90),
(91, 597, 'CATER (COMPAGNIE D’AMENAGEMENT', 1, '2023-01-01', 91),
(95, 625, 'HADJ OMAR BENSAID', 4, '2023-01-01', 95),
(96, 646, 'SOHATECO (SOCIETE HACHIMI DE T', 4, '2023-01-01', 96),
(97, 1, 'MAGHREB PLANTES', 3, '2023-01-01', 97),
(102, 733, 'ESPACE BETON', 4, '2023-01-01', 102),
(105, 746, 'STRACOBA', 4, '2023-01-01', 105),
(106, 1, 'DINO/OUAZZANI TAIBI( DEVELOPPE', 3, '2023-01-01', 106),
(107, 748, 'AZZI- ENTREPRISE DE TRAVAUX', 4, '2023-01-01', 107),
(108, 749, 'SOCOTRAD', 4, '2023-01-01', 108),
(109, 750, 'SARAH SOCIETE - AFRICAINE DE R', 4, '2023-01-01', 109),
(112, 760, 'ABEINO', 4, '2023-01-01', 112),
(113, 761, 'TAGANTE', 4, '2023-01-01', 113),
(115, 763, 'VAMEPE (VITRERIE AGENCEMENT ME', 4, '2023-01-01', 115),
(118, 766, 'MACOBATE (DOMEBOIS)', 1, '2023-01-01', 118),
(120, 768, 'COTREX', 4, '2023-01-01', 120),
(121, 769, 'UBAC UNION ( BATIMENT ET CONDU', 4, '2023-01-01', 121),
(123, 771, 'MAJIHAR', 4, '2023-01-01', 123),
(124, 1, 'SOLSIF MAROC', 3, '2023-01-01', 124),
(128, 1, 'THERMO ENERGIE', 3, '2023-01-01', 128),
(132, 798, 'RIMS', 4, '2023-01-01', 132),
(133, 1, 'GTR', 5, '2023-01-01', 133),
(136, 1, 'SOGEBAC', 3, '2023-01-01', 136),
(138, 804, 'ZOUAYAT CONSTRUCTION', 4, '2023-01-01', 138),
(140, 806, 'YOUR BTP', 4, '2023-01-01', 140),
(141, 807, 'TAGHI', 4, '2023-01-01', 141),
(142, 808, 'ACHOUAK', 4, '2023-01-01', 142),
(143, 809, 'ECOBA - ENTREPRISE DE CONSTRUC', 4, '2023-01-01', 143),
(144, 810, 'AJIAL CONSTRUCTION', 4, '2023-01-01', 144),
(145, 811, 'EL FILALI HAMID', 4, '2023-01-01', 145),
(146, 812, 'GENERALE DE PROJETS', 4, '2023-01-01', 146),
(147, 813, 'AUGUST', 1, '2023-01-01', 147),
(148, 819, 'AIR INDUSTRIE', 4, '2023-01-01', 148),
(149, 839, 'SOLROC', 4, '2023-01-01', 149),
(150, 840, 'MAGHREB NET RTABI', 1, '2023-01-01', 150),
(152, 842, 'SECOMAV', 4, '2023-01-01', 152),
(153, 877, 'SITRATEC', 4, '2023-01-01', 153),
(154, 895, 'SOTAJID', 4, '2023-01-01', 154),
(155, 907, 'BTP OPTIMUM', 4, '2023-01-01', 155),
(157, 910, 'ENNAJMAOUI RACHID', 4, '2023-01-01', 157),
(158, 911, 'ENNAJMAOUI DRISS', 4, '2023-01-01', 158),
(159, 912, 'HYDEMA - HYDRO DEVELOPPEMENT M', 4, '2023-01-01', 159),
(160, 913, 'SOMADAS SPORTS', 4, '2023-01-01', 160),
(161, 914, 'EL RHALLAMI', 4, '2023-01-01', 161),
(162, 915, 'SOREVAMLIL (SOCIETE DE REVETEM', 4, '2023-01-01', 162),
(165, 918, 'AMINZOU', 4, '2023-01-01', 165),
(166, 919, 'ALU FACADE', 4, '2023-01-01', 166),
(167, 1, 'ATELIER TEULI', 3, '2023-01-01', 167),
(169, 922, 'ECOGEC', 4, '2023-01-01', 169),
(170, 923, 'EL HAIDAOUI', 4, '2023-01-01', 170),
(171, 925, 'ELECTRATEC', 4, '2023-01-01', 171),
(172, 926, 'ENTIB JABA MUSTAPHA', 4, '2023-01-01', 172),
(177, 931, 'PLAFONDS RESO MAROC', 4, '2023-01-01', 177),
(179, 933, 'SOSOTRAD- SOULAIMANI DES TRAVA', 4, '2023-01-01', 179),
(180, 934, 'SRTHYG BTP- SOCIETE DE REALISA', 4, '2023-01-01', 180),
(181, 935, 'TAJEDIC', 4, '2023-01-01', 181),
(183, 937, 'VORTEX', 4, '2023-01-01', 183),
(184, 938, 'SOCOFAF', 4, '2023-01-01', 184),
(185, 1, 'TCN TRAVAUX DU CENTRE ET DU NI', 3, '2023-01-01', 185),
(186, 941, 'PRO-BUILDER', 4, '2023-01-01', 186),
(187, 942, 'RAZIKI', 4, '2023-01-01', 187),
(189, 944, 'SOZATRAD', 4, '2023-01-01', 189),
(191, 979, 'COVATRAP', 4, '2023-01-01', 191),
(194, 982, 'RADI', 4, '2023-01-01', 194),
(197, 985, 'AAMAL CHLIEH', 4, '2023-01-01', 197),
(198, 986, 'MEGATEL AIR TELECOM', 4, '2023-01-01', 198),
(199, 987, 'ELPRO TRAVAUX', 4, '2023-01-01', 199),
(200, 988, 'AMRAOUI DE TRAVAUX', 4, '2023-01-01', 200),
(201, 989, 'BLOUTANE', 4, '2023-01-01', 201),
(202, 990, 'FEMOTRA', 4, '2023-01-01', 202),
(203, 991, 'WORLD HYDROLIC', 4, '2023-01-01', 203),
(204, 992, 'AHMINA RADOUANE ( ENTRACON)', 4, '2023-01-01', 204),
(207, 995, 'SETRAB', 4, '2023-01-01', 207),
(208, 996, 'AGEBAC', 4, '2023-01-01', 208),
(209, 997, 'MEROUANI EL GHEZOUANI- ART MET', 4, '2023-01-01', 209),
(210, 998, 'TRADIO', 4, '2023-01-01', 210),
(211, 999, 'NEW LABEL OF CONSTRUCTION', 4, '2023-01-01', 211),
(213, 1, 'BITUMA', 3, '2023-01-01', 213),
(214, 1, 'OMCE ( OMNIUM MAGHREBIN DES CO', 5, '2023-01-01', 214),
(216, 1026, 'BAKR EXTINCTEURS', 4, '2023-01-01', 216),
(217, 1027, 'EL YAZALI', 4, '2023-01-01', 217),
(218, 1028, 'SALE ELECTRICITE', 4, '2023-01-01', 218),
(219, 1033, 'BOUGHABA de Travaux Divers', 4, '2023-01-01', 219),
(220, 1075, 'CEB ( construction equipement ', 4, '2023-01-01', 220),
(222, 1077, 'SOTRAPI', 4, '2023-01-01', 222),
(224, 1, 'SIDEN (Societé industrielle d’', 3, '2023-01-01', 224),
(226, 1081, 'ELOMARI FRERES', 4, '2023-01-01', 226),
(227, 1083, 'SODESTRAS', 4, '2023-01-01', 227),
(228, 1084, 'INTEGRANET', 4, '2023-01-01', 228),
(229, 1087, 'EXTRA BATISSE', 4, '2023-01-01', 229),
(230, 1088, 'MATRAGEC', 4, '2023-01-01', 230),
(231, 1, 'SMADIRE- Société Marocaine d’I', 3, '2023-01-01', 231),
(233, 1097, 'AMTRA- AHMAMOUCH DE TRAVAUX', 4, '2023-01-01', 233),
(234, 1098, 'NEW GARDEN', 4, '2023-01-01', 234),
(235, 1102, 'RIMINES', 4, '2023-01-01', 235),
(236, 1103, 'ROSSELL', 4, '2023-01-01', 236),
(237, 1106, 'LABIAD TRAVAUX', 4, '2023-01-01', 237),
(238, 1107, 'CINREX', 4, '2023-01-01', 238),
(239, 1115, 'MAISON MODELE', 4, '2023-01-01', 239),
(240, 1116, 'JIBAL AL ALPI- ALPIDECO-', 4, '2023-01-01', 240),
(241, 1082, 'SERAVE/SOCIETE D\'ETUDE ET DE L', 4, '2023-01-01', 241),
(242, 1099, 'SOBETRA', 4, '2023-01-01', 242),
(243, 0, 'SACT/SOCIETE AFRICAINE DES CON', 4, '2023-01-01', 243),
(254, 0, 'IDH MAROC', 4, '2023-01-01', 254),
(255, 0, 'L\'EXPERT DES OUVRAGES TECHNIQU', 4, '2023-01-01', 255),
(256, 0, 'SOGEBEM', 4, '2023-01-01', 256),
(257, 0, 'MEGAFOR', 4, '2023-01-01', 257),
(258, 0, 'ASDEC', 4, '2023-01-01', 258),
(259, 0, 'ACAMELEC', 4, '2023-01-01', 259),
(260, 0, 'SCEPSI', 4, '2023-01-01', 260),
(261, 0, 'CIMELECT', 4, '2023-01-01', 261),
(262, 0, 'ACOPT ( maazaz lahcen)', 4, '2023-01-01', 262),
(263, 0, 'MENUISERIE AL WAFA', 4, '2023-01-01', 263),
(264, 0, 'Ete LAMKADAM', 4, '2023-01-01', 264),
(265, 0, 'SABER', 4, '2023-01-01', 265),
(266, 0, 'RABAT GRAVURE PUB', 4, '2023-01-01', 266),
(267, 0, 'ALOUSS', 4, '2023-01-01', 267),
(268, 0, 'SCOTIM', 4, '2023-01-01', 268),
(269, 0, 'ELFILALI MOHAMED ABDELLAH', 4, '2023-01-01', 269),
(271, 0, 'TER Travaux Electriques et Rea', 4, '2023-01-01', 271),
(272, 0, 'RPSN', 4, '2023-01-01', 272),
(273, 0, 'LARAICHI Abdelhaq', 1, '2023-01-01', 273),
(274, 0, 'MESRAR INETRIEUR', 4, '2023-01-01', 274),
(275, 0, 'TRAMADA', 4, '2023-01-01', 275),
(276, 0, 'ZITOUNI', 4, '2023-01-01', 276),
(278, 0, 'IDAANI', 4, '2023-01-01', 278),
(279, 0, 'SAHARATEL', 4, '2023-01-01', 279),
(280, 0, 'RADIOCOM', 4, '2023-01-01', 280),
(281, 0, 'MYFAK', 4, '2023-01-01', 281),
(282, 0, 'COTRAVET', 4, '2023-01-01', 282),
(283, 0, 'SOTRATEP', 4, '2023-01-01', 283),
(284, 0, 'Etablissement Zemmouri TAHAR', 4, '2023-01-01', 284),
(286, 2, 'SEAGRIME', 4, '2023-01-01', 286),
(287, 1, 'SYSTHERM', 3, '2023-01-01', 287),
(288, 0, 'EAACT- AIT LAHCEN ABDERRAHIME ', 4, '2023-01-01', 288),
(289, 0, 'HARISKOU TRAVAUX', 4, '2023-01-01', 289),
(290, 0, 'TECATLAN', 4, '2023-01-01', 290),
(291, 0, 'OUBAMI DE BATIMENT', 4, '2023-01-01', 291),
(292, 0, 'KATRAV SERVICE', 4, '2023-01-01', 292),
(293, 0, 'BENAAMMOUCH OMAR', 4, '2023-01-01', 293),
(295, 1, 'GENERATION MAROC TECHNOLOGIE -', 3, '2023-01-01', 295),
(296, 0, 'FER PLATRE', 4, '2023-01-01', 296),
(297, 0, 'PEDECOR', 4, '2023-01-01', 297),
(298, 2, 'TROVAC', 4, '2023-01-01', 298),
(299, 3, 'ECG Entretien et construction ', 4, '2023-01-01', 299),
(300, 0, 'ARITRAVO', 4, '2023-01-01', 300),
(301, 0, 'LARCO', 4, '2023-01-01', 301),
(302, 0, 'EL ABDERRAHMANI OMARI Med', 4, '2023-01-01', 302),
(303, 0, 'STADE', 4, '2023-01-01', 303),
(304, 0, 'TPCR', 4, '2023-01-01', 304),
(305, 1, 'BRAIN AND WORKS ENGINEERING (B', 3, '2023-01-01', 305),
(306, 1, 'HTECH', 3, '2023-01-01', 306),
(307, 0, 'TARCO MAROC', 4, '2023-01-01', 307),
(308, 0, 'AFRILAB', 4, '2023-01-01', 308),
(309, 0, 'STPG', 4, '2023-01-01', 309),
(310, 310, 'ETP (ENTREPRISE DE TOUTES PRESTATIONS)', 1, '2023-01-01', 310),
(311, 0, 'LES JARDINS DE VERSAILLES', 4, '2023-01-01', 311),
(312, 0, 'MAZZA ET BELHADJ', 4, '2023-01-01', 312),
(313, 0, 'SARA ( entreprise d\'electricit', 4, '2023-01-01', 313),
(314, 0, 'TIZTA', 4, '2023-01-01', 314),
(315, 0, 'AMANOR', 4, '2023-01-01', 315),
(316, 0, 'MODULAR SYSTEM MAROC', 4, '2023-01-01', 316),
(317, 0, 'LE ROMANIA', 4, '2023-01-01', 317),
(318, 0, 'KHARBOUCH LARBI', 4, '2023-01-01', 318),
(319, 0, 'HALCODEC', 4, '2023-01-01', 319),
(320, 0, 'SOBAY', 4, '2023-01-01', 320),
(321, 2, 'REVOLUS VOIR CA', 4, '2023-01-01', 321),
(322, 0, 'SAR INGENIERIE', 4, '2023-01-01', 322),
(323, 1, 'SOUTHYDRAULIC', 3, '2023-01-01', 323),
(324, 1, 'INGEBAK', 3, '2023-01-01', 324),
(325, 0, 'BILTER CONSEIL', 4, '2023-01-01', 325),
(326, 0, 'HASSANE', 4, '2023-01-01', 326),
(327, 0, 'RECOVA', 4, '2023-01-01', 327),
(328, 1, 'TRAVAUX DE CONSTRUCTION ET DE ', 3, '2023-01-01', 328),
(329, 1, 'COMEFAL', 3, '2023-01-01', 329),
(330, 0, 'SEITE VRD', 4, '2023-01-01', 330),
(331, 0, 'CHRONOBAT', 4, '2023-01-01', 331),
(332, 0, 'SUNLIGHT POWER', 4, '2023-01-01', 332),
(333, 0, 'SONASCOTRAP', 4, '2023-01-01', 333),
(334, 0, 'RIMO CONSTRUCTION', 4, '2023-01-01', 334),
(335, 0, 'AMANDIC', 4, '2023-01-01', 335),
(336, 0, 'GHAZZA', 4, '2023-01-01', 336),
(337, 0, 'ASSAKA NIGROU', 4, '2023-01-01', 337),
(339, 0, 'OSRIM COMPROCLIM', 4, '2023-01-01', 339),
(340, 0, 'YASSINE OUAKKA', 4, '2023-01-01', 340),
(342, 0, 'ALPHA BUREAU', 4, '2023-01-01', 342),
(343, 0, 'KHARBOUCH ABDELFATTAH', 4, '2023-01-01', 343),
(344, 0, 'EDIFICA', 4, '2023-01-01', 344),
(345, 0, 'ABOUTALEB TAYFOUR', 4, '2023-01-01', 345),
(346, 0, 'ENOBATAL', 4, '2023-01-01', 346),
(347, 0, 'TIZOUDA', 4, '2023-01-01', 347),
(348, 0, 'CURNET', 4, '2023-01-01', 348),
(349, 0, 'BELATEL', 4, '2023-01-01', 349),
(350, 0, 'COTER CONSTRUCTION TERHZAZ', 4, '2023-01-01', 350),
(351, 0, 'EQUIMARO', 4, '2023-01-01', 351),
(352, 0, 'SOMT (Société maghrébine de tr', 4, '2023-01-01', 352),
(353, 0, 'OTRAD', 4, '2023-01-01', 353),
(354, 0, 'MEGA PISCINE', 4, '2023-01-01', 354),
(355, 0, 'TP LAND', 4, '2023-01-01', 355),
(356, 0, 'SODEVA', 4, '2023-01-01', 356),
(357, 0, 'FIDEL CONSTRUCTION EL BAHI', 4, '2023-01-01', 357),
(358, 0, 'PROJEXET', 4, '2023-01-01', 358),
(359, 1, 'CIRGEC', 3, '2023-01-01', 359),
(360, 0, 'AL ASSEMA TRAVAUX', 4, '2023-01-01', 360),
(361, 0, 'SOCIETE DE GESTION ZNIBER ( SG', 4, '2023-01-01', 361),
(362, 0, 'TG TOP', 4, '2023-01-01', 362),
(363, 0, 'EBER', 4, '2023-01-01', 363),
(364, 0, 'SME CLIM', 4, '2023-01-01', 364),
(365, 0, 'CHTOUKI', 4, '2023-01-01', 365),
(366, 0, 'MENUISERIE AGOUZOUL', 4, '2023-01-01', 366),
(367, 0, 'JASOTRAV', 4, '2023-01-01', 367),
(368, 0, 'SOTRIBEL', 4, '2023-01-01', 368),
(369, 0, 'EGCA ( ENTREPRISE DE GENIE CIV', 4, '2023-01-01', 369),
(370, 0, 'SOMATEV', 4, '2023-01-01', 370),
(371, 0, 'POLE DE CONSTRUCTION ET D\'INGE', 4, '2023-01-01', 371),
(372, 0, 'TEMA', 4, '2023-01-01', 372),
(373, 3, 'ENTRASOL', 4, '2023-01-01', 373),
(374, 0, 'TRAGEC', 4, '2023-01-01', 374),
(375, 0, 'EVERY CONTRACTRO\'S', 4, '2023-01-01', 375),
(376, 0, 'SOGATRAF SOCIETE GARDMIT DE TR', 4, '2023-01-01', 376),
(377, 0, 'MODELOMC', 4, '2023-01-01', 377),
(378, 0, 'JAMAL EDDINE KHALIFA', 4, '2023-01-01', 378),
(379, 0, 'TRANS IFTIKHAR', 4, '2023-01-01', 379),
(380, 0, 'SI EL MOKHTAR DE TRAVAUX', 4, '2023-01-01', 380),
(381, 0, 'CEMATEC(societé centrale maroc', 4, '2023-01-01', 381),
(382, 0, 'CONFORAMA ( CONFORT AMEUBLEMEN', 4, '2023-01-01', 382),
(383, 0, 'ACF SYSTEME', 4, '2023-01-01', 383),
(384, 0, 'REDA', 4, '2023-01-01', 384),
(385, 0, 'AGHRIS KHALID BENSALAH', 4, '2023-01-01', 385),
(386, 0, 'ARKEVA', 4, '2023-01-01', 386),
(387, 0, 'TAHA CORPORATION', 4, '2023-01-01', 387),
(388, 0, 'HAJJINE ET CIE', 4, '2023-01-01', 388),
(389, 0, 'NOBLE SERVICE', 4, '2023-01-01', 389),
(390, 0, 'HITRAF CONSTRUCTION ET DIVERS ', 1, '2023-01-01', 390),
(391, 0, 'SOGETRA', 4, '2023-01-01', 391),
(392, 0, 'MSK', 4, '2023-01-01', 392),
(393, 0, 'VISIOLINK', 4, '2023-01-01', 393),
(394, 0, '2 IR', 4, '2023-01-01', 394),
(395, 0, 'COMPAGNIE DE COMMERCIALISATION', 4, '2023-01-01', 395),
(396, 0, '911 SERVICE NDD', 4, '2023-01-01', 396),
(397, 0, 'GTCI GENIE DE TRAVAUX CIVILS', 4, '2023-01-01', 397),
(398, 0, 'HT TRAVAUX', 4, '2023-01-01', 398),
(399, 0, 'L\'ART DE CONSTRUIRE', 4, '2023-01-01', 399),
(400, 0, 'ARHYM', 4, '2023-01-01', 400),
(401, 0, 'ENRG', 4, '2023-01-01', 401),
(402, 0, 'CLEMESSY', 4, '2023-01-01', 402),
(403, 0, 'STBO', 4, '2023-01-01', 403),
(404, 0, 'POLYVATECH', 4, '2023-01-01', 404),
(405, 0, 'EGTHM ( entreprise générale de', 4, '2023-01-01', 405),
(406, 0, 'LAKHLIFI', 4, '2023-01-01', 406),
(407, 0, 'MAN SERVICE', 4, '2023-01-01', 407),
(408, 0, 'G3P', 4, '2023-01-01', 408),
(409, 0, 'AFRICA DEVELOPPEMENT', 4, '2023-01-01', 409),
(410, 0, 'LES CHANTIERS MAROCAINS MODERN', 4, '2023-01-01', 410),
(411, 0, 'IDEAL CLIMA', 4, '2023-01-01', 411),
(412, 0, 'CODEMTHEP', 4, '2023-01-01', 412),
(413, 0, 'AL ORZE', 4, '2023-01-01', 413),
(415, 0, 'AMRHAR TRAITEMENT PAYSAGER', 4, '2023-01-01', 415),
(416, 0, 'ITCANAT', 4, '2023-01-01', 416),
(417, 0, 'SROC( A VERIFIER ADNAN)', 4, '2023-01-01', 417),
(418, 0, 'LES CHANTIERS MODERNES DE TEMA', 4, '2023-01-01', 418),
(419, 0, 'TECHNO EXPERTISES ET TRAVAUX', 4, '2023-01-01', 419),
(420, 0, 'SOJADECOR', 4, '2023-01-01', 420),
(421, 0, 'PETRADIS', 4, '2023-01-01', 421),
(423, 0, 'SOTACBAT', 4, '2023-01-01', 423),
(424, 0, 'ETIMAS', 4, '2023-01-01', 424),
(425, 0, 'ASSOUINIA', 4, '2023-01-01', 425),
(426, 0, 'SOTCOB', 4, '2023-01-01', 426),
(427, 0, 'MACHARIA AL MAMLAKA', 4, '2023-01-01', 427),
(428, 0, 'SONOGEC', 4, '2023-01-01', 428),
(429, 0, 'RAPIBAT', 4, '2023-01-01', 429),
(430, 0, 'ARCON', 4, '2023-01-01', 430),
(431, 0, 'SOSIMAT', 4, '2023-01-01', 431),
(432, 0, 'TACHMAMOT TRAD', 4, '2023-01-01', 432),
(433, 0, 'HAMASS DE TRAVAUX DIVERS', 4, '2023-01-01', 433),
(434, 0, 'ERREGGUI', 4, '2023-01-01', 434),
(435, 0, 'GESER', 4, '2023-01-01', 435),
(436, 0, 'ELECTRIBA - Entreprise d\'insta', 4, '2023-01-01', 436),
(437, 0, 'COSMATRAV', 4, '2023-01-01', 437),
(438, 0, 'BENJEBBOUR', 4, '2023-01-01', 438),
(439, 0, 'HYDRO PRO- TANMIA OMRANIA', 4, '2023-01-01', 439),
(440, 0, 'TETRALEC', 4, '2023-01-01', 440),
(441, 0, 'L ART DE GENIE CIVIL(ARDEGEC)', 4, '2023-01-01', 441),
(442, 0, 'POINT BLEU', 4, '2023-01-01', 442),
(443, 0, 'UNIVERS PLOMBERIE CHAUFFAGE', 4, '2023-01-01', 443),
(444, 0, 'BENMOUSSA', 4, '2023-01-01', 444),
(445, 0, 'AWRACH', 4, '2023-01-01', 445),
(446, 0, 'RAMUZA', 4, '2023-01-01', 446),
(447, 0, 'SJS MAROC', 4, '2023-01-01', 447),
(449, 0, 'AZIZ BOUKHLIQ ET FRERES', 4, '2023-01-01', 449),
(451, 0, 'CAP TP', 1, '2023-01-01', 451),
(453, 0, 'BENMOUNA', 4, '2023-01-01', 453),
(454, 0, 'BMG TRAVAUX', 4, '2023-01-01', 454),
(455, 0, 'TECH ELEC', 4, '2023-01-01', 455),
(456, 0, 'A2TP', 4, '2023-01-01', 456),
(457, 1, 'SODRET', 3, '2023-01-01', 457),
(458, 0, 'RITEL', 4, '2023-01-01', 458),
(459, 0, 'BELYOU', 4, '2023-01-01', 459),
(460, 0, 'BELECTRABAT', 4, '2023-01-01', 460),
(461, 0, 'INDRASS SISTEMAS MAGREB', 4, '2023-01-01', 461),
(462, 0, 'SOMMANE FATHI', 4, '2023-01-01', 462),
(463, 0, 'NCIRI', 4, '2023-01-01', 463),
(464, 0, 'SARFOUTRAV', 4, '2023-01-01', 464),
(465, 0, 'AL JIHAOUIA CONSTRUCTION', 4, '2023-01-01', 465),
(466, 0, 'RIEGONOR', 4, '2023-01-01', 466),
(467, 0, 'AL RYANE', 4, '2023-01-01', 467),
(468, 0, 'TIPE HOLDING', 4, '2023-01-01', 468),
(469, 0, 'GECITRAM', 4, '2023-01-01', 469),
(470, 0, 'MAZATRASO', 4, '2023-01-01', 470),
(471, 0, 'LABINATE', 4, '2023-01-01', 471),
(472, 0, 'ETRIBEN', 4, '2023-01-01', 472),
(473, 0, 'RABAT CHANTIER', 4, '2023-01-01', 473),
(474, 0, 'SANI SHOP', 4, '2023-01-01', 474),
(475, 0, 'TRINGET', 4, '2023-01-01', 475),
(476, 0, 'AZ NET', 4, '2023-01-01', 476),
(478, 1, 'MZOUDA', 3, '2023-01-01', 478),
(479, 0, 'ETTOLBA', 4, '2023-01-01', 479),
(480, 0, 'TIMIDER', 4, '2023-01-01', 480),
(481, 0, 'PUR SANG', 4, '2023-01-01', 481),
(482, 0, 'L\'INVENTEUR', 4, '2023-01-01', 482),
(483, 0, 'SUFT', 4, '2023-01-01', 483),
(484, 0, 'ENNASR ASCENSEUR', 4, '2023-01-01', 484),
(485, 0, 'HUB DE GENIE CIVIL', 4, '2023-01-01', 485),
(486, 0, 'BATI VERT', 4, '2023-01-01', 486),
(487, 0, 'OCTATRAV', 4, '2023-01-01', 487),
(488, 0, 'GENSAV TRAV', 4, '2023-01-01', 488),
(489, 0, 'ADCO', 4, '2023-01-01', 489),
(490, 0, 'STBR', 4, '2023-01-01', 490),
(491, 0, 'WORK ET AM', 4, '2023-01-01', 491),
(492, 0, 'LES CHANTIERS DU CAPITAL', 4, '2023-01-01', 492),
(493, 0, 'SEVEN TECHNIQUE', 4, '2023-01-01', 493),
(494, 0, 'TRAVES', 4, '2023-01-01', 494),
(495, 0, 'ALTATRAV', 4, '2023-01-01', 495),
(496, 0, 'EL MOUSSAOUI MED', 4, '2023-01-01', 496),
(497, 0, 'DOUSSOU- SODOCO-', 4, '2023-01-01', 497),
(498, 0, 'ERE MAROC', 4, '2023-01-01', 498),
(499, 0, 'TECHLAND', 4, '2023-01-01', 499),
(500, 0, 'SOCLIMAT', 4, '2023-01-01', 500),
(501, 0, 'LOUKILI BOUCHTA', 4, '2023-01-01', 501),
(502, 0, 'AHMED SAAD TRAVAUX', 4, '2023-01-01', 502),
(503, 1, 'AMANCOM ( AMAN CONDUITES MODER', 3, '2023-01-01', 503),
(504, 0, 'FREYSSIMA', 4, '2023-01-01', 504),
(505, 0, 'LOGISOFT', 4, '2023-01-01', 505),
(506, 0, 'SEEA', 4, '2023-01-01', 506),
(508, 0, 'DIMAH MACHINERY', 4, '2023-01-01', 508),
(509, 0, 'AFKIR -IBRAHIMI BOUCHTA-', 4, '2023-01-01', 509),
(510, 0, 'TIMZRAY', 4, '2023-01-01', 510),
(511, 0, 'DOKA', 4, '2023-01-01', 511),
(512, 1, 'OULAD ZERRAD', 3, '2023-01-01', 512),
(513, 0, 'SASMA CONSULTING', 4, '2023-01-01', 513),
(514, 0, 'TANSIFT CONTRACTOR', 4, '2023-01-01', 514),
(515, 0, 'SECOMATUBE', 4, '2023-01-01', 515),
(516, 0, 'LANNET', 4, '2023-01-01', 516),
(517, 0, 'RR HOLDING /BGI CONSTRUCTION', 4, '2023-01-01', 517),
(518, 0, 'GHAIT DEVELOPPEMENT', 4, '2023-01-01', 518),
(519, 0, 'MPIM', 4, '2023-01-01', 519),
(521, 0, 'NADHIS', 4, '2023-01-01', 521),
(522, 0, 'MOBATRAV', 4, '2023-01-01', 522),
(523, 0, 'RAKKAZ TRVAUX DIVERS', 4, '2023-01-01', 523),
(524, 0, 'DIMENSION DATA MAROC', 4, '2023-01-01', 524),
(525, 0, 'AGC GESTION GENIE ET CONSTRUCT', 4, '2023-01-01', 525),
(526, 0, 'RIDAMINE TRAVAUX', 4, '2023-01-01', 526),
(527, 0, 'MEGA CHANTIER', 4, '2023-01-01', 527),
(528, 0, 'BEN AHMED', 4, '2023-01-01', 528),
(529, 0, 'DOSSOUR', 4, '2023-01-01', 529),
(530, 0, 'AMCM TRAD', 4, '2023-01-01', 530),
(531, 0, 'MABEF MARBRE', 4, '2023-01-01', 531),
(532, 0, 'SUD AFRICAIN D ELECTRICITE GEN', 4, '2023-01-01', 532),
(533, 0, 'ING TRAVAUX', 4, '2023-01-01', 533),
(535, 0, 'DREAM VIEW', 4, '2023-01-01', 535),
(536, 1, 'BOULMACO', 3, '2023-01-01', 536),
(537, 0, 'AHAME ALACHGHAL', 4, '2023-01-01', 537),
(538, 0, 'MAROCAINE DE CONSTRUCTION ET E', 4, '2023-01-01', 538),
(539, 0, 'AIT LKHEIR', 4, '2023-01-01', 539),
(541, 1, 'GCB', 3, '2023-01-01', 541),
(543, 139654, 'NIGROU LARBI', 4, '2023-01-01', 543),
(544, 0, 'CAPITAL', 4, '2023-01-01', 544),
(545, 0, 'BELECTROTEC', 4, '2023-01-01', 545),
(546, 0, 'SONOTAC', 4, '2023-01-01', 546),
(547, 0, 'FOMELEPE', 4, '2023-01-01', 547),
(549, 0, 'TOLBA VERRE SARL', 4, '2023-01-01', 549),
(550, 0, 'FINITION DESIGN', 4, '2023-01-01', 550),
(551, 0, 'ASSABBANE HELEC', 4, '2023-01-01', 551),
(552, 0, 'CONTRADIS SARL', 4, '2023-01-01', 552),
(553, 0, 'ALL PROJECTS', 4, '2023-01-01', 553),
(554, 0, 'VALUSTRAD', 4, '2023-01-01', 554),
(555, 0, 'SODICOTRA', 4, '2023-01-01', 555),
(556, 0, 'NAROUZE TRAVAUX SARL', 4, '2023-01-01', 556),
(557, 0, 'INAJA BAT CO NEGOCE SARL AU', 4, '2023-01-01', 557),
(558, 0, 'LES TRAVAUX', 4, '2023-01-01', 558),
(560, 0, 'MAROUF BTP', 4, '2023-01-01', 560),
(561, 0, 'COBATIP', 1, '2023-01-01', 561),
(562, 0, 'COPREF', 1, '2023-01-01', 562),
(563, 0, 'HTTC', 1, '2023-01-01', 563),
(564, 0, 'EAM SERVICES', 3, '2023-01-01', 564),
(565, 0, 'ETABLISSEMENT AHOUZI MOHAMED T', 3, '2023-01-01', 565),
(566, 0, 'PECARE ESPACES VERTS', 3, '2023-01-01', 566),
(567, 0, 'SONAFIA', 3, '2023-01-01', 567),
(568, 0, 'SOCOMBUS SARL', 3, '2023-01-01', 568),
(569, 0, 'SAVOIR VERT SARL', 3, '2023-01-01', 569),
(570, 0, 'ECO VERT', 3, '2023-01-01', 570),
(571, 0, 'AHOUZI TRAVAUX', 1, '2023-01-01', 571),
(573, 0, 'ALEQ -ALAM EQUIPEMENT ', 1, '2023-01-01', 588),
(574, 0, 'SETRAT (SOCIETE D’ETUDES ET TRAVAUX D’AMENAGEMENT DU TERRITOIRE) ', 1, '2023-01-01', 589),
(575, 4, 'GECOMAR (LA GENERALE DES CONDUITES DU MAROC)', 4, '2023-01-01', 631);

-- --------------------------------------------------------

--
-- Table structure for table `banque`
--

CREATE TABLE `banque` (
  `code` varchar(2) NOT NULL,
  `Nom` varchar(100) DEFAULT NULL
) ENGINE=InnoDB DEFAULT CHARSET=utf8 COLLATE=utf8_general_ci;

--
-- Dumping data for table `banque`
--

INSERT INTO `banque` (`code`, `Nom`) VALUES
('AB', 'ATTIJARI BANK'),
('BA', 'BANQUE AL MAGHREB'),
('BE', 'BANQUE MAROCAINE DU COMMERCE EXTÉRIEUR'),
('BM', 'BANQUE MAROCAINE POUR LE COMMERCE ET L\'INDUSTRIE'),
('BP', 'BANQUE POPULAIRE'),
('CA', 'CREDIT AGRICOLE'),
('CD', 'CREDIT DU MAROC'),
('SG', 'SOCIETE GENERALE MAROCAIN');

-- --------------------------------------------------------

--
-- Table structure for table `categ`
--

CREATE TABLE `categ` (
  `code` varchar(2) NOT NULL,
  `nom` varchar(35) NOT NULL
) ENGINE=InnoDB DEFAULT CHARSET=utf8mb4 COLLATE=utf8mb4_general_ci;

--
-- Dumping data for table `categ`
--

INSERT INTO `categ` (`code`, `nom`) VALUES
('B', 'BATIMENT'),
('BT', 'BATIMENT et TRAVAUX PUBLICS'),
('T', 'TRAVAUX PUBLICS');

-- --------------------------------------------------------

--
-- Table structure for table `certiftmp_tab`
--

CREATE TABLE `certiftmp_tab` (
  `ID` int(11) NOT NULL,
  `ENTREPRISE` varchar(200) DEFAULT NULL,
  `ID_ENTREPRISE` int(11) DEFAULT NULL,
  `MINISTER` varchar(1) DEFAULT NULL
) ENGINE=InnoDB DEFAULT CHARSET=utf8 COLLATE=utf8_general_ci;

--
-- Dumping data for table `certiftmp_tab`
--

INSERT INTO `certiftmp_tab` (`ID`, `ENTREPRISE`, `ID_ENTREPRISE`, `MINISTER`) VALUES
(1, 'HTTC', 563, 'E');

-- --------------------------------------------------------

--
-- Table structure for table `classe`
--

CREATE TABLE `classe` (
  `code` varchar(6) NOT NULL,
  `nom` varchar(35) NOT NULL,
  `ministere` varchar(2) NOT NULL,
  `type_direction` varchar(1) NOT NULL,
  `chiffre_aff` float NOT NULL,
  `CS` float NOT NULL,
  `Nb_min_ing` int(11) NOT NULL,
  `Nb_tech` int(11) NOT NULL,
  `nb_min_encadre` int(11) NOT NULL,
  `secteur` varchar(4) NOT NULL
) ENGINE=InnoDB DEFAULT CHARSET=utf8mb4 COLLATE=utf8mb4_general_ci;

--
-- Dumping data for table `classe`
--

INSERT INTO `classe` (`code`, `nom`, `ministere`, `type_direction`, `chiffre_aff`, `CS`, `Nb_min_ing`, `Nb_tech`, `nb_min_encadre`, `secteur`) VALUES
('CSA', 'CLASSE S', 'E', 'N', 0, 0, 0, 0, 0, 'SA'),
('C1A', 'CLASSE 1', 'E', 'N', 0, 0, 0, 0, 0, 'SA'),
('C2A', 'CLASSE 2', 'E', 'N', 0, 0, 0, 0, 0, 'SA'),
('C3A', 'CLASSE 3', 'E', 'R', 0, 0, 0, 0, 0, 'SA'),
('C4A', 'CLASSE 4', 'E', 'R', 0, 0, 0, 0, 0, 'SA'),
('C5A', 'CLASSE 5', 'E', 'R', 0, 0, 0, 0, 0, 'SA'),
('CSB', 'CLASSE S', 'E', 'N', 0, 0, 0, 0, 0, 'SB'),
('C1B', 'CLASSE 1', 'E', 'N', 0, 0, 0, 0, 0, 'SB'),
('C2B', 'CLASSE 2', 'E', 'N', 0, 0, 0, 0, 0, 'SB'),
('C4B', 'CLASSE 4', 'E', 'R', 0, 0, 0, 0, 0, 'SB'),
('C3B', 'CLASSE 3', 'E', 'R', 0, 0, 0, 0, 0, 'SB'),
('C5B', 'CLASSE 5', 'E', 'R', 0, 0, 0, 0, 0, 'SB'),
('CSC', 'CLASSE S', 'E', 'N', 0, 0, 0, 0, 0, 'SC'),
('C1C', 'CLASSE 1', 'E', 'N', 0, 0, 0, 0, 0, 'SC'),
('C2C', 'CLASSE 2', 'E', 'N', 0, 0, 0, 0, 0, 'SC'),
('C4C', 'CLASSE 4', 'E', 'R', 0, 0, 0, 0, 0, 'SC'),
('C3C', 'CLASSE 3', 'E', 'R', 0, 0, 0, 0, 0, 'SC'),
('C5C', 'CLASSE 5', 'E', 'R', 0, 0, 0, 0, 0, 'SC'),
('CSD', 'CLASSE S', 'E', 'N', 0, 0, 0, 0, 0, 'SD'),
('C1D', 'CLASSE 1', 'E', 'N', 0, 0, 0, 0, 0, 'SD'),
('C2D', 'CLASSE 2', 'E', 'N', 0, 0, 0, 0, 0, 'SD'),
('C3D', 'CLASSE 3', 'E', 'R', 0, 0, 0, 0, 0, 'SD'),
('C4D', 'CLASSE 4', 'E', 'R', 0, 0, 0, 0, 0, 'SD'),
('C5D', 'CLASSE 5', 'E', 'R', 0, 0, 0, 0, 0, 'SD'),
('CSE', 'CLASSE S', 'E', 'N', 0, 0, 0, 0, 0, 'SE'),
('C1E', 'CLASSE 1', 'E', 'N', 0, 0, 0, 0, 0, 'SE'),
('C2E', 'CLASSE 2', 'E', 'N', 0, 0, 0, 0, 0, 'SE'),
('C3E', 'CLASSE 3', 'E', 'N', 0, 0, 0, 0, 0, 'SE'),
('C4E', 'CLASSE 4', 'E', 'R', 0, 0, 0, 0, 0, 'SE'),
('C5E', 'CLASSE 5', 'E', 'R', 0, 0, 0, 0, 0, 'SE'),
('CSF', 'CLASSE S', 'E', 'N', 0, 0, 0, 0, 0, 'SF'),
('C1F', 'CLASSE 1', 'E', 'N', 0, 0, 0, 0, 0, 'SF'),
('C2F', 'CLASSE 2', 'E', 'N', 0, 0, 0, 0, 0, 'SF'),
('C3F', 'CLASSE 3', 'E', 'R', 0, 0, 0, 0, 0, 'SF'),
('C4F', 'CLASSE 4', 'E', 'R', 0, 0, 0, 0, 0, 'SF'),
('C5F', 'CLASSE 5', 'E', 'N', 0, 0, 0, 0, 0, 'SF'),
('CSG', 'CLASSE S', 'E', 'N', 0, 0, 0, 0, 0, 'SG'),
('C1G', 'CLASSE 1', 'E', 'N', 0, 0, 0, 0, 0, 'SG'),
('C2G', 'CLASSE 2', 'E', 'N', 0, 0, 0, 0, 0, 'SG'),
('C3G', 'CLASSE 3', 'E', 'R', 0, 0, 0, 0, 0, 'SG'),
('C4G', 'CLASSE 4', 'E', 'R', 0, 0, 0, 0, 0, 'SG'),
('C5G', 'CLASSE 5', 'E', 'N', 0, 0, 0, 0, 0, 'SG'),
('CSH', 'CLASSE S', 'E', 'N', 0, 0, 0, 0, 0, 'SH'),
('C1H', 'CLASSE 1', 'E', 'N', 0, 0, 0, 0, 0, 'SH'),
('C2H', 'CLASSE 2', 'E', 'R', 0, 0, 0, 0, 0, 'SH'),
('C3H', 'CLASSE 3', 'E', 'R', 0, 0, 0, 0, 0, 'SH'),
('C4H', 'CLASSE 4', 'E', 'R', 0, 0, 0, 0, 0, 'SH'),
('C5H', 'CLASSE 5', 'E', 'N', 0, 0, 0, 0, 0, 'SH'),
('CSI', 'CLASSE S', 'E', 'N', 0, 0, 0, 0, 0, 'SI'),
('C1I', 'CLASSE 1', 'E', 'N', 0, 0, 0, 0, 0, 'SI'),
('C2I', 'CLASSE 2', 'E', 'N', 0, 0, 0, 0, 0, 'SI'),
('C3I', 'CLASSE 3', 'E', 'R', 0, 0, 0, 0, 0, 'SI'),
('C4I', 'CLASSE 4', 'E', 'R', 0, 0, 0, 0, 0, 'SI'),
('C5I', 'CLASSE 5', 'E', 'R', 0, 0, 0, 0, 0, 'SI'),
('CSJ', 'CLASSE S', 'E', 'N', 0, 0, 0, 0, 0, 'SJ'),
('C1J', 'CLASSE 1', 'E', 'N', 0, 0, 0, 0, 0, 'SJ'),
('C2J', 'CLASSE 2', 'E', 'R', 0, 0, 0, 0, 0, 'SJ'),
('C3J', 'CLASSE 3', 'E', 'R', 0, 0, 0, 0, 0, 'SJ'),
('C4J', 'CLASSE 4', 'E', 'R', 0, 0, 0, 0, 0, 'SJ'),
('C5J', 'CLASSE 5', 'E', 'N', 0, 0, 0, 0, 0, 'SJ'),
('CSK', 'CLASSE S', 'E', 'N', 0, 0, 0, 0, 0, 'SK'),
('C1K', 'CLASSE 1', 'E', 'N', 0, 0, 0, 0, 0, 'SK'),
('C2K', 'CLASSE 2', 'E', 'R', 0, 0, 0, 0, 0, 'SK'),
('C3K', 'CLASSE 3', 'E', 'R', 0, 0, 0, 0, 0, 'SK'),
('C4K', 'CLASSE 4', 'E', 'R', 0, 0, 0, 0, 0, 'SK'),
('C5K', 'CLASSE 5', 'E', 'N', 0, 0, 0, 0, 0, 'SK'),
('CSL', 'CLASSE S', 'E', 'N', 0, 0, 0, 0, 0, 'SL'),
('C1L', 'CLASSE 1', 'E', 'N', 0, 0, 0, 0, 0, 'SL'),
('C2L', 'CLASSE 2', 'E', 'R', 0, 0, 0, 0, 0, 'SL'),
('C3L', 'CLASSE 3', 'E', 'R', 0, 0, 0, 0, 0, 'SL'),
('C4L', 'CLASSE 4', 'E', 'R', 0, 0, 0, 0, 0, 'SL'),
('C5L', 'CLASSE 5', 'E', 'N', 0, 0, 0, 0, 0, 'SL'),
('CSM', 'CLASSE S', 'E', 'N', 0, 0, 0, 0, 0, 'SM'),
('C1M', 'CLASSE 1', 'E', 'N', 0, 0, 0, 0, 0, 'SM'),
('C2M', 'CLASSE 2', 'E', 'R', 0, 0, 0, 0, 0, 'SM'),
('C3M', 'CLASSE 3', 'E', 'R', 0, 0, 0, 0, 0, 'SM'),
('C4M', 'CLASSE 4', 'E', 'R', 0, 0, 0, 0, 0, 'SM'),
('C5M', 'CLASSE 5', 'E', 'N', 0, 0, 0, 0, 0, 'SM'),
('CSN', 'CLASSE S', 'E', 'N', 0, 0, 0, 0, 0, 'SN'),
('C1N', 'CLASSE 1', 'E', 'N', 0, 0, 0, 0, 0, 'SN'),
('C2N', 'CLASSE 2', 'E', 'R', 0, 0, 0, 0, 0, 'SN'),
('C3N', 'CLASSE 3', 'E', 'R', 0, 0, 0, 0, 0, 'SN'),
('C4N', 'CLASSE 4', 'E', 'N', 0, 0, 0, 0, 0, 'SN'),
('C5N', 'CLASSE 5', 'E', 'N', 0, 0, 0, 0, 0, 'SN'),
('CSO', 'CLASSE S', 'E', 'N', 0, 0, 0, 0, 0, 'SO'),
('C1O', 'CLASSE 1', 'E', 'N', 0, 0, 0, 0, 0, 'SO'),
('C2O', 'CLASSE 2', 'E', 'R', 0, 0, 0, 0, 0, 'SO'),
('C3O', 'CLASSE 3', 'E', 'R', 0, 0, 0, 0, 0, 'SO'),
('C4O', 'CLASSE 4', 'E', 'N', 0, 0, 0, 0, 0, 'SO'),
('C5O', 'CLASSE 5', 'E', 'N', 0, 0, 0, 0, 0, 'SO'),
('CSP', 'CLASSE S', 'E', 'N', 0, 0, 0, 0, 0, 'SP'),
('C1P', 'CLASSE 1', 'E', 'N', 0, 0, 0, 0, 0, 'SP'),
('C2P', 'CLASSE 2', 'E', 'R', 0, 0, 0, 0, 0, 'SP'),
('C3P', 'CLASSE 3', 'E', 'R', 0, 0, 0, 0, 0, 'SP'),
('C4P', 'CLASSE 4', 'E', 'N', 0, 0, 0, 0, 0, 'SP'),
('C5P', 'CLASSE 5', 'E', 'N', 0, 0, 0, 0, 0, 'SP'),
('CSQ', 'CLASSE S', 'E', 'N', 0, 0, 0, 0, 0, 'SQ'),
('C1Q', 'CLASSE 1', 'E', 'N', 0, 0, 0, 0, 0, 'SQ'),
('C2Q', 'CLASSE 2', 'E', 'R', 0, 0, 0, 0, 0, 'SQ'),
('C3Q', 'CLASSE 3', 'E', 'R', 0, 0, 0, 0, 0, 'SQ'),
('C4Q', 'CLASSE 4', 'E', 'N', 0, 0, 0, 0, 0, 'SQ'),
('C5Q', 'CLASSE 5', 'E', 'N', 0, 0, 0, 0, 0, 'SQ'),
('CSR', 'CLASSE S', 'E', 'N', 0, 0, 0, 0, 0, 'SR'),
('C1R', 'CLASSE 1', 'E', 'N', 0, 0, 0, 0, 0, 'SR'),
('C2R', 'CLASSE 2', 'E', 'R', 0, 0, 0, 0, 0, 'SR'),
('C3R', 'CLASSE 3', 'E', 'R', 0, 0, 0, 0, 0, 'SR'),
('C4R', 'CLASSE 4', 'E', 'N', 0, 0, 0, 0, 0, 'SR'),
('C5R', 'CLASSE 5', 'E', 'N', 0, 0, 0, 0, 0, 'SR'),
('CSS', 'CLASSE S', 'E', 'N', 0, 0, 0, 0, 0, 'SS'),
('C1S', 'CLASSE 1', 'E', 'N', 0, 0, 0, 0, 0, 'SS'),
('C2S', 'CLASSE 2', 'E', 'R', 0, 0, 0, 0, 0, 'SS'),
('C3S', 'CLASSE 3', 'E', 'R', 0, 0, 0, 0, 0, 'SS'),
('C4S', 'CLASSE 4', 'E', 'N', 0, 0, 0, 0, 0, 'SS'),
('C5S', 'CLASSE 5', 'E', 'N', 0, 0, 0, 0, 0, 'SS'),
('CST', 'CLASSE S', 'E', 'N', 0, 0, 0, 0, 0, 'ST'),
('C1T', 'CLASSE 1', 'E', 'N', 0, 0, 0, 0, 0, 'ST'),
('C2T', 'CLASSE 2', 'E', 'R', 0, 0, 0, 0, 0, 'ST'),
('C3T', 'CLASSE 3', 'E', 'R', 0, 0, 0, 0, 0, 'ST'),
('C4T', 'CLASSE 4', 'E', 'N', 0, 0, 0, 0, 0, 'ST'),
('C5T', 'CLASSE 5', 'E', 'N', 0, 0, 0, 0, 0, 'ST'),
('CSU', 'CLASSE S', 'E', 'N', 0, 0, 0, 0, 0, 'SU'),
('C1U', 'CLASSE 1', 'E', 'N', 0, 0, 0, 0, 0, 'SU'),
('CU2', 'CLASSE 2', 'E', 'R', 0, 0, 0, 0, 0, 'SU'),
('C3U', 'CLASSE 3', 'E', 'R', 0, 0, 0, 0, 0, 'SU'),
('C4U', 'CLASSE 4', 'E', 'N', 0, 0, 0, 0, 0, 'SU'),
('C5U', 'CLASSE 5', 'E', 'N', 0, 0, 0, 0, 0, 'SU'),
('CSW', 'CLASSE S', 'E', 'N', 0, 0, 0, 0, 0, 'SW'),
('C1W', 'CLASSE 1', 'E', 'N', 0, 0, 0, 0, 0, 'SW'),
('C2W', 'CLASSE 2', 'E', 'R', 0, 0, 0, 0, 0, 'SW'),
('C3W', 'CLASSE 3', 'E', 'R', 0, 0, 0, 0, 0, 'SW'),
('C4W', 'CLASSE 4', 'E', 'R', 0, 0, 0, 0, 0, 'SW'),
('C5W', 'CLASSE 5', 'E', 'N', 0, 0, 0, 0, 0, 'SW'),
('CSX', 'CLASSE S', 'E', 'N', 0, 0, 0, 0, 0, 'SX'),
('C1X', 'CLASSE 1', 'E', 'N', 0, 0, 0, 0, 0, 'SX'),
('C2X', 'CLASSE 2', 'E', 'R', 0, 0, 0, 0, 0, 'SX'),
('C3X', 'CLASSE 3', 'E', 'R', 0, 0, 0, 0, 0, 'SX'),
('C4X', 'CLASSE 4', 'E', 'N', 0, 0, 0, 0, 0, 'SX'),
('C5X', 'CLASSE 5', 'E', 'N', 0, 0, 0, 0, 0, 'SX'),
('CSV', 'CLASSE S', 'E', 'N', 0, 0, 0, 0, 0, 'SV'),
('C1V', 'CLASSE 1', 'E', 'N', 0, 0, 0, 0, 0, 'SV'),
('C2V', 'CLASSE 2', 'E', 'R', 0, 0, 0, 0, 0, 'SV'),
('C3V', 'CLASSE 3', 'E', 'R', 0, 0, 0, 0, 0, 'SV'),
('C4V', 'CLASSE 4', 'E', 'N', 0, 0, 0, 0, 0, 'SV'),
('C5V', 'CLASSE 5', 'E', 'N', 0, 0, 0, 0, 0, 'SV'),
('CSY', 'CLASSE S', 'E', 'N', 0, 0, 0, 0, 0, 'SY'),
('C1Y', 'CLASSE 1', 'E', 'N', 0, 0, 0, 0, 0, 'SY'),
('C2Y', 'CLASSE 2', 'E', 'N', 0, 0, 0, 0, 0, 'SY'),
('C3Y', 'CLASSE 3', 'E', 'R', 0, 0, 0, 0, 0, 'SY'),
('C4Y', 'CLASSE 4', 'E', 'R', 0, 0, 0, 0, 0, 'SY'),
('C5Y', 'CLASSE 5', 'E', 'R', 0, 0, 0, 0, 0, 'SY'),
('C1-1', 'CLASSE 1', 'H', 'N', 0, 0, 0, 0, 0, 'S1'),
('C2-1', 'CLASSE 2', 'H', 'N', 0, 0, 0, 0, 0, 'S1'),
('C3-1', 'CLASSE 3', 'H', 'N', 0, 0, 0, 0, 0, 'S1'),
('C4-1', 'CLASSE 4', 'H', 'N', 0, 0, 0, 0, 0, 'S1'),
('C5-1', 'CLASSE 5', 'H', 'N', 0, 0, 0, 0, 0, 'S1'),
('C6-1', 'CLASSE 6', 'H', 'N', 0, 0, 0, 0, 0, 'S1'),
('C1-2', 'CLASSE 1', 'H', 'N', 0, 0, 0, 0, 0, 'S2'),
('C2-2', 'CLASSE 2', 'H', 'N', 0, 0, 0, 0, 0, 'S2'),
('C3-2', 'CLASSE 3', 'H', 'N', 0, 0, 0, 0, 0, 'S2'),
('C4-2', 'CLASSE 4', 'H', 'N', 0, 0, 0, 0, 0, 'S2'),
('C5-2', 'CLASSE 5', 'H', 'N', 0, 0, 0, 0, 0, 'S2'),
('C6-2', 'CLASSE 6', 'H', 'N', 0, 0, 0, 0, 0, 'S2'),
('C1-3', 'CLASSE 1', 'H', 'N', 0, 0, 0, 0, 0, 'S3'),
('C2-3', 'CLASSE 2', 'H', 'N', 0, 0, 0, 0, 0, 'S3'),
('C3-3', 'CLASSE 3', 'H', 'N', 0, 0, 0, 0, 0, 'S3'),
('C4-3', 'CLASSE 4', 'H', 'N', 0, 0, 0, 0, 0, 'S3'),
('C5-3', 'CLASSE 5', 'H', 'N', 0, 0, 0, 0, 0, 'S3'),
('C6-3', 'CLASSE 6', 'H', 'N', 0, 0, 0, 0, 0, 'S3'),
('C1-4', 'CLASSE 1', 'H', 'N', 0, 0, 0, 0, 0, 'S4'),
('C2-4', 'CLASSE 2', 'H', 'N', 0, 0, 0, 0, 0, 'S4'),
('C3-4', 'CLASSE 3', 'H', 'N', 0, 0, 0, 0, 0, 'S4'),
('4-4', 'CLASSE 4', 'H', 'N', 0, 0, 0, 0, 0, 'S4'),
('C5-4', 'CLASSE 5', 'H', 'N', 0, 0, 0, 0, 0, 'S4'),
('C6-4', 'CLASSE 6', 'H', 'N', 0, 0, 0, 0, 0, 'S4'),
('C1-5', 'CLASSE 1', 'H', 'N', 0, 0, 0, 0, 0, 'S5'),
('C2-5', 'CLASSE 2', 'H', 'N', 0, 0, 0, 0, 0, 'S5'),
('C3-5', 'CLASSE 3', 'H', 'N', 0, 0, 0, 0, 0, 'S5'),
('C4-5', 'CLASSE 4', 'H', 'N', 0, 0, 0, 0, 0, 'S5'),
('C5-5', 'CLASSE 5', 'H', 'N', 0, 0, 0, 0, 0, 'S5'),
('C1-6', 'CLASSE 1', 'H', 'N', 0, 0, 0, 0, 0, 'S6'),
('C3-6', 'CLASSE 3', 'H', 'N', 0, 0, 0, 0, 0, 'S6'),
('C4-4', 'CLASSE 4', 'H', 'N', 0, 0, 0, 0, 0, 'S4'),
('C6-5', 'CLASSE 6', 'H', 'N', 0, 0, 0, 0, 0, 'S5'),
('C4-6', 'CLASSE 4', 'H', 'N', 0, 0, 0, 0, 0, 'S6'),
('C5-6', 'CLASSE 5', 'H', 'N', 0, 0, 0, 0, 0, 'S6'),
('C6-6', 'CLASSE 6', 'H', 'N', 0, 0, 0, 0, 0, 'S6'),
('C1-7', 'CLASSE 1', 'H', 'N', 0, 0, 0, 0, 0, 'S7'),
('C3-7', 'CLASSE 3', 'H', 'N', 0, 0, 0, 0, 0, 'S7'),
('C2-7', 'CLASSE 2', 'H', 'N', 0, 0, 0, 0, 0, 'S7'),
('C2-6', 'CLASSE 2', 'H', 'N', 0, 0, 0, 0, 0, 'S6'),
('C4-7', 'CLASSE 4', 'H', 'N', 0, 0, 0, 0, 0, 'S7'),
('C5-7', 'CLASSE 5', 'H', 'N', 0, 0, 0, 0, 0, 'S7'),
('C6-7', 'CLASSE 6', 'H', 'N', 0, 0, 0, 0, 0, 'S7'),
('C1-8', 'CLASSE 1', 'H', 'N', 0, 0, 0, 0, 0, 'S8'),
('C2-8', 'CLASSE 2', 'H', 'N', 0, 0, 0, 0, 0, 'S8'),
('C3-8', 'CLASSE 3', 'H', 'N', 0, 0, 0, 0, 0, 'S8'),
('C4-8', 'CLASSE 4', 'H', 'R', 0, 0, 0, 0, 0, 'S8'),
('C5-8', 'CLASSE 5', 'H', 'N', 0, 0, 0, 0, 0, 'S8'),
('C6-8', 'CLASSE 6', 'H', 'N', 0, 0, 0, 0, 0, 'S8'),
('C1-9', 'CLASSE 1', 'H', 'N', 0, 0, 0, 0, 0, 'S9'),
('C2-9', 'CLASSE 2', 'H', 'N', 0, 0, 0, 0, 0, 'S9'),
('C3-9', 'CLASSE 3', 'H', 'N', 0, 0, 0, 0, 0, 'S9'),
('C4-9', 'CLASSE 4', 'H', 'N', 0, 0, 0, 0, 0, 'S9'),
('C5-9', 'CLASSE 5', 'H', 'N', 0, 0, 0, 0, 0, 'S9'),
('C6-9', 'CLASSE 6', 'H', 'N', 0, 0, 0, 0, 0, 'S9'),
('C1-10', 'CLASSE 1', 'H', 'N', 0, 0, 0, 0, 0, 'S10'),
('C2-10', 'CLASSE 2', 'H', 'N', 0, 0, 0, 0, 0, 'S10'),
('C3-10', 'CLASSE 3', 'H', 'N', 0, 0, 0, 0, 0, 'S10'),
('C4-10', 'CLASSE 4', 'H', 'N', 0, 0, 0, 0, 0, 'S10'),
('C5-10', 'CLASSE 5', 'H', 'N', 0, 0, 0, 0, 0, 'S10'),
('C6-10', 'CLASSE 6', 'H', 'N', 0, 0, 0, 0, 0, 'S10'),
('C1-11', 'CLASSE 1', 'H', 'R', 0, 0, 0, 0, 0, 'S11'),
('C2-11', 'CLASSE 2', 'H', 'N', 0, 0, 0, 0, 0, 'S11'),
('C3-11', 'CLASSE 3', 'H', 'N', 0, 0, 0, 0, 0, 'S11'),
('C4-11', 'CLASSE 4', 'H', 'N', 0, 0, 0, 0, 0, 'S11'),
('C5-11', 'CLASSE 5', 'H', 'N', 0, 0, 0, 0, 0, 'S11'),
('C6-11', 'CLASSE 6', 'H', 'N', 0, 0, 0, 0, 0, 'S11'),
('C1-12', 'CLASSE 1', 'H', 'N', 0, 0, 0, 0, 0, 'S12'),
('C2-12', 'CLASSE 2', 'H', 'N', 0, 0, 0, 0, 0, 'S12'),
('C3-12', 'CLASSE 3', 'H', 'N', 0, 0, 0, 0, 0, 'S12'),
('C4-12', 'CLASSE 4', 'H', 'N', 0, 0, 0, 0, 0, 'S12'),
('C5-12', 'CLASSE 5', 'H', 'N', 0, 0, 0, 0, 0, 'S12'),
('C6-12', 'CLASSE 6', 'H', 'N', 0, 0, 0, 0, 0, 'S12'),
('C1-13', 'CLASSE 1', 'H', 'N', 0, 0, 0, 0, 0, 'S13'),
('C2-13', 'CLASSE 2', 'H', 'N', 0, 0, 0, 0, 0, 'S13'),
('C3-13', 'CLASSE 3', 'H', 'N', 0, 0, 0, 0, 0, 'S13'),
('C4-13', 'CLASSE 4', 'H', 'N', 0, 0, 0, 0, 0, 'S13'),
('C5-13', 'CLASSE 5', 'H', 'N', 0, 0, 0, 0, 0, 'S13'),
('C6-13', 'CLASSE 6', 'H', 'N', 0, 0, 0, 0, 0, 'S13'),
('C1-14', 'CLASSE 1', 'H', 'N', 0, 0, 0, 0, 0, 'S14'),
('C2-14', 'CLASSE 2', 'H', 'N', 0, 0, 0, 0, 0, 'S14'),
('C3-14', 'CLASSE 3', 'H', 'N', 0, 0, 0, 0, 0, 'S14'),
('C4-14', 'CLASSE 4', 'H', 'N', 0, 0, 0, 0, 0, 'S14'),
('C5-14', 'CLASSE 5', 'H', 'N', 0, 0, 0, 0, 0, 'S14'),
('C6-14', 'CLASSE 6', 'H', 'N', 0, 0, 0, 0, 0, 'S14'),
('C1-15', 'CLASSE 1', 'H', 'N', 0, 0, 0, 0, 0, 'S15'),
('C2-15', 'CLASSE 2', 'H', 'N', 0, 0, 0, 0, 0, 'S15'),
('C3-15', 'CLASSE 3', 'H', 'N', 0, 0, 0, 0, 0, 'S15'),
('C4-15', 'CLASSE 4', 'H', 'N', 0, 0, 0, 0, 0, 'S15'),
('C5-15', 'CLASSE 5', 'H', 'N', 0, 0, 0, 0, 0, 'S15'),
('C6-15', 'CLASSE 6', 'H', 'N', 0, 0, 0, 0, 0, 'S15'),
('C1-16', 'CLASSE 1', 'H', 'N', 0, 0, 0, 0, 0, 'S16'),
('C2-16', 'CLASSE 2', 'H', 'N', 0, 0, 0, 0, 0, 'S16'),
('C3-16', 'CLASSE 3', 'H', 'N', 0, 0, 0, 0, 0, 'S16'),
('C4-16', 'CLASSE 4', 'H', 'N', 0, 0, 0, 0, 0, 'S16'),
('C5-16', 'CLASSE 5', 'H', 'N', 0, 0, 0, 0, 0, 'S16'),
('C6-16', 'CLASSE 6', 'H', 'N', 0, 0, 0, 0, 0, 'S16'),
('C1-17', 'CLASSE 1', 'H', 'N', 0, 0, 0, 0, 0, 'S17'),
('C2-17', 'CLASSE 2', 'H', 'N', 0, 0, 0, 0, 0, 'S17'),
('C3-17', 'CLASSE 3', 'H', 'N', 0, 0, 0, 0, 0, 'S17'),
('C4-17', 'CLASSE 4', 'H', 'N', 0, 0, 0, 0, 0, 'S17'),
('C5-17', 'CLASSE 5', 'H', 'N', 0, 0, 0, 0, 0, 'S17'),
('C6-17', 'CLASSE 6', 'H', 'N', 0, 0, 0, 0, 0, 'S17'),
('C1-18', 'CLASSE 1', 'H', 'N', 0, 0, 0, 0, 0, 'S18'),
('C2-18', 'CLASSE 2', 'H', 'N', 0, 0, 0, 0, 0, 'S18'),
('C3-18', 'CLASSE 3', 'H', 'N', 0, 0, 0, 0, 0, 'S18'),
('C4-18', 'CLASSE 4', 'H', 'N', 0, 0, 0, 0, 0, 'S18'),
('C5-18', 'CLASSE 5', 'H', 'N', 0, 0, 0, 0, 0, 'S18'),
('C6-18', 'CLASSE 6', 'H', 'N', 0, 0, 0, 0, 0, 'S18'),
('C1-19', 'CLASSE 1', 'H', 'N', 0, 0, 0, 0, 0, 'S19'),
('C2-19', 'CLASSE 2', 'H', 'N', 0, 0, 0, 0, 0, 'S19'),
('C3-19', 'CLASSE 3', 'H', 'N', 0, 0, 0, 0, 0, 'S19'),
('C4-19', 'CLASSE 4', 'H', 'N', 0, 0, 0, 0, 0, 'S19'),
('C5-19', 'CLASSE 5', 'H', 'N', 0, 0, 0, 0, 0, 'S19'),
('C6-19', 'CLASSE 6', 'H', 'N', 0, 0, 0, 0, 0, 'S19'),
('C1-20', 'CLASSE 1', 'H', 'N', 0, 0, 0, 0, 0, 'S20'),
('C2-20', 'CLASSE 2', 'H', 'N', 0, 0, 0, 0, 0, 'S20'),
('C3-20', 'CLASSE 3', 'H', 'N', 0, 0, 0, 0, 0, 'S20'),
('C4-20', 'CLASSE 4', 'H', 'N', 0, 0, 0, 0, 0, 'S20'),
('C5-20', 'CLASSE 5', 'H', 'N', 0, 0, 0, 0, 0, 'S20'),
('C6-20', 'CLASSE 6', 'H', 'N', 0, 0, 0, 0, 0, 'S20'),
('C1-21', 'CLASSE 1', 'H', 'N', 0, 0, 0, 0, 0, 'S21'),
('C2-21', 'CLASSE 2', 'H', 'N', 0, 0, 0, 0, 0, 'S21'),
('C3-21', 'CLASSE 3', 'H', 'N', 0, 0, 0, 0, 0, 'S21'),
('C4-21', 'CLASSE 4', 'H', 'N', 0, 0, 0, 0, 0, 'S21'),
('C5-21', 'CLASSE 5', 'H', 'N', 0, 0, 0, 0, 0, 'S21'),
('C6-21', 'CLASSE 6', 'H', 'N', 0, 0, 0, 0, 0, 'S21'),
('C1-22', 'CLASSE 1', 'H', 'N', 0, 0, 0, 0, 0, 'S22'),
('C2-22', 'CLASSE 2', 'H', 'N', 0, 0, 0, 0, 0, 'S22'),
('C3-22', 'CLASSE 3', 'H', 'N', 0, 0, 0, 0, 0, 'S22'),
('C4-22', 'CLASSE 4', 'H', 'N', 0, 0, 0, 0, 0, 'S22'),
('C5-22', 'CLASSE 5', 'H', 'N', 0, 0, 0, 0, 0, 'S22'),
('C6-22', 'CLASSE 6', 'H', 'N', 0, 0, 0, 0, 0, 'S22'),
('C1-23', 'CLASSE 1', 'H', 'N', 0, 0, 0, 0, 0, 'S23'),
('C2-23', 'CLASSE 2', 'H', 'N', 0, 0, 0, 0, 0, 'S23'),
('C3-23', 'CLASSE 3', 'H', 'N', 0, 0, 0, 0, 0, 'S23'),
('C4-23', 'CLASSE 4', 'H', 'N', 0, 0, 0, 0, 0, 'S23'),
('C5-23', 'CLASSE 5', 'H', 'N', 0, 0, 0, 0, 0, 'S23'),
('C6-23', 'CLASSE 6', 'H', 'N', 0, 0, 0, 0, 0, 'S23'),
('C1-24', 'CLASSE 1', 'H', 'N', 0, 0, 0, 0, 0, 'S24'),
('C2-24', 'CLASSE 2', 'H', 'N', 0, 0, 0, 0, 0, 'S24'),
('C3-24', 'CLASSE 3', 'H', 'N', 0, 0, 0, 0, 0, 'S24'),
('C4-24', 'CLASSE 4', 'H', 'N', 0, 0, 0, 0, 0, 'S24'),
('C5-24', 'CLASSE 5', 'H', 'N', 0, 0, 0, 0, 0, 'S24'),
('C6-24', 'CLASSE 6', 'H', 'N', 0, 0, 0, 0, 0, 'S24'),
('CS-B1', 'CLASSE S', 'A', 'N', 0, 0, 0, 0, 0, 'B1'),
('C1-B1', 'CLASSE 1', 'A', 'N', 0, 0, 0, 0, 0, 'B1'),
('C2-B1', 'CLASSE 2', 'A', 'N', 0, 0, 0, 0, 0, 'B1'),
('C3-B1', 'CLASSE 3', 'A', 'N', 0, 0, 0, 0, 0, 'B1'),
('C4-B1', 'CLASSE 4', 'A', 'N', 0, 0, 0, 0, 0, 'B1'),
('C5-B1', 'CLASSE 5', 'A', 'N', 0, 0, 0, 0, 0, 'B1'),
('C1-B2', 'CLASSE 1', 'A', 'N', 0, 0, 0, 0, 0, 'B2'),
('C2-B2', 'CLASSE 2', 'A', 'N', 0, 0, 0, 0, 0, 'B2'),
('C3-B2', 'CLASSE 3', 'A', 'N', 0, 0, 0, 0, 0, 'B2'),
('C4-B2', 'CLASSE 4', 'A', 'N', 0, 0, 0, 0, 0, 'B2'),
('CS-B3', 'CLASSE S', 'A', 'N', 0, 0, 0, 0, 0, 'B3'),
('C1-B3', 'CLASSE 1', 'A', 'N', 0, 0, 0, 0, 0, 'B3'),
('C2-B3', 'CLASSE 2', 'A', 'N', 0, 0, 0, 0, 0, 'B3'),
('C3-B3', 'CLASSE 3', 'A', 'N', 0, 0, 0, 0, 0, 'B3'),
('C4-B3', 'CLASSE 4', 'A', 'N', 0, 0, 0, 0, 0, 'B3'),
('C5-B3', 'CLASSE 5', 'A', 'N', 0, 0, 0, 0, 0, 'B3'),
('C1-B4', 'CLASSE 1', 'A', 'N', 0, 0, 0, 0, 0, 'B4'),
('C2-B4', 'CLASSE 2', 'A', 'N', 0, 0, 0, 0, 0, 'B4'),
('C3-B4', 'CLASSE 3', 'A', 'N', 0, 0, 0, 0, 0, 'B4'),
('C4-B4', 'CLASSE 4', 'A', 'N', 0, 0, 0, 0, 0, 'B4'),
('C5-B4', 'CLASSE 5', 'A', 'N', 0, 0, 0, 0, 0, 'B4'),
('C1-B5', 'CLASSE 1', 'A', 'N', 0, 0, 0, 0, 0, 'B5'),
('C2-B5', 'CLASSE 2', 'A', 'N', 0, 0, 0, 0, 0, 'B5'),
('C3-B5', 'CLASSE 3', 'A', 'N', 0, 0, 0, 0, 0, 'B5'),
('C4-B5', 'CLASSE 4', 'A', 'N', 0, 0, 0, 0, 0, 'B5'),
('CS-B6', 'CLASSE S', 'A', 'N', 0, 0, 0, 0, 0, 'B6'),
('C1-B6', 'CLASSE 1', 'A', 'N', 0, 0, 0, 0, 0, 'B6'),
('C2-B6', 'CLASSE 2', 'A', 'N', 0, 0, 0, 0, 0, 'B6'),
('C3-B6', 'CLASSE 3', 'A', 'N', 0, 0, 0, 0, 0, 'B6'),
('C4-B6', 'CLASSE 4', 'A', 'N', 0, 0, 0, 0, 0, 'B6'),
('C5-B6', 'CLASSE 5', 'A', 'N', 0, 0, 0, 0, 0, 'B6'),
('C1-B7', 'CLASSE 1', 'A', 'N', 0, 0, 0, 0, 0, 'B7'),
('C2-B7', 'CLASSE 2', 'A', 'N', 0, 0, 0, 0, 0, 'B7'),
('C3-B7', 'CLASSE 3', 'A', 'N', 0, 0, 0, 0, 0, 'B7'),
('C4-B7', 'CLASSE 4', 'A', 'N', 0, 0, 0, 0, 0, 'B7'),
('C5-B7', 'CLASSE 5', 'A', 'N', 0, 0, 0, 0, 0, 'B7'),
('CS-B8', 'CLASSE S', 'A', 'N', 0, 0, 0, 0, 0, 'B8'),
('C1-B8', 'CLASSE 1', 'A', 'N', 0, 0, 0, 0, 0, 'B8'),
('C2-B8', 'CLASSE 2', 'A', 'N', 0, 0, 0, 0, 0, 'B8'),
('C3-B8', 'CLASSE 3', 'A', 'N', 0, 0, 0, 0, 0, 'B8'),
('C4-B8', 'CLASSE 4', 'A', 'N', 0, 0, 0, 0, 0, 'B8'),
('C1-B9', 'CLASSE 1', 'A', 'N', 0, 0, 0, 0, 0, 'B9'),
('C2-B9', 'CLASSE 2', 'A', 'N', 0, 0, 0, 0, 0, 'B9'),
('C3-B9', 'CLASSE 3', 'A', 'N', 0, 0, 0, 0, 0, 'B9'),
('C4-B9', 'CLASSE 4', 'A', 'N', 0, 0, 0, 0, 0, 'B9'),
('C1-B10', 'CLASSE 1', 'A', 'N', 0, 0, 0, 0, 0, 'B10'),
('C2-B10', 'CLASSE 2', 'A', 'N', 0, 0, 0, 0, 0, 'B10'),
('C3-B10', 'CLASSE 3', 'A', 'N', 0, 0, 0, 0, 0, 'B10'),
('C4-B10', 'CLASSE 4', 'A', 'N', 0, 0, 0, 0, 0, 'B10'),
('C5-B10', 'CLASSE 5', 'A', 'N', 0, 0, 0, 0, 0, 'B10');

-- --------------------------------------------------------

--
-- Table structure for table `cotis`
--

CREATE TABLE `cotis` (
  `id` int(11) NOT NULL,
  `ENTREPRISE` varchar(250) DEFAULT NULL,
  `banque` varchar(2) DEFAULT NULL,
  `date_paim` date NOT NULL DEFAULT current_timestamp(),
  `type_paiement` varchar(35) NOT NULL,
  `num_recu_cotis` int(11) NOT NULL,
  `Num_cheque` varchar(35) NOT NULL,
  `montant` int(5) DEFAULT NULL,
  `lieu` varchar(5) DEFAULT NULL,
  `ANNEE` year(4) DEFAULT NULL,
  `id_entre` int(11) NOT NULL
) ENGINE=InnoDB DEFAULT CHARSET=utf8 COLLATE=utf8_general_ci;

--
-- Dumping data for table `cotis`
--

INSERT INTO `cotis` (`id`, `ENTREPRISE`, `banque`, `date_paim`, `type_paiement`, `num_recu_cotis`, `Num_cheque`, `montant`, `lieu`, `ANNEE`, `id_entre`) VALUES
(5, 'EMB', 'BM', '2023-02-25', 'cheque', 20233, 'TAB3357995', 50000, 'RABAT', 2023, 60),
(6, 'CAP TP', 'SG', '2023-02-28', 'cheque', 0, 'KEY 0346348', 20000, 'RABAT', 2023, 451),
(7, 'EDI MAROC- LES EDIFICES MAROCAINS-', 'AB', '2023-03-06', 'cheque', 0, 'AVF343905', 3000, 'RABAT', 2023, 26),
(8, 'CATER ', 'AB', '2023-05-09', 'cheque', 0, 'AVS 713483', 20000, 'RABAT', 2023, 91),
(9, 'COPREF', 'BP', '2023-03-30', 'cheque', 0, 'AVC1300064', 20000, 'RABAT', 2023, 562),
(10, 'MAGHREB NET RTABI', 'CA', '2023-05-17', 'cheque', 0, 'BNB8403804', 40000, 'RABAT', 2023, 150),
(11, 'TRAMCO (TRAVAUX D\'AMENAGEMENT ET DE CONSTRUCTION)', 'AB', '2023-05-22', 'cheque', 0, 'AVE637849', 10000, 'RABAT', 2023, 57),
(12, 'ETP (ENTREPRISE DE TOUTES PRESTATIONS)', 'SG', '2023-03-14', 'cheque', 0, 'ABY6178725', 6000, 'TEMAR', 2023, 310),
(13, 'COBATIP', 'BP', '2023-05-26', 'cheque', 0, 'ADI1800169', 2000, 'KENIT', 2023, 561);

-- --------------------------------------------------------

--
-- Table structure for table `direction`
--

CREATE TABLE `direction` (
  `Code` varchar(1) NOT NULL,
  `nom` varchar(45) NOT NULL
) ENGINE=InnoDB DEFAULT CHARSET=utf8mb4 COLLATE=utf8mb4_general_ci;

--
-- Dumping data for table `direction`
--

INSERT INTO `direction` (`Code`, `nom`) VALUES
('N', 'National'),
('R', 'Regional');

-- --------------------------------------------------------

--
-- Table structure for table `dossiersociete`
--

CREATE TABLE `dossiersociete` (
  `registre` int(11) DEFAULT NULL,
  `numcertif` varchar(11) NOT NULL,
  `mini` varchar(2) NOT NULL
) ENGINE=InnoDB DEFAULT CHARSET=utf8mb4 COLLATE=utf8mb4_general_ci;

--
-- Dumping data for table `dossiersociete`
--

INSERT INTO `dossiersociete` (`registre`, `numcertif`, `mini`) VALUES
(345, 'RT/2956', 'E'),
(345, 'R8/585', 'H'),
(2, 'RA/10', 'E'),
(577, 'RA/1075', 'E'),
(57, 'RA/111', 'E'),
(578, 'RA/112', 'E'),
(328, 'RA/121', 'E'),
(579, '	RA/1267', 'E'),
(580, 'RA/1553', 'E'),
(581, 'RA/1304', 'E'),
(582, '	RA/1685', 'E'),
(49, '	RA/2', 'E'),
(585, 'RA/267', 'E'),
(51, 'RA/28', 'E'),
(587, ' RA/41', 'E'),
(588, '	RA/560', 'E'),
(60, '	RA/770', 'E'),
(589, '	RA/93', 'E'),
(590, '	RA/1122', 'E'),
(128, '	RA/117', 'E'),
(513, 'RA/1172', 'E'),
(591, 'RA/1185', 'E'),
(592, 'RA/1235', 'E'),
(593, 'RA/1285', 'E'),
(594, 'RA/1299', 'E'),
(595, 'RA/1318', 'E'),
(596, '	RA/1416', 'E'),
(597, 'RA/1451', 'E'),
(598, '	RA/1460', 'E'),
(599, '	RA/1470', 'E'),
(600, 'RA/1504', 'E'),
(601, '	RA/1525', 'E'),
(602, 'RA/1539', 'E'),
(603, 'RA/1625', 'E'),
(604, '42241', 'E'),
(605, 'RA/1667', 'E'),
(606, 'RA/1729', 'E'),
(287, 'RA/190', 'E'),
(607, 'RA/1676', 'E'),
(23, 'RA/207', 'E'),
(38, 'RA/23', 'E'),
(608, 'RA/233', 'E'),
(124, 'RA/25', 'E'),
(179, 'RA/257', 'E'),
(323, 'RA/282', 'E'),
(149, 'RA/290', 'E'),
(147, 'RA/302', 'E'),
(150, 'RA/441', 'E'),
(460, '	RA/461', 'E'),
(429, 'RA/469', 'E'),
(3, 'RA/481', 'E'),
(271, 'RA/483', 'E'),
(373, 'RA/51', 'E'),
(359, 'RA/522', 'E'),
(118, 'RA/53', 'E'),
(267, 'RA/603', 'E'),
(306, 'RA/646', 'E'),
(268, 'RA/648', 'E'),
(91, 'RA/65', 'E'),
(524, 'RA/672', 'E'),
(167, 'RA/715', 'E'),
(390, 'RA/804', 'E'),
(369, 'RA/843', 'E'),
(495, 'RA/867', 'E'),
(383, 'RA/874', 'E'),
(22, 'RA/97', 'E'),
(10, 'RA/99', 'E'),
(609, 'SL/66', 'E'),
(610, 'SL/7', 'E'),
(611, 'TM/159', 'E'),
(612, 'RA/447', 'E'),
(189, 'RA/535', 'E'),
(48, '	RA/54', 'E'),
(329, 'RA/55', 'E'),
(228, 'RA/601', 'E'),
(208, 'RA/160', 'E'),
(476, 'RA/322', 'E'),
(503, 'RA/1155', 'E'),
(553, 'RA/909', 'E'),
(613, 'RA/1628', 'E'),
(451, 'RA/1053', 'E'),
(614, 'RA/1445', 'E'),
(615, 'RA/00', 'E'),
(616, 'RA/00', 'E'),
(617, 'RA/00', 'E'),
(618, 'RA/703', 'E'),
(463, 'RA/00', 'E'),
(619, 'RA/1505', 'E'),
(620, 'RA/1325', 'E'),
(547, 'RA/1173', 'E'),
(621, 'RA/1583', 'E'),
(622, 'RA/1748', 'E'),
(623, 'RA/329', 'E'),
(433, 'RA/836', 'E'),
(371, 'RA/1117', 'E'),
(447, 'RA/1017', 'E'),
(257, 'RA/104', 'E'),
(628, 'RA/1133', 'E'),
(624, 'RA/1361', 'E'),
(629, 'RA/1136', 'E'),
(631, 'RA/1011', 'E'),
(627, 'RA/00', 'E'),
(632, 'RA/1064', 'E'),
(633, 'RA/1248', 'E'),
(634, 'RA/1112', 'E'),
(556, 'RA/1417', 'E'),
(635, 'RA/00', 'E'),
(636, 'RA/1465', 'E'),
(626, 'RA/1118', 'E'),
(637, 'RA/00', 'E'),
(638, 'RA/00', 'E'),
(640, 'RA/1386', 'E'),
(320, 'RA/756', 'E'),
(641, 'RA/1221', 'E'),
(642, 'RA/1433', 'E'),
(643, 'RA/00', 'E'),
(381, 'RA/148', 'E'),
(121, 'RA/144', 'E'),
(563, 'RA/1651', 'E'),
(644, 'RA/00', 'E'),
(645, 'RA/1413', 'E'),
(646, 'RA/1592', 'E'),
(259, 'RA/606', 'E'),
(647, 'RA/1681', 'E'),
(648, 'RA/00', 'E'),
(649, 'RA/1406', 'E'),
(650, 'RA/00', 'E'),
(651, 'RA/1575', 'E'),
(652, 'RA/1765', 'E'),
(653, 'RA/00', 'E'),
(654, 'RA/1294', 'E'),
(655, 'RA/1432', 'E'),
(656, '93773', 'E'),
(657, 'RA/740', 'E'),
(360, 'RA/737', 'E'),
(658, 'RA/1521', 'E'),
(659, 'RA/00', 'E'),
(660, 'RA/1007', 'E'),
(661, 'RA/00', 'E'),
(662, 'RA/00', 'E'),
(663, 'RA/00', 'E'),
(486, 'RA/1084', 'E'),
(664, 'TM/32', 'E'),
(665, 'RA/00', 'E'),
(666, 'RA/00', 'E'),
(667, 'RA/00', 'E'),
(668, 'RA/00', 'E'),
(669, 'RA/1144', 'E'),
(670, 'RA/1468', 'E'),
(671, 'RA/00', 'E'),
(672, 'RA/00', 'E'),
(673, 'RA/1300', 'E'),
(674, 'RA/894', 'E'),
(675, 'RA/00', 'E'),
(676, 'RA/1673', 'E'),
(677, 'RA/00', 'E'),
(678, 'RA/00', 'E'),
(679, 'RA/1427', 'E'),
(680, 'RA/1762', 'E'),
(681, 'RA/00', 'E'),
(682, 'TM/19', 'E'),
(683, 'RA/00', 'E'),
(684, 'RA/00', 'E'),
(685, 'RA/1687', 'E'),
(686, 'RA/00', 'E'),
(687, 'RA/00', 'E'),
(688, 'RA/00', 'E'),
(689, 'RA/00', 'E'),
(7, 'RA/37', 'E'),
(690, 'RA/1350', 'E'),
(310, 'RA/720', 'E'),
(691, 'RA/1495', 'E'),
(692, 'RA/00', 'E'),
(405, 'RA/800', 'E'),
(351, 'RA/786', 'E'),
(694, 'RA/708', 'E'),
(695, 'RA/852', 'E'),
(696, 'RA/00', 'E'),
(697, 'RA/1422', 'E'),
(36, '199', 'H'),
(698, 'RA/218', 'E'),
(699, 'RA/00', 'E'),
(700, 'RA/00', 'E'),
(701, 'RA/00', 'E'),
(702, 'RA/00', 'E'),
(703, 'RA/1630', 'E'),
(704, 'TM/69', 'E'),
(469, 'RA/00', 'E'),
(146, 'RA/280', 'E'),
(705, 'RA/00', 'E'),
(706, 'RA/00', 'E'),
(707, 'RA/00', 'E'),
(708, 'RA/1549', 'E'),
(709, 'RA/00', 'E'),
(710, 'RA/00', 'E'),
(711, 'RA/1253', 'E'),
(319, 'RA/640', 'E'),
(712, 'RA/1584', 'E'),
(577, '1639', 'H'),
(713, '42', 'H'),
(3, '2443', 'H'),
(580, '101', 'H'),
(313, '180', 'H'),
(613, '2467', 'H'),
(495, '2473', 'H'),
(588, '762', 'H'),
(410, '2361', 'H'),
(714, 'RA/00', 'E'),
(600, '2051', 'H'),
(715, 'RA/00', 'E'),
(716, 'RA/685', 'E'),
(189, '980', 'H'),
(627, '2584', 'H'),
(717, 'RA/00', 'E'),
(718, 'RA/00', 'E'),
(719, 'RA/00', 'E'),
(720, 'RA/00', 'E'),
(721, 'RA/00', 'E'),
(722, 'RA/00', 'E'),
(723, 'RA/00', 'E'),
(133, '64', 'H'),
(184, '193', 'H'),
(725, 'RA/00', 'E'),
(726, 'RA/1661', 'E'),
(727, 'RA/00', 'E'),
(728, 'RA/1678', 'E'),
(630, 'RA/1517', 'E'),
(371, '1830', 'H'),
(121, '1977', 'H'),
(729, 'RA/1554', 'E'),
(730, 'RA/1484', 'E'),
(563, '2393', 'H'),
(731, 'RA/1453', 'E'),
(732, 'RA/820', 'E'),
(301, 'RA/704', 'E'),
(733, 'RA/00', 'E'),
(734, 'RA/00', 'E'),
(735, 'RA/944', 'E'),
(736, 'RA/00', 'E'),
(26, 'RA/1', 'E'),
(739, 'RA/00', 'E'),
(741, 'RA/00', 'E'),
(605, '2381', 'H'),
(626, '2391', 'H'),
(180, '153', 'H'),
(742, 'RA/00', 'E'),
(743, 'RA/1734', 'E'),
(744, 'RA/00', 'E'),
(745, 'RA/1049', 'E'),
(312, 'RA/73', 'E'),
(746, 'RA/00', 'E'),
(503, '1914', 'H'),
(747, 'RA/1758', 'E'),
(748, 'RA/1533', 'E'),
(749, 'RA/1238', 'E'),
(632, '1585', 'H'),
(750, 'RA/883', 'E'),
(751, 'RA/00', 'E'),
(752, 'RA/1680', 'E'),
(754, 'RA/1598', 'E'),
(755, 'RA/00', 'E'),
(756, 'RA/00', 'E'),
(757, 'RA/00', 'E'),
(562, 'KN/59', 'E'),
(562, '1060', 'H'),
(758, 'KN/382', 'E'),
(759, 'KN/233', 'E'),
(759, '792', 'H'),
(760, 'KN/372', 'E'),
(761, 'KN/00', 'E'),
(713, 'KN/9', 'E'),
(762, 'KN/260', 'E'),
(763, 'KN/00', 'E'),
(764, 'KN/307', 'E'),
(765, 'KN/6', 'E'),
(766, 'KN/00', 'E'),
(767, 'TF/5', 'E'),
(768, 'TF/00', 'E'),
(769, 'TF/00', 'E'),
(771, 'TF/00', 'E'),
(772, 'TF/00', 'E'),
(773, 'KM/00', 'E'),
(774, 'KM/117', 'E'),
(775, 'KM/00', 'E'),
(776, 'KM/00', 'E'),
(777, 'KM/109', 'E'),
(778, 'KM/124', 'E'),
(779, 'KM/90', 'E'),
(780, 'KM/136', 'E'),
(781, 'RA/00', 'E');

-- --------------------------------------------------------

--
-- Table structure for table `etat_demande`
--

CREATE TABLE `etat_demande` (
  `code` varchar(2) NOT NULL,
  `type_demande` varchar(45) NOT NULL
) ENGINE=InnoDB DEFAULT CHARSET=utf8mb4 COLLATE=utf8mb4_general_ci;

--
-- Dumping data for table `etat_demande`
--

INSERT INTO `etat_demande` (`code`, `type_demande`) VALUES
('EN', 'encore'),
('RF', 'refuse'),
('VD', 'valide');

-- --------------------------------------------------------

--
-- Table structure for table `fonction`
--

CREATE TABLE `fonction` (
  `id_fonction` int(11) NOT NULL,
  `fonction` varchar(35) NOT NULL
) ENGINE=InnoDB DEFAULT CHARSET=utf8mb4 COLLATE=utf8mb4_general_ci;

--
-- Dumping data for table `fonction`
--

INSERT INTO `fonction` (`id_fonction`, `fonction`) VALUES
(1, 'Gérant'),
(2, 'Co-Gérant'),
(3, 'Directeur Financier'),
(4, 'Bac+4'),
(5, 'Ingenieur'),
(6, 'PDG'),
(7, 'Neant'),
(8, 'Maitrise Sciences'),
(9, 'Directeur Technique'),
(10, 'Doctorat');

-- --------------------------------------------------------

--
-- Table structure for table `juridique`
--

CREATE TABLE `juridique` (
  `code` varchar(4) NOT NULL,
  `nom` varchar(31) DEFAULT NULL
) ENGINE=InnoDB DEFAULT CHARSET=utf8 COLLATE=utf8_general_ci;

--
-- Dumping data for table `juridique`
--

INSERT INTO `juridique` (`code`, `nom`) VALUES
('EI', 'ENTREPRISE INDIVIDUELLE'),
('PP', 'PERSONNE PHYSIQUE'),
('SA', 'SOCIETE ANONYME'),
('SARL', 'SOCIETE A RESPONSABILITE LIMITE'),
('SNC', 'SOCIETE AU NOM COLLECTIF');

-- --------------------------------------------------------

--
-- Table structure for table `ministere`
--

CREATE TABLE `ministere` (
  `code` varchar(2) NOT NULL,
  `nom` varchar(11) DEFAULT NULL
) ENGINE=InnoDB DEFAULT CHARSET=utf8mb4 COLLATE=utf8mb4_general_ci;

--
-- Dumping data for table `ministere`
--

INSERT INTO `ministere` (`code`, `nom`) VALUES
('A', 'Agriculture'),
('E', 'Equipement'),
('H', 'Habitat');

-- --------------------------------------------------------

--
-- Table structure for table `nature_dem`
--

CREATE TABLE `nature_dem` (
  `code` int(11) NOT NULL,
  `type_demande` varchar(45) NOT NULL
) ENGINE=InnoDB DEFAULT CHARSET=utf8mb4 COLLATE=utf8mb4_general_ci;

--
-- Dumping data for table `nature_dem`
--

INSERT INTO `nature_dem` (`code`, `type_demande`) VALUES
(1, 'EXAMEN'),
(2, 'REEXAMEN'),
(3, 'RENOUVELLEMENT A L IDENTIQUE'),
(4, 'RECLAMATION');

-- --------------------------------------------------------

--
-- Table structure for table `qualification`
--

CREATE TABLE `qualification` (
  `id` int(11) NOT NULL,
  `ministere` varchar(2) NOT NULL,
  `secteur` varchar(6) NOT NULL,
  `class` varchar(6) NOT NULL,
  `Provisoire` varchar(100) NOT NULL,
  `Définitive` varchar(100) NOT NULL,
  `id_Entreprise` int(11) NOT NULL
) ENGINE=InnoDB DEFAULT CHARSET=utf8mb4 COLLATE=utf8mb4_general_ci;

--
-- Dumping data for table `qualification`
--

INSERT INTO `qualification` (`id`, `ministere`, `secteur`, `class`, `Provisoire`, `Définitive`, `id_Entreprise`) VALUES
(1, 'E', 'SA', 'C4', 'A3;A4;', '', 345),
(2, 'H', 'S1', 'C2T', '1-2;', '1-3;', 345),
(3, 'E', 'SA', 'CSA', 'A4;A5;A6;', 'A1;A2;A3;', 2),
(4, 'E', 'SL', 'C1L', 'L3;L6;', 'L1;L4;L5;', 2),
(11, 'E', 'SB', 'CSB', '', 'B1;B11;B3;B4;B5;B6;', 577),
(12, 'E', 'SA', 'CSA', 'A4;A5;', 'A1;A2;A3;', 57),
(13, 'E', 'SN', 'C1N', 'N3;', 'N1;N2;', 57),
(14, 'E', 'SO', 'C1O', 'O2;', 'O1;', 57),
(15, 'E', 'SM', 'C2M', 'M1;', '', 57),
(16, 'E', 'SA', 'CSA', '', 'A1;A2;A3;A4;A5;', 578),
(17, 'E', 'SD', 'C1D', 'D7;D8;', 'D1;D2;D3;D6;', 578),
(18, 'E', 'SJ', 'C1J', '', 'J1;J2;J3;J4;J5;', 578),
(19, 'E', 'SK', 'C1K', '', 'K1;K4;K5;K6;K7;K8;', 578),
(20, 'E', 'SL', 'C1L', '', 'L1;L2;L3;L4;L5;L6;L7;L', 578),
(21, 'E', 'SM', 'C1M', '', 'M1;M2;M3;M4;', 578),
(22, 'E', 'SN', 'C1N', '', 'N1;N2;N3;N4;', 578),
(23, 'E', 'SO', 'C1O', '', 'O1;O2;', 578),
(24, 'E', 'SP', 'C1P', '', 'P1;P2;', 578),
(25, 'E', 'SQ', 'C1Q', '', 'Q1;Q2;', 578),
(26, 'E', 'SR', 'C1R', '', 'R1;R2;R3;R4;', 578),
(27, 'E', 'SS', 'C1S', '', 'S1;', 578),
(28, 'E', 'SX', 'C1X', 'X3;', 'X1;X2;', 578),
(29, 'E', 'SA', 'CSA', 'A4;A6;', 'A1;A2;A3;A5;', 328),
(30, 'E', 'SL', 'C1L', 'L2;L6;L8;', 'L1;L3;L4;L5;L7;', 328),
(31, 'E', 'SN', 'C1N', 'N2;N3;', 'N1;', 328),
(32, 'E', 'SO', 'C1O', 'O2;', 'O1;', 328),
(33, 'E', 'SP', 'C1P', '', 'P1;P2;', 328),
(34, 'E', 'SB', 'C4B', 'B3;', '', 328),
(35, 'E', 'SC', 'C4C', 'C1;C3;C5;', '', 328),
(36, 'E', 'SD', 'C4D', 'D1;D3;D6;', '', 328),
(37, 'E', 'SI', 'C5I', 'I1;I4;I6;I7;I8;', '', 328),
(38, 'E', 'SJ', 'C2J', 'J2;J3;J5;', '', 328),
(39, 'E', 'SK', 'C4K', 'K1;K4;K5;K6;K7;K8;', '', 328),
(41, 'E', 'SQ', 'C2Q', 'Q2;', '', 328),
(42, 'E', 'SR', 'C3R', 'R1;R2;R3;R4;', '', 328),
(43, 'E', 'SS', 'C3S', 'S1;', '', 328),
(44, 'E', 'ST', 'C3T', 'T1;', '', 328),
(45, 'E', 'SX', 'C3X', 'X2;X3;', '', 328),
(46, 'E', 'SY', 'C4Y', 'Y2;Y6;Y7;', '', 328),
(47, 'E', 'SA', 'CSA', 'A4;A6;A8;', 'A1;A2;A3;A5;', 579),
(48, 'E', 'SB', 'C2B', 'B6;', 'B1;B11;B3;B4;B5;', 579),
(49, 'E', 'SB', 'CSB', 'B11;B2;B', 'B1;B3;B4;B6;', 580),
(50, 'E', 'SC', 'C4C', 'C1;C3;C5;', '', 580),
(51, 'E', 'SB', 'CSB', 'B2;B5;', 'B1;B11;B3;B4;B6;', 581),
(52, 'E', 'SC', 'C4C', 'C1;C5;', 'C3;', 581),
(53, 'E', 'SB', 'CSB', 'B1;B11;B3;B4;B5;', 'B6;', 582),
(54, 'E', 'SA', 'CSA', 'A9;', 'A1;A2;A3;A4;A5;A6;A7;A', 49),
(55, 'E', 'SC', 'CSC', '', 'C1;C2;C3;C4;C5;', 49),
(56, 'E', 'SD', 'C1D', 'D4;D6;D8;', 'D1;D2;D3;', 49),
(57, 'E', 'SI', 'C2I', 'I3;I4;I5;I7;', 'I1;I2;I6;I8;', 49),
(58, 'E', 'SL', 'C1L', 'L2;L6;L7;L8;', 'L1;L3;L4;L5;', 49),
(59, 'E', 'SA', 'CSA', 'A4;A5;A6;', 'A1;A2;A3;', 585),
(60, 'E', 'SL', 'C1L', 'L2;L3;L6;L7;', 'L1;L4;L5;L8;', 585),
(61, 'E', 'SN', 'C1N', 'N2;N3;', 'N1;', 585),
(62, 'E', 'SO', 'C1O', 'O2;', 'O1;', 585),
(63, 'E', 'SP', 'C1P', '', 'P1;P2;', 585),
(64, 'E', 'SQ', 'C1Q', 'Q2;', 'Q1;', 585),
(65, 'E', 'SA', 'CSA', 'A4;A5;A6;', 'A1;A2;A3;', 51),
(66, 'E', 'SM', 'C1M', 'M2;M4;', 'M1;M3;', 51),
(67, 'E', 'SN', 'C1N', 'N2;N4;', 'N1;N3;', 51),
(68, 'E', 'SO', 'C1O', 'O2;', 'O1;', 51),
(69, 'E', 'SP', 'C1P', 'P2;', 'P1;', 51),
(70, 'E', 'SQ', 'C1Q', 'Q2;', 'Q1;', 51),
(71, 'E', 'SB', 'CSB', 'B7;B8;', 'B1;B11;B12;B2;B3;B4;B5', 587),
(72, 'E', 'SF', 'C3F', 'F1;F2;F3;F4;F5;F6;F7;', '', 587),
(73, 'E', 'SB', 'CSB', 'B12;B2;B3;', 'B1;B11;B4;B5;B6;', 588),
(74, 'E', 'SC', 'C1C', 'C2;C4;', 'C1;C3;', 588),
(75, 'E', 'SJ', 'C1J', 'J1;', 'J4;J5;J6;', 588),
(76, 'E', 'SO', 'C1O', 'O2;', 'O1;', 588),
(77, 'E', 'SA', 'CSA', '', 'A1;A2;A3;A4;A5;', 60),
(78, 'E', 'SJ', 'C1J', '', 'J1;J2;J5;', 60),
(79, 'E', 'SL', 'C1L', 'L2;L6;', 'L1;L3;L4;L5;L7;L8;', 60),
(80, 'E', 'SM', 'C1M', '', 'M1;M3;', 60),
(81, 'E', 'SN', 'C1N', '', 'N1;N2;N3;', 60),
(82, 'E', 'SO', 'C1O', '', 'O1;O2;', 60),
(83, 'E', 'SP', 'C1P', '', 'P1;P2;', 60),
(84, 'E', 'SQ', 'C1Q', '', 'Q1;Q2;', 60),
(85, 'E', 'SB', 'CSB', '', 'B1;B11;B2;B3;B4;B5;B6;', 589),
(86, 'E', 'SC', 'CSC', '', 'C1;C2;C3;C4;C5;', 589),
(87, 'E', 'SD', 'C1D', 'D3;D8;', 'D1;D2;', 589),
(88, 'E', 'SO', 'C1O', 'O2;', 'O1;', 589),
(89, 'E', 'SM', 'C1M', 'M2;M4;', 'M1;M3;', 590),
(90, 'E', 'ST', 'C3T', 'T1;', '', 590),
(91, 'E', 'SJ', 'C1J', 'J2;J3;J4;J5;', 'J1;', 128),
(92, 'E', 'SM', 'C1M', '', 'M1;M2;M3;M4;', 128),
(93, 'E', 'SU', 'C1U', '', 'U1;', 128),
(94, 'E', 'SW', 'C1W', 'W1;', 'W2;W3;', 128),
(95, 'E', 'SV', 'C1V', '', 'V1;', 513),
(96, 'E', 'SL', 'C1L', '', 'L1;L2;L3;L4;L5;L6;L7;L', 591),
(97, 'E', 'SA', 'C3A', 'A3;A5;A6;', 'A1;A2;', 592),
(98, 'E', 'SN', 'C3N', 'N2;N3;', 'N1;', 592),
(99, 'E', 'SO', 'C1O', 'O2;', 'O1;', 592),
(100, 'E', 'SP', 'C2P', 'P1;', 'P2;', 592),
(101, 'E', 'SQ', 'C3Q', 'Q2;', 'Q1;', 592),
(102, 'E', 'SK', 'C4K', 'K1;K6;K8;', '', 592),
(103, 'E', 'SM', 'C4M', 'M1;M3;', '', 592),
(104, 'E', 'SL', 'C4L', 'L1;L3;L4;L5;L6;', '', 592),
(105, 'E', 'SX', 'C1X', '', 'X1;X2;', 593),
(106, 'E', 'SQ', 'C1Q', 'Q2;', 'Q1;', 594),
(107, 'E', 'SA', 'C4A', 'A6;', '', 594),
(108, 'E', 'SL', 'C4L', 'L1;L3;', '', 594),
(109, 'E', 'SM', 'C4M', 'M1;M3;', '', 594),
(110, 'E', 'SN', 'C3N', 'N3;', '', 594),
(111, 'E', 'SP', 'C3P', 'P1;P2;', '', 594),
(112, 'E', 'ST', 'C3T', 'T1;', '', 594),
(113, 'E', 'SU', 'C3U', 'U1;', '', 594),
(114, 'E', 'SB', 'C1B', 'B2;', 'B1;B11;B3;B4;B5;B6;', 595),
(115, 'E', 'SP', 'C1P', '', 'P1;P2;', 596),
(116, 'E', 'SL', 'C4L', 'L1;L3;L4;L5;L6;', '', 596),
(117, 'E', 'SN', 'C3N', 'N1;N3;', '', 596),
(118, 'E', 'SO', 'C3O', 'O1;', '', 596),
(119, 'E', 'SQ', 'C3Q', 'Q1;Q2;', '', 596),
(120, 'E', 'SK', 'C1K', 'K2;K3;K4;K5;K7;', 'K1;K6;K8;', 597),
(121, 'E', 'SX', 'C1X', 'X1;', 'X2;X3;', 597),
(122, 'E', 'SW', 'C1W', 'W1;', 'W2;W3;', 598),
(123, 'E', 'SK', 'C1K', 'K1;K3;K4;K5;K6;K7;', 'K8;', 599),
(124, 'E', 'SJ', 'C3J', 'J3;J4;', '', 599),
(125, 'E', 'SJ', 'C1J', 'J1;J2;J3;J5;J6;', 'J4;', 600),
(126, 'E', 'SA', 'C4A', 'A1;A2;A5;A6;', '', 600),
(127, 'E', 'SC', 'C5C', 'C1;C3;', '', 600),
(128, 'E', 'SK', 'C4K', 'K1;K4;K5;K6;K7;', '', 600),
(129, 'E', 'SL', 'C4L', 'L1;L3;', '', 600),
(130, 'E', 'SM', 'C4M', 'M1;M3;', '', 600),
(131, 'E', 'SN', 'C3N', 'N1;N3;', '', 600),
(132, 'E', 'SO', 'C3O', 'O1;O2;', '', 600),
(133, 'E', 'SP', 'C3P', 'P1;P2;', '', 600),
(134, 'E', 'SQ', 'C3Q', 'Q1;Q2;', '', 600),
(135, 'E', 'SS', 'C3S', 'S1;', '', 600),
(136, 'E', 'ST', 'C3T', 'T1;', '', 600),
(137, 'E', 'SU', 'C3U', 'U1;', '', 600),
(138, 'E', 'SX', 'C3X', 'X3;', '', 600),
(139, 'E', 'SW', 'C1W', '', 'W1;W2;W3;', 601),
(140, 'E', 'SK', 'C1K', 'K2;K3;K4;K5;K7;', 'K1;K6;K8;', 602),
(141, 'E', 'SJ', 'C4J', 'J1;J2;J3;J4;J5;', '', 602),
(142, 'E', 'SK', 'C1K', 'K3;K4;K7;K8;', 'K1;K2;K5;K6;', 603),
(143, 'E', 'SJ', 'C4J', 'J3;J4;J5;', '', 603),
(144, 'E', 'SI', 'C1I', 'I1;I2;I7;I8;', 'I3;I4;I5;I6;', 604),
(145, 'E', 'SJ', 'C1J', 'J1;J2;J3;J5;J6;', 'J4;', 605),
(146, 'E', 'SA', 'C4A', 'A1;A2;A5;A6;', '', 605),
(147, 'E', 'SB', 'C4B', 'B1;B11;B3;B4;', '', 605),
(148, 'E', 'SC', 'C4C', 'C1;C3;C5;', '', 605),
(149, 'E', 'SI', 'C5I', 'I1;I2;I3;I4;I5;I6;I7;', '', 605),
(150, 'E', 'SL', 'C4L', 'L1;L3;L4;L5;L6;', '', 605),
(151, 'E', 'SM', 'C4M', 'M1;M3;', '', 605),
(152, 'E', 'SN', 'C3N', 'N1;N3;', '', 605),
(153, 'E', 'SP', 'C3P', 'P1;P2;', '', 605),
(154, 'E', 'SS', 'C3S', 'S1;', '', 605),
(155, 'E', 'SX', 'C3X', 'X1;X2;X3;', '', 605),
(156, 'E', 'SY', 'C5Y', 'Y2;Y6;', '', 605),
(157, 'E', 'SX', 'C1X', '', 'X1;X2;', 606),
(158, 'E', 'SM', 'C1M', 'M4;', 'M1;M2;M3;', 287),
(159, 'E', 'SN', 'C3N', 'N4;', 'N3;', 287),
(160, 'E', 'ST', 'C1T', 'T2;', 'T1;', 287),
(161, 'E', 'SW', 'C1W', 'W3;', 'W1;W2;', 287),
(162, 'E', 'SU', 'C1U', '', 'U1;', 287),
(163, 'E', 'SS', 'C3S', 'S1;', '', 287),
(164, 'E', 'SV', 'C1V', '', 'V1;', 607),
(165, 'E', 'SA', 'C1A', 'A4;A5;A6;A8;', 'A1;A2;A3;', 23),
(166, 'E', 'SL', 'C4L', 'L1;L3;L4;L5;L6;', '', 23),
(167, 'E', 'SM', 'C4M', 'M3;', '', 23),
(168, 'E', 'SN', 'C2N', 'N2;N3;', '', 23),
(169, 'E', 'SO', 'C2O', 'O2;', '', 23),
(170, 'E', 'SQ', 'C3Q', 'Q2;', '', 23),
(171, 'E', 'ST', 'C3T', 'T1;', '', 23),
(172, 'E', 'SU', 'C3U', 'U1;', '', 23),
(173, 'E', 'SJ', 'C1J', 'J2;J6;', 'J1;J3;J4;J5;', 38),
(174, 'E', 'SO', 'C1O', 'O2;', 'O1;', 608),
(175, 'E', 'SV', 'C1V', '', 'V1;', 608),
(176, 'E', 'SG', 'C1G', 'G1;G2;', 'G3;', 124),
(177, 'E', 'SA', 'C2A', 'A3;', 'A1;A2;A5;', 179),
(178, 'E', 'SO', 'C1O', 'O2;', 'O1;', 179),
(179, 'E', 'SC', 'C4C', 'C1;C3;C5;', '', 179),
(180, 'E', 'SL', 'C2L', 'L6;', '', 179),
(181, 'E', 'SQ', 'C2Q', 'Q2;', '', 179),
(182, 'E', 'SC', 'C2C', '', 'C1;C2;C3;C4;C5;', 323),
(183, 'E', 'SD', 'C2D', 'D2;D3;D8;', 'D1;', 323),
(184, 'E', 'SF', 'C1F', 'F2;F3;F7;', 'F1;F4;F5;F6;', 323),
(185, 'E', 'SY', 'C1Y', 'Y4;', 'Y1;Y2;Y3;Y5;Y6;', 323),
(186, 'E', 'SA', 'C3A', 'A7;', '', 323),
(187, 'E', 'SB', 'C3B', 'B11;B3;B4;', '', 323),
(188, 'E', 'SI', 'C3I', 'I7;', '', 323),
(189, 'E', 'SH', 'C1H', 'H12;H3;H4;H5;H7;', 'H1;H10;H11;H14;H2;', 149),
(190, 'E', 'SA', 'C4A', 'A1;A2;A6;', 'A5;', 147),
(191, 'E', 'SC', 'C4C', 'C1;C3;C5;', '', 147),
(192, 'E', 'SK', 'C4K', 'K1;', '', 147),
(193, 'E', 'SL', 'C4L', 'L1;L3;L4;L5;L6;', '', 147),
(194, 'E', 'SM', 'C4M', 'M1;M3;', '', 147),
(195, 'E', 'SN', 'C3N', 'N2;N3;', 'N1;', 147),
(196, 'E', 'SO', 'C1O', 'O2;', 'O1;', 147),
(197, 'E', 'SP', 'C3P', 'P2;', 'P1;', 147),
(198, 'E', 'SQ', 'C3Q', 'Q2;', 'Q1;', 147),
(199, 'E', 'SJ', 'C1J', '', 'J1;J2;J3;J4;J5;J6;', 150),
(200, 'E', 'SK', 'C1K', '', 'K1;K2;K3;K4;K5;K6;K7;K', 150),
(201, 'E', 'SA', 'C4A', 'A2;', '', 460),
(202, 'E', 'SJ', 'C1J', 'J2;J4;J6;', 'J1;J3;J5;', 460),
(203, 'E', 'SK', 'C1K', 'K3;K4;K6;', 'K1;K2;K5;K7;K8;', 460),
(204, 'E', 'SM', 'C2M', 'M2;M4;', 'M1;M3;', 460),
(205, 'E', 'SM', 'C1M', '', 'M1;M2;M3;M4;', 429),
(206, 'E', 'SU', 'C1U', '', 'U1;', 429),
(207, 'E', 'SW', 'C1W', 'W1;W3;', 'W2;', 429),
(208, 'E', 'SC', 'C2C', 'C2;C4;C5;', 'C1;C3;', 3),
(209, 'E', 'SN', 'C1N', 'N2;N3;', 'N1;', 3),
(210, 'E', 'SO', 'C1O', '', 'O1;O2;', 3),
(211, 'E', 'SV', 'C1V', '', 'V1;', 3),
(212, 'E', 'SE', 'C3E', 'E1;E2;', '', 3),
(213, 'E', 'SJ', 'C1J', 'J1;J2;J3;', 'J4;J5;J6;', 271),
(214, 'E', 'SK', 'C1K', 'K1;K2;K3;K4;K8;', 'K5;K6;K7;', 271),
(215, 'E', 'SH', 'C1H', '', 'H1;H16;H17;H18;H19;', 373),
(216, 'E', 'SB', 'C1B', 'B11;B2;B4;B6;', 'B1;B3;B5;', 359),
(217, 'E', 'SC', 'C1C', 'C2;C5;', 'C1;C3;', 359),
(218, 'E', 'SI', 'C1I', 'I8;', 'I1;I2;I3;I4;I5;I6;I7;', 118),
(219, 'E', 'SI', 'C2I', 'I1;I3;I4;I5;I6;I7;I8;', 'I2;', 267),
(220, 'E', 'SJ', 'C1J', 'J3;J4;J5;', 'J1;J2;J6;', 267),
(221, 'E', 'SA', 'C1A', 'A4;A5;A6;A7;A8;', 'A1;A2;A3;', 306),
(222, 'E', 'SD', 'C1D', 'D3;D8;', 'D1;D2;', 306),
(223, 'E', 'SL', 'C1L', 'L2;L3;L6;L7;', 'L1;L4;L5;L8;', 306),
(224, 'E', 'SO', 'C1O', 'O2;', 'O1;', 306),
(225, 'E', 'SA', 'C1A', 'A3;A5;A6;', 'A1;A2;', 268),
(226, 'E', 'SB', 'C5B', 'B11;B3;B4;', '', 268),
(227, 'E', 'SC', 'C5C', 'C1;C3;C5;', '', 268),
(228, 'E', 'SD', 'C5D', 'D1;', '', 268),
(229, 'E', 'SI', 'C5I', 'I1;', '', 268),
(230, 'E', 'SL', 'C4L', 'L3;L6;', '', 268),
(231, 'E', 'SN', 'C3N', 'N3;', '', 268),
(232, 'E', 'SO', 'C3O', 'O2;', '', 268),
(233, 'E', 'SQ', 'C3Q', 'Q2;', '', 268),
(234, 'E', 'SR', 'C3R', 'R1;R2;R3;', '', 268),
(235, 'E', 'ST', 'C3T', 'T1;', '', 268),
(236, 'E', 'SU', 'C3U', 'U1;', '', 268),
(237, 'E', 'SX', 'C3X', 'X2;', '', 268),
(238, 'E', 'SY', 'C5Y', 'Y2;Y6;', '', 268),
(239, 'E', 'SE', 'C1E', '', 'E1;E10;E11;E12;E13;E14;E15;E2;E3;E4;E5;E6;E7;E8;E9', 91),
(240, 'E', 'SK', 'C1K', 'K4;K7;', 'K1;K2;K3;K5;K6;K8;', 524),
(241, 'E', 'SX', 'C1X', '', 'X1;X2;X3;', 167),
(242, 'E', 'SL', 'C1L', 'L2;L3;L6;L7;L8;', 'L1;L4;L5;', 390),
(243, 'E', 'SC', 'C1C', 'C2;C4;C5;', 'C1;C3;', 369),
(250, 'E', 'SB', 'C2B', 'B11;B4;B5;', 'B1;B3;B6;', 495),
(251, 'E', 'SC', 'C2C', 'C2;C4;C5;', 'C1;C3;', 495),
(252, 'E', 'SD', 'C1D', 'D3;D8;', 'D1;D2;', 495),
(253, 'E', 'SY', 'C1Y', 'Y1;Y3;Y7;', 'Y2;Y6;', 495),
(254, 'E', 'SA', 'C3A', 'A5;A6;', '', 495),
(255, 'E', 'SE', 'C4E', 'E1;E10;E2;E9;', '', 495),
(256, 'E', 'SF', 'C3F', 'F1;F2;F3;F4;F5;F6;F7;', '', 495),
(257, 'E', 'SH', 'C4H', 'H1;H2;H6;', '', 495),
(258, 'E', 'SL', 'C2L', 'L1;L3;L4;L5;L6;', '', 495),
(259, 'E', 'SM', 'C4M', 'M1;M3;', '', 495),
(260, 'E', 'SN', 'C3N', 'N1;N3;', '', 495),
(261, 'E', 'SO', 'C3O', 'O1;O2;', '', 495),
(262, 'E', 'SP', 'C3P', 'P1;P2;', '', 495),
(263, 'E', 'SQ', 'C3Q', 'Q1;Q2;', '', 495),
(264, 'E', 'SO', 'C1O', '', 'O1;O2;', 383),
(265, 'E', 'SP', 'C1P', 'P1;', 'P2;', 383),
(266, 'E', 'SJ', 'C1J', 'J2;J3;J4;', 'J1;J5;J6;', 22),
(267, 'E', 'SK', 'C1K', 'K1;', 'K4;K5;K6;K7;', 22),
(268, 'E', 'SC', 'C1C', 'C5;', 'C1;C2;C3;C4;', 10),
(269, 'E', 'SA', 'C3A', 'A1;A2;A6;', 'A5;', 609),
(270, 'E', 'SL', 'C3L', 'L1;L3;L6;', 'L4;L5;', 609),
(271, 'E', 'SM', 'C4M', 'M3;', 'M1;', 609),
(272, 'E', 'SN', 'C1N', 'N2;N3;', 'N1;', 609),
(273, 'E', 'SO', 'C3O', 'O2;', 'O1;', 609),
(274, 'E', 'SP', 'C3P', 'P2;', 'P1;', 609),
(275, 'E', 'SQ', 'C1Q', 'Q2;', 'Q1;', 609),
(276, 'E', 'SB', 'C5B', 'B11;B3;', '', 609),
(277, 'E', 'SC', 'C5C', 'C1;C3;C5;', '', 609),
(278, 'E', 'SJ', 'C1J', 'J1;J2;J3;J5;', 'J4;', 610),
(279, 'E', 'SK', 'C1K', 'K3;K4;K5;K7;', 'K1;K6;K8;', 611),
(280, 'E', 'SA', 'C2A', 'A6;', 'A2;A5;', 612),
(281, 'E', 'SA', 'C3A', 'A6;', '', 189),
(282, 'E', 'SB', 'C4B', 'B1;B11;B3;B4;', '', 189),
(283, 'E', 'SC', 'C4C', 'C1;C3;C5;', '', 189),
(284, 'E', 'SD', 'C5D', 'D1;', '', 189),
(285, 'E', 'SE', 'C5E', 'E10;E9;', '', 189),
(286, 'E', 'SI', 'C5I', 'I1;', '', 189),
(287, 'E', 'SL', 'C3L', 'L3;L6;', '', 189),
(288, 'E', 'SN', 'C2N', 'N2;N3;', '', 189),
(289, 'E', 'SO', 'C2O', 'O2;', '', 189),
(290, 'E', 'SP', 'C3P', 'P1;', '', 189),
(291, 'E', 'SQ', 'C2Q', 'Q2;', '', 189),
(292, 'E', 'SR', 'C3R', 'R1;R2;R3;R4;', '', 189),
(293, 'E', 'ST', 'C3T', 'T1;', '', 189),
(294, 'E', 'SU', 'C3U', 'U1;', '', 189),
(295, 'E', 'SY', 'C5Y', 'Y2;Y6;', '', 189),
(296, 'E', 'SA', 'C2A', 'A3;A6;', 'A1;A2;A5;', 48),
(297, 'E', 'SL', 'C2L', 'L3;L6;', '', 329),
(298, 'E', 'SK', 'C2K', 'K2;K4;K5;K7;', 'K1;K6;', 228),
(299, 'E', 'SJ', 'C4J', 'J1;J2;', '', 228),
(300, 'E', 'SM', 'C4M', 'M3;', '', 228),
(301, 'E', 'SA', 'C2A', 'A2;A5;A8;', 'A1;A6;', 208),
(302, 'E', 'SC', 'C4C', 'C2;C3;C5;', '', 208),
(303, 'E', 'SD', 'C4D', 'D1;D3;', '', 208),
(304, 'E', 'SI', 'C5I', 'I1;I2;I4;I6;I7;I8;', '', 208),
(305, 'E', 'SJ', 'C4J', 'J1;J2;J3;J4;J5;', '', 208),
(306, 'E', 'SK', 'C3K', 'K1;K2;K3;K4;K5;K6;K7;', '', 208),
(307, 'E', 'SL', 'C3L', 'L1;L3;L4;L5;L6;', '', 208),
(308, 'E', 'SM', 'C4M', 'M1;M3;', '', 208),
(309, 'E', 'SN', 'C3N', 'N1;N3;', '', 208),
(310, 'E', 'SO', 'C3O', 'O1;O2;', '', 208),
(311, 'E', 'SP', 'C3P', 'P1;P2;', '', 208),
(312, 'E', 'SQ', 'C3Q', 'Q1;Q2;', '', 208),
(313, 'E', 'SS', 'C3S', 'S1;', '', 208),
(314, 'E', 'SY', 'C5Y', 'Y2;Y6;', '', 208),
(315, 'E', 'SK', 'C2K', '', 'K1;K6;', 476),
(316, 'E', 'SJ', 'C4J', 'J1;', '', 476),
(317, 'E', 'SC', 'C2C', 'C2;C4;C5;', 'C1;C3;', 503),
(318, 'E', 'SA', 'C4A', 'A2;', '', 553),
(319, 'E', 'SK', 'C4K', 'K1;', '', 553),
(320, 'E', 'SN', 'C3N', 'N1;N3;', '', 553),
(321, 'E', 'SP', 'C3P', 'P1;P2;', '', 553),
(322, 'E', 'SQ', 'C2Q', 'Q2;', '', 553),
(323, 'E', 'SR', 'C3R', 'R4;', '', 553),
(324, 'E', 'SB', 'C2B', 'B11;B4;', 'B1;B3;B5;', 613),
(325, 'E', 'SC', 'C4C', 'C1;C3;C5;', '', 613),
(326, 'E', 'SD', 'C4D', 'D1;D8;', '', 613),
(327, 'E', 'SA', 'C1A', 'A4;A5;A8;', 'A1;A2;A3;A6;A7;', 451),
(328, 'E', 'SC', 'C2C', 'C1;C3;', 'C4;C5;', 451),
(329, 'E', 'SB', 'C2B', 'B5;', 'B1;B11;B3;B4;', 614),
(330, 'E', 'SL', 'C1L', '', 'L1;L2;L5;', 615),
(331, 'E', 'SJ', 'C1J', 'J1;J2;J3;J5;', 'J4;', 616),
(332, 'E', 'SO', 'C1O', 'O2;', 'O1;', 616),
(333, 'E', 'SQ', 'C1Q', '', 'Q1;Q2;', 617),
(334, 'E', 'SA', 'C3A', 'A3;A6;', '', 618),
(335, 'E', 'SB', 'C4B', 'B1;B11;B3;B4;', '', 618),
(336, 'E', 'SC', 'C5C', 'C1;C3;C5;', '', 618),
(337, 'E', 'SD', 'C4D', 'D1;D6;', '', 618),
(338, 'E', 'SE', 'C5E', 'E10;E9;', '', 618),
(339, 'E', 'SH', 'C4H', 'H1;', '', 618),
(340, 'E', 'SJ', 'C3J', 'J2;J3;J4;J5;J6;', '', 618),
(341, 'E', 'SK', 'C3K', 'K2;K3;K4;K5;K7;K8;', '', 618),
(342, 'E', 'SL', 'C2L', 'L2;L3;L6;L7;L8;', '', 618),
(343, 'E', 'SM', 'C3M', 'M2;M4;', '', 618),
(344, 'E', 'SN', 'C3N', 'N2;N3;', '', 618),
(345, 'E', 'SO', 'C2O', 'O2;', '', 618),
(346, 'E', 'SP', 'C3P', 'P1;', '', 618),
(347, 'E', 'SQ', 'C3Q', 'Q2;', '', 618),
(348, 'E', 'SR', 'C3R', 'R1;R2;R3;R4;', '', 618),
(349, 'E', 'SS', 'C3S', 'S1;', '', 618),
(350, 'E', 'ST', 'C3T', 'T1;', '', 618),
(351, 'E', 'SU', 'C3U', 'U1;', '', 618),
(352, 'E', 'SA', 'C3A', 'A6;', '', 463),
(353, 'E', 'SC', 'C5C', 'C1;C3;C5;', '', 463),
(354, 'E', 'SL', 'C4L', 'L1;L3;', '', 463),
(355, 'E', 'SM', 'C4M', 'M1;M3;', '', 463),
(356, 'E', 'SN', 'C4N', 'N1;N3;', '', 463),
(357, 'E', 'SO', 'C2O', 'O2;', '', 463),
(358, 'E', 'SP', 'C3P', 'P1;P2;', '', 463),
(359, 'E', 'SQ', 'C3Q', 'Q1;Q2;', '', 463),
(360, 'E', 'SA', 'C4A', 'A1;A2;A5;', '', 619),
(361, 'E', 'SI', 'C4I', 'I1;I2;I3;I4;I5;I6;I7;I', '', 619),
(362, 'E', 'SJ', 'C2J', 'J2;J3;J4;J5;', '', 619),
(363, 'E', 'SK', 'C3K', 'K4;K5;K7;', '', 619),
(364, 'E', 'SN', 'C3N', 'N1;', '', 619),
(365, 'E', 'SQ', 'C2Q', 'Q2;', '', 619),
(366, 'E', 'SX', 'C3X', 'X3;', '', 619),
(367, 'E', 'SB', 'C2B', 'B1;B11;B3;B5;B6;', '', 620),
(368, 'E', 'SA', 'C4A', 'A1;A2;', '', 547),
(369, 'E', 'SM', 'C4M', 'M3;', '', 547),
(370, 'E', 'SN', 'C3N', 'N3;', '', 547),
(371, 'E', 'SP', 'C3P', 'P1;P2;', '', 547),
(372, 'E', 'SQ', 'C2Q', 'Q2;', '', 547),
(373, 'E', 'SA', 'C2A', 'A5;A6;', 'A1;A2;', 621),
(374, 'E', 'SL', 'C2L', 'L3;L6;', 'L1;L4;L5;', 621),
(375, 'E', 'SM', 'C4M', 'M3;', 'M1;', 621),
(376, 'E', 'SN', 'C3N', 'N2;', 'N1;', 621),
(377, 'E', 'SO', 'C2O', 'O2;', 'O1;', 621),
(378, 'E', 'SQ', 'C3Q', 'Q2;', 'Q1;', 621),
(379, 'E', 'SB', 'C4B', 'B1;B11;B3;B4;', '', 621),
(380, 'E', 'SC', 'C4C', 'C1;C3;C5;', '', 621),
(381, 'E', 'SD', 'C4D', 'D1;', '', 621),
(382, 'E', 'SJ', 'C4J', 'J3;', '', 621),
(383, 'E', 'SP', 'C3P', 'P1;P2;', '', 621),
(384, 'E', 'SB', 'C2B', '', 'B1;B11;B3;B4;B5;B6;', 622),
(385, 'E', 'SA', 'C4A', 'A1;A2;A5;A6;', '', 622),
(386, 'E', 'SC', 'C4C', 'C1;C2;C5;', '', 622),
(387, 'E', 'SD', 'C4D', 'D1;', '', 622),
(388, 'E', 'SJ', 'C4J', 'J1;J2;J3;J4;J5;', '', 622),
(389, 'E', 'SL', 'C4L', 'L1;L3;L4;L5;L6;', '', 622),
(390, 'E', 'SM', 'C4M', 'M1;M3;', '', 622),
(391, 'E', 'SN', 'C3N', 'N1;N3;', '', 622),
(392, 'E', 'SO', 'C2O', 'O2;', '', 622),
(393, 'E', 'SP', 'C3P', 'P1;P2;', '', 622),
(394, 'E', 'SQ', 'C3Q', 'Q1;Q2;', '', 622),
(395, 'E', 'SY', 'C4Y', 'Y2;Y6;', '', 622),
(396, 'E', 'SC', 'C2C', 'C5;', 'C1;C3;', 623),
(397, 'E', 'SA', 'C2A', 'A3;A6;', 'A1;A2;A5;', 433),
(398, 'E', 'SL', 'C4L', 'L3;L5;L6;', '', 433),
(399, 'E', 'SM', 'C4M', 'M3;', '', 433),
(400, 'E', 'SN', 'C3N', 'N3;', '', 433),
(401, 'E', 'SO', 'C3O', 'O2;', '', 433),
(402, 'E', 'SP', 'C3P', 'P1;', '', 433),
(403, 'E', 'SQ', 'C3Q', 'Q2;', '', 433),
(404, 'E', 'SC', 'C4C', 'C1;C3;C5;', '', 595),
(405, 'E', 'SO', 'C3O', 'O1;O2;', '', 595),
(406, 'E', 'SY', 'C5Y', 'Y1;Y6;', '', 595),
(407, 'E', 'SA', 'C1A', 'A3;A6;', 'A1;A2;A5;', 371),
(408, 'E', 'SD', 'C1D', 'D2;D3;D8;', 'D1;', 371),
(409, 'E', 'SB', 'C4B', 'B1;B11;B3;B4;', '', 371),
(410, 'E', 'SC', 'C4C', 'C2;C3;C5;', '', 371),
(411, 'E', 'SL', 'C3L', 'L3;L6;', '', 371),
(412, 'E', 'SN', 'C3N', 'N2;N3;', '', 371),
(413, 'E', 'SO', 'C3O', 'O2;', '', 371),
(414, 'E', 'SP', 'C3P', 'P1;', '', 371),
(415, 'E', 'SY', 'C4Y', 'Y3;Y6;Y7;', '', 371),
(416, 'E', 'SH', 'C1H', 'H11;H14;H16;H17;H18.;H', 'H1;H10;H2;H3;H6;H7;H8;', 447),
(417, 'E', 'SA', 'C4A', 'A5;A6;', '', 608),
(418, 'E', 'SB', 'C4B', 'B1;B11;B3;', '', 608),
(419, 'E', 'SC', 'C4C', 'C1;C3;C5;', '', 608),
(420, 'E', 'SJ', 'C4J', 'J1;J3;J4;', '', 608),
(421, 'E', 'SL', 'C4L', 'L1;L3;L4;L5;L6;', '', 608),
(422, 'E', 'SM', 'C4M', 'M1;M3;', '', 608),
(423, 'E', 'SN', 'C3N', 'N1;N3;', '', 608),
(424, 'E', 'SP', 'C3P', 'P1;P2;', '', 608),
(425, 'E', 'SQ', 'C3Q', 'Q1;Q2;', '', 608),
(426, 'E', 'SH', 'C2H', 'H10;H11;H5;H6;H7;', 'H2;H3;', 257),
(427, 'E', 'SB', 'C2B', 'B3;', 'B1;B11;B4;B5;', 628),
(428, 'E', 'SA', 'C2A', 'A3;A8;', 'A1;A2;A5;A6;', 624),
(429, 'E', 'SB', 'C4B', 'B3;', '', 624),
(430, 'E', 'SC', 'C5C', 'C2;C4;C5;', '', 624),
(431, 'E', 'SD', 'C5D', 'D1;', '', 624),
(432, 'E', 'SK', 'C4K', 'K1;', '', 624),
(433, 'E', 'SL', 'C4L', 'L3;L5;L6;', '', 624),
(434, 'E', 'SN', 'C3N', 'N3;', '', 624),
(435, 'E', 'SO', 'C2O', 'O2;', '', 624),
(436, 'E', 'SP', 'C3P', 'P1;', '', 624),
(437, 'E', 'SQ', 'C3Q', 'Q2;', '', 624),
(438, 'E', 'SA', 'C4A', 'A1;A2;', '', 629),
(439, 'E', 'SI', 'C5I', 'I1;', '', 629),
(440, 'E', 'SK', 'C4K', 'K1;', '', 629),
(441, 'E', 'SM', 'C2M', 'M4;', '', 629),
(442, 'E', 'SO', 'C3O', 'O1;', '', 629),
(443, 'E', 'ST', 'C3T', 'T1;', '', 629),
(444, 'E', 'SU', 'C3U', 'U1;', '', 629),
(445, 'E', 'SW', 'C3W', 'W1;W2;', '', 629),
(446, 'E', 'SC', 'C2C', 'C4;C5;', 'C1;C2;C3;', 631),
(447, 'E', 'SV', 'C1V', '', 'V1;', 627),
(448, 'E', 'SC', 'C5C', 'C1;C3;C5;', '', 267),
(449, 'E', 'SK', 'C5K', 'K1;K4;K5;K6;K7;K8;', '', 267),
(450, 'E', 'SM', 'C4M', 'M1;M3;', '', 267),
(451, 'E', 'SN', 'C3N', 'N1;N3;', '', 267),
(452, 'E', 'SQ', 'C3Q', 'Q1;Q2;', '', 267),
(453, 'E', 'SS', 'C3S', 'S1;', '', 267),
(454, 'E', 'SU', 'C3U', 'U1;', '', 267),
(455, 'E', 'SX', 'C3X', 'X3;', '', 267),
(456, 'E', 'SB', 'C2B', 'B1;B3;', 'B11;B4;B5;', 632),
(457, 'E', 'SC', 'C2C', 'C2;C5;', 'C1;C3;', 632),
(458, 'E', 'SB', 'C2B', 'B11;B2;B4;B5;', 'B1;B3;', 633),
(459, 'E', 'SA', 'C2A', 'A3;A6;', 'A1;A2;A5;', 634),
(460, 'E', 'SC', 'C5C', 'C1;C3;', '', 634),
(461, 'E', 'SL', 'C4L', 'L1;L3;L4;L5;L6;', '', 634),
(462, 'E', 'SM', 'C4M', 'M1;M3;', '', 634),
(463, 'E', 'SN', 'C3N', 'N1;N3;', '', 634),
(464, 'E', 'SO', 'C3O', 'O1;', '', 634),
(465, 'E', 'SP', 'C3P', 'P1;P2;', '', 634),
(466, 'E', 'SQ', 'C3Q', 'Q1;Q2;', '', 634),
(467, 'E', 'SA', 'C2A', 'A3;A5;', 'A1;A2;', 556),
(468, 'E', 'SK', 'C2K', 'K1;K8;', '', 635),
(469, 'E', 'SA', 'C3A', 'A5;', '', 636),
(470, 'E', 'SC', 'C5C', 'C1;C3;C5;', '', 636),
(471, 'E', 'SJ', 'C4J', 'J1;J2;J3;J4;J5;', '', 636),
(472, 'E', 'SL', 'C4L', 'L3;L4;L5;', '', 636),
(473, 'E', 'SM', 'C4M', 'M1;M3;', '', 636),
(474, 'E', 'SN', 'C2N', 'N2;', '', 636),
(475, 'E', 'SO', 'C3O', 'O1;O2;', '', 636),
(476, 'E', 'SP', 'C3P', 'P1;P2;', '', 636),
(477, 'E', 'SQ', 'C3Q', 'Q1;Q2;', '', 636),
(478, 'E', 'SV', 'C1V', 'V1;', '', 626),
(479, 'E', 'SA', 'C5A', 'A1;A2;', '', 637),
(480, 'E', 'SL', 'C4L', 'L1;L3;L4;L5;L6;', '', 637),
(481, 'E', 'SM', 'C4M', 'M1;M3;', '', 637),
(482, 'E', 'SN', 'C3N', 'N1;N3;', '', 637),
(483, 'E', 'SO', 'C3O', 'O1;', '', 637),
(484, 'E', 'SP', 'C3P', 'P1;P2;', '', 637),
(485, 'E', 'SQ', 'C2Q', 'Q2;', '', 637),
(486, 'E', 'SR', 'C3R', 'R1;R2;R3;R4;', '', 637),
(487, 'E', 'ST', 'C3T', 'T1;', '', 637),
(488, 'E', 'SU', 'C3U', 'U1;', '', 637),
(490, 'E', 'SA', 'C2A', 'A3;A5;A6;', 'A1;A2;', 638),
(491, 'E', 'SB', 'C5B', 'B11;', '', 638),
(492, 'E', 'SC', 'C5C', 'C1;C3;C5;', '', 638),
(493, 'E', 'SL', 'C4L', 'L1;L3;L4;L5;L6;', '', 638),
(494, 'E', 'SM', 'C4M', 'M1;M3;', '', 638),
(495, 'E', 'SN', 'C3N', 'N1;N3;', '', 638),
(496, 'E', 'SO', 'C3O', 'O1;', '', 638),
(497, 'E', 'SP', 'C3P', 'P1;P2;', '', 638),
(498, 'E', 'SQ', 'C3Q', 'Q1;Q2;', '', 638),
(499, 'E', 'SM', 'C4M', 'M1;', '', 640),
(500, 'E', 'SN', 'C3N', 'N1;', '', 640),
(501, 'E', 'SO', 'C3O', 'O1;', '', 640),
(502, 'E', 'SQ', 'C3Q', 'Q1;', '', 640),
(503, 'E', 'SV', 'C2V', 'V1;', '', 640),
(504, 'E', 'SA', 'C2A', 'A3;A5;A6;', 'A1;A2;', 320),
(505, 'E', 'SL', 'C4L', 'L1;L3;L4;L5;L6;', '', 320),
(506, 'E', 'SM', 'C4M', 'M1;M3;', '', 320),
(507, 'E', 'SN', 'C3N', 'N1;N3;', '', 320),
(508, 'E', 'SO', 'C3O', 'O1;O2;', '', 320),
(509, 'E', 'SQ', 'C3Q', 'Q1;Q2;', '', 320),
(510, 'E', 'SA', 'C4A', 'A1;A2;A8;', '', 641),
(511, 'E', 'SB', 'C2B', 'B11;B4;', 'B1;B3;B5;', 641),
(512, 'E', 'SC', 'C4C', 'C5;', '', 641),
(513, 'E', 'SD', 'C5D', 'D1;', '', 641),
(514, 'E', 'SO', 'C3O', 'O1;O2;', '', 641),
(515, 'E', 'SY', 'C4Y', 'Y2;Y6;', '', 641),
(516, 'E', 'SA', 'C2A', 'A3;A5;A6;A8;', 'A1;A2;', 642),
(517, 'E', 'SA', 'C4A', 'A1;A2;', '', 643),
(518, 'E', 'SN', 'C3N', 'N1;N3;', '', 643),
(519, 'E', 'SO', 'C2O', 'O2;', '', 643),
(520, 'E', 'SP', 'C3P', 'P1;P2;', '', 643),
(521, 'E', 'SQ', 'C3Q', 'Q2;', '', 643),
(522, 'E', 'SA', 'C2A', 'A6;', 'A2;A5;', 381),
(523, 'E', 'SD', 'C5D', 'D1;', '', 381),
(524, 'E', 'SK', 'C4K', 'K1;', '', 381),
(525, 'E', 'SL', 'C4L', 'L1;L3;L4;L5;L6;', '', 381),
(526, 'E', 'SM', 'C4M', 'M1;M3;', '', 381),
(527, 'E', 'SN', 'C3N', 'N2;N3;', '', 381),
(528, 'E', 'SO', 'C3O', 'O1;O2;', '', 381),
(529, 'E', 'SP', 'C3P', 'P1;', '', 381),
(530, 'E', 'SQ', 'C3Q', 'Q2;', '', 381),
(531, 'E', 'SR', 'C3R', 'R1;R2;R3;R4;', '', 381),
(532, 'E', 'SX', 'C3X', 'X2;', '', 381),
(533, 'E', 'SA', 'C2A', 'A3;A5;A8;', 'A1;A2;A6;A7;', 121),
(534, 'E', 'SI', 'C2I', 'I1;I2;I3;I5;I7;I8;', 'I4;I6;', 121),
(535, 'E', 'SB', 'C4B', 'B1;B11;B3;B4;', '', 121),
(536, 'E', 'SC', 'C3C', 'C2;C4;C5;', '', 121),
(537, 'E', 'SD', 'C4D', 'D1;D3;D6;', '', 121),
(538, 'E', 'SJ', 'C4J', 'J1;J2;J3;J4;J5;', '', 121),
(539, 'E', 'SL', 'C4L', 'L1;L2;L3;L4;L5;L6;L7;L', '', 121),
(540, 'E', 'SM', 'C4M', 'M1;M3;', '', 121),
(541, 'E', 'SN', 'C3N', 'N1;N3;', '', 121),
(542, 'E', 'SO', 'C3O', 'O1;O2;', '', 121),
(543, 'E', 'SP', 'C3P', 'P1;P2;', '', 121),
(544, 'E', 'SQ', 'C3Q', 'Q1;Q2;', '', 121),
(545, 'E', 'SY', 'C4Y', 'Y1;Y2;Y6;', '', 121),
(546, 'E', 'SA', 'C4A', 'A2;', '', 563),
(547, 'E', 'SN', 'C3N', 'N3;', '', 563),
(548, 'E', 'SP', 'C3P', 'P1;', '', 563),
(549, 'E', 'SQ', 'C3Q', 'Q2;', '', 563),
(550, 'E', 'SY', 'C4Y', 'Y2;', '', 563),
(551, 'E', 'SA', 'C4A', 'A1;A2;A5;A6;', '', 644),
(552, 'E', 'SC', 'C5C', 'C1;C3;', '', 644),
(553, 'E', 'SK', 'C4K', 'K1;', '', 644),
(554, 'E', 'SL', 'C4L', 'L1;L3;L4;L5;L6;', '', 644),
(555, 'E', 'SN', 'C3N', 'N1;N3;', '', 644),
(556, 'E', 'SO', 'C3O', 'O1;O2;', '', 644),
(557, 'E', 'SP', 'C3P', 'P1;P2;', '', 644),
(558, 'E', 'SQ', 'C3Q', 'Q1;Q2;', '', 644),
(559, 'E', 'SR', 'C3R', 'R1;R2;R3;R4;', '', 644),
(560, 'E', 'SU', 'C3U', 'U1;', '', 644),
(561, 'E', 'ST', 'C3T', 'T1;', '', 644),
(562, 'E', 'SA', 'C3A', '', 'A1;A2;A5;', 645),
(563, 'E', 'SM', 'C4M', '', 'M1;M3;', 645),
(564, 'E', 'SN', 'C3N', 'N3;', 'N1;', 645),
(565, 'E', 'SO', 'C3O', 'O2;', 'O1;', 645),
(566, 'E', 'SP', 'C3P', 'P1;', 'P2;', 645),
(567, 'E', 'SQ', 'C3Q', 'Q2;', 'Q1;', 645),
(568, 'E', 'SB', 'C5B', 'B11;B3;', '', 645),
(569, 'E', 'SC', 'C5C', 'C1;C3;C5;', '', 645),
(570, 'E', 'SA', 'C5A', 'A2;', '', 646),
(571, 'E', 'SN', 'C3N', 'N1;N3;', '', 646),
(572, 'E', 'SO', 'C3O', 'O1;', '', 646),
(573, 'E', 'SQ', 'C3Q', 'Q1;Q2;', '', 646),
(574, 'E', 'SA', 'C4A', 'A6;', '', 259),
(575, 'E', 'SC', 'C5C', 'C1;C3;', '', 259),
(576, 'E', 'SJ', 'C4J', 'J2;J3;J4;J5;', '', 259),
(577, 'E', 'SK', 'C4K', 'K2;K3;', '', 259),
(578, 'E', 'SL', 'C4L', 'L6;', '', 259),
(579, 'E', 'SN', 'C3N', 'N3;', '', 259),
(580, 'E', 'SO', 'C3O', 'O2;', '', 259),
(581, 'E', 'SP', 'C3P', 'P1;', '', 259),
(582, 'E', 'SQ', 'C3Q', 'Q2;', '', 259),
(583, 'E', 'SA', 'C3A', 'A5;A6;', '', 647),
(584, 'E', 'SB', 'C5B', 'B11;', '', 647),
(585, 'E', 'SC', 'C3C', 'C3;C5;', '', 647),
(586, 'E', 'SJ', 'C4J', 'J1;J2;J3;J4;J5;', '', 647),
(587, 'E', 'SK', 'C4K', 'K1;K6;', '', 647),
(588, 'E', 'SN', 'C3N', 'N1;N3;', '', 647),
(589, 'E', 'SO', 'C3O', 'O1;O2;', '', 647),
(590, 'E', 'SP', 'C3P', 'P1;P2;', '', 647),
(591, 'E', 'SQ', 'C3Q', 'Q1;Q2;', '', 647),
(592, 'E', 'SR', 'C3R', 'R1;R2;R3;R4;', '', 647),
(593, 'E', 'ST', 'C3T', 'T1;', '', 647),
(594, 'E', 'SA', 'C5A', 'A1;', '', 648),
(595, 'E', 'SB', 'C5B', 'B3;', '', 648),
(596, 'E', 'SC', 'C4C', 'C1;C3;C5;', '', 648),
(597, 'E', 'SI', 'C5I', 'I1;', '', 648),
(598, 'E', 'SN', 'C3N', 'N1;N3;', '', 648),
(599, 'E', 'SO', 'C3O', 'O1;O2;', '', 648),
(600, 'E', 'SP', 'C3P', 'P1;P2;', '', 648),
(601, 'E', 'SQ', 'C3Q', 'Q1;Q2;', '', 648),
(602, 'E', 'SR', 'C3R', 'R1;R2;R3;R4;', '', 648),
(603, 'E', 'SA', 'C4A', 'A6;', '', 649),
(604, 'E', 'SB', 'C5B', 'B11;', '', 649),
(605, 'E', 'SC', 'C5C', 'C1;C3;', '', 649),
(606, 'E', 'SK', 'C4K', 'K1;', '', 649),
(607, 'E', 'SL', 'C3L', 'L6;', '', 649),
(608, 'E', 'SN', 'C3N', 'N3;', '', 649),
(609, 'E', 'SO', 'C3O', 'O2;', '', 649),
(610, 'E', 'SP', 'C3P', 'P1;', '', 649),
(611, 'E', 'SQ', 'C3Q', 'Q2;', '', 649),
(612, 'E', 'SR', 'C3R', 'R1;R2;R3;R4;', '', 649),
(613, 'E', 'SA', 'C3A', 'A5;', '', 650),
(614, 'E', 'SB', 'C5B', 'B1;B11;B3;B4;', '', 650),
(615, 'E', 'SC', 'C5C', 'C1;C3;', '', 650),
(616, 'E', 'SD', 'C5D', 'D1;', '', 650),
(617, 'E', 'SL', 'C4L', 'L1;L3;L4;L5;L6;', '', 650),
(618, 'E', 'SM', 'C4M', 'M1;', '', 650),
(619, 'E', 'SN', 'C3N', 'N1;N3;', '', 650),
(620, 'E', 'SO', 'C3O', 'O1;O2;', '', 650),
(621, 'E', 'SP', 'C3P', 'P1;P2;', '', 650),
(622, 'E', 'SR', 'C3R', 'R1;R2;R4;', '', 650),
(623, 'E', 'ST', 'C3T', 'T1;', '', 650),
(624, 'E', 'SQ', 'C3Q', 'Q1;Q2;', '', 650),
(625, 'E', 'SJ', 'C4J', 'J3;', '', 651),
(626, 'E', 'SL', 'C4L', 'L3;L6;', '', 651),
(627, 'E', 'SN', 'C3N', 'N3;', '', 651),
(628, 'E', 'SP', 'C3P', 'P1;', '', 651),
(629, 'E', 'SQ', 'C3Q', 'Q2;', '', 651),
(630, 'E', 'SR', 'C3R', 'R1;R2;R3;R4;', '', 651),
(631, 'E', 'ST', 'C3T', 'T1;', '', 651),
(632, 'E', 'SU', 'C3U', 'U1;', '', 651),
(633, 'E', 'SA', 'C4A', 'A1;A2;A5;', '', 652),
(634, 'E', 'SB', 'C4B', 'B3;', '', 652),
(635, 'E', 'SD', 'C4D', 'D1;', '', 652),
(636, 'E', 'SA', 'C4A', 'A1;A2;A5;A6;', '', 653),
(637, 'E', 'SC', 'C5C', 'C1;C3;', '', 653),
(638, 'E', 'SN', 'C3N', 'N1;N3;', '', 653),
(639, 'E', 'SO', 'C3O', 'O1;O2;', '', 653),
(640, 'E', 'SP', 'C3P', 'P1;P2;', '', 653),
(641, 'E', 'SQ', 'C3Q', 'Q1;Q2;', '', 653),
(642, 'E', 'SY', 'C5Y', 'Y6;', '', 653),
(643, 'E', 'SJ', 'C4J', 'J2;J3;J4;J5;', '', 654),
(644, 'E', 'SL', 'C4L', 'L1;L3;L4;L5;L6;', '', 654),
(645, 'E', 'SM', 'C4M', 'M3;', '', 654),
(646, 'E', 'SN', 'C3N', 'N3;', '', 654),
(647, 'E', 'SO', 'C3O', 'O2;', '', 654),
(648, 'E', 'SP', 'C3P', 'P1;P2;', '', 654),
(649, 'E', 'SQ', 'C3Q', 'Q2;', '', 654),
(650, 'E', 'SR', 'C3R', 'R1;R2;R3;R4;', '', 654),
(651, 'E', 'SA', 'C4A', 'A6;', '', 655),
(652, 'E', 'SL', 'C4L', 'L1;L3;', '', 655),
(653, 'E', 'SM', 'C4M', 'M1;M3;', '', 655),
(654, 'E', 'SN', 'C3N', 'N1;N3;', '', 655),
(655, 'E', 'SO', 'C3O', 'O1;O2;', '', 655),
(656, 'E', 'SP', 'C3P', 'P1;P2;', '', 655),
(657, 'E', 'SQ', 'C3Q', 'Q1;Q2;', '', 655),
(658, 'E', 'SB', 'C5B', 'B1;B11;B3;B4;', '', 656),
(659, 'E', 'SC', 'C5C', 'C1;C3;C5;', '', 656),
(660, 'E', 'SD', 'C5D', 'D1;', '', 656),
(661, 'E', 'SJ', 'C4J', 'J1;J2;J3;J4;J5;', '', 656),
(662, 'E', 'SK', 'C4K', 'K1;K6;K8;', '', 656),
(663, 'E', 'SL', 'C4L', 'L1;L3;L4;L5;L6;', '', 656),
(664, 'E', 'SN', 'C3N', 'N1;N3;', '', 656),
(665, 'E', 'SO', 'C3O', 'O2;', '', 656),
(666, 'E', 'SP', 'C3P', 'P1;P2;', '', 656),
(667, 'E', 'SQ', 'C3Q', 'Q1;Q2;', '', 656),
(668, 'E', 'SR', 'C3R', 'R1;R2;R3;R4;', '', 656),
(669, 'E', 'SS', 'C3S', 'S1;', '', 656),
(670, 'E', 'ST', 'C3T', 'T1;', '', 656),
(671, 'E', 'SU', 'C3U', 'U1;', '', 656),
(672, 'E', 'SJ', 'C4J', 'J2;J3;J4;J5;', '', 657),
(673, 'E', 'SK', 'C4K', 'K6;', '', 657),
(674, 'E', 'SL', 'C4L', 'L3;L6;', '', 657),
(675, 'E', 'SM', 'C3M', 'M2;M4;', '', 657),
(676, 'E', 'SN', 'C3N', 'N2;N3;', '', 657),
(677, 'E', 'SO', 'C3O', 'O2;', '', 657),
(678, 'E', 'SP', 'C3P', 'P1;', '', 657),
(679, 'E', 'SQ', 'C3Q', 'Q2;', '', 657),
(680, 'E', 'SR', 'C3R', 'R1;R2;R3;R4;', '', 657),
(681, 'E', 'SS', 'C3S', 'S1;', '', 657),
(682, 'E', 'ST', 'C3T', 'T1;', '', 657),
(683, 'E', 'SU', 'C3U', 'U1;', '', 657),
(684, 'E', 'SI', 'C4I', 'I2;I3;I5;I6;', '', 360),
(685, 'E', 'SJ', 'C4J', 'J1;J3;J4;J5;', '', 360),
(686, 'E', 'SA', 'C4A', 'A1;A2;A6;', '', 658),
(687, 'E', 'SL', 'C4L', 'L1;L4;', '', 658),
(688, 'E', 'SM', 'C4M', 'M1;M3;', '', 658),
(689, 'E', 'SN', 'C3N', 'N1;N3;', '', 658),
(690, 'E', 'SO', 'C3O', 'O1;O2;', '', 658),
(691, 'E', 'SP', 'C3P', 'P1;P2;', '', 658),
(692, 'E', 'SQ', 'C3Q', 'Q1;', '', 658),
(693, 'E', 'SA', 'C5A', 'A1;A2;', '', 659),
(694, 'E', 'SB', 'C5B', 'B11;', '', 659),
(695, 'E', 'SC', 'C5C', 'C1;C3;', '', 659),
(696, 'E', 'SN', 'C3N', 'N1;N3;', '', 659),
(697, 'E', 'SO', 'C3O', 'O1;', '', 659),
(698, 'E', 'SP', 'C3P', 'P1;P2;', '', 659),
(699, 'E', 'SQ', 'C3Q', 'Q1;Q2;', '', 659),
(700, 'E', 'SA', 'C3A', 'A6;', '', 660),
(701, 'E', 'SB', 'C5B', 'B11;', '', 660),
(702, 'E', 'SC', 'C5C', 'C1;C3;C5;', '', 660),
(703, 'E', 'SD', 'C5D', 'D1;', '', 660),
(704, 'E', 'SL', 'C4L', 'L3;L4;', '', 660),
(705, 'E', 'SO', 'C3O', 'O2;', '', 660),
(706, 'E', 'SP', 'C3P', 'P1;', '', 660),
(707, 'E', 'SQ', 'C3Q', 'Q2;', '', 660),
(708, 'E', 'ST', 'C3T', 'T1;', '', 660),
(709, 'E', 'SU', 'C3U', 'U1;', '', 660),
(710, 'E', 'SA', 'C5A', 'A1;A2;A5;A6;', '', 661),
(711, 'E', 'SB', 'C4B', 'B1;B11;B3;B4;', '', 661),
(712, 'E', 'SC', 'C5C', 'C1;C3;C5;', '', 661),
(713, 'E', 'SN', 'C3N', 'N1;N3;', '', 661),
(714, 'E', 'SO', 'C3O', 'O1;O2;', '', 661),
(715, 'E', 'SP', 'C3P', 'P1;P2;', '', 661),
(716, 'E', 'SQ', 'C3Q', 'Q1;Q2;', '', 661),
(717, 'E', 'SA', 'C4A', 'A1;A2;A5;A6;', '', 662),
(718, 'E', 'SB', 'C5B', 'B11;', '', 662),
(719, 'E', 'SC', 'C5C', 'C1;C3;', '', 662),
(720, 'E', 'SL', 'C4L', 'L1;L3;L4;L5;', '', 662),
(721, 'E', 'SN', 'C3N', 'N1;N3;', '', 662),
(722, 'E', 'SO', 'C3O', 'O1;O2;', '', 662),
(723, 'E', 'SP', 'C3P', 'P1;P2;', '', 662),
(724, 'E', 'SQ', 'C3Q', 'Q1;Q2;', '', 662),
(725, 'E', 'SR', 'C3R', 'R1;R2;R3;R4;', '', 662),
(726, 'E', 'ST', 'C3T', 'T1;', '', 662),
(727, 'E', 'SU', 'C3U', 'U1;', '', 662),
(728, 'E', 'SA', 'C4A', 'A6;', '', 663),
(729, 'E', 'SB', 'C5B', 'B1;B11;B3;B4;', '', 663),
(730, 'E', 'SC', 'C5C', 'C1;C3;C5;', '', 663),
(731, 'E', 'SD', 'C5D', 'D1;', '', 663),
(732, 'E', 'SK', 'C4K', 'K1;', '', 663),
(733, 'E', 'SL', 'C4L', 'L1;L3;L4;L5;L6;', '', 663),
(734, 'E', 'SM', 'C4M', 'M3;', '', 663),
(735, 'E', 'SN', 'C3N', 'N1;N3;', '', 663),
(736, 'E', 'SO', 'C3O', 'O1;O2;', '', 663),
(737, 'E', 'SP', 'C3P', 'P1;P2;', '', 663),
(738, 'E', 'SQ', 'C3Q', 'Q1;Q2;', '', 663),
(739, 'E', 'SC', 'C5C', 'C1;C3;C5;', '', 486),
(740, 'E', 'SL', 'C4L', 'L1;L2;L3;L6;L7;L8;', '', 486),
(741, 'E', 'SM', 'C4M', 'M3;', '', 486),
(742, 'E', 'SN', 'C3N', 'N3;', '', 486),
(743, 'E', 'SO', 'C3O', 'O2;', '', 486),
(744, 'E', 'SP', 'C3P', 'P1;P2;', '', 486),
(745, 'E', 'SQ', 'C3Q', 'Q2;', '', 486),
(746, 'E', 'SR', 'C3R', 'R1;R2;R3;R4;', '', 486),
(747, 'E', 'SB', 'C4B', 'B11;B6;', '', 664),
(748, 'E', 'SC', 'C5C', 'C5;', '', 664),
(749, 'E', 'SA', 'C5A', 'A1;A2;', '', 665),
(750, 'E', 'SN', 'C3N', 'N1;N3;', '', 665),
(751, 'E', 'SO', 'C3O', 'O1;', '', 665),
(752, 'E', 'SP', 'C3P', 'P1;P2;', '', 665),
(753, 'E', 'SQ', 'C3Q', 'Q1;Q2;', '', 665),
(754, 'E', 'SR', 'C3R', 'R1;R2;R3;R4;', '', 665),
(755, 'E', 'SU', 'C3U', 'U1;', '', 665),
(756, 'E', 'SA', 'C4A', 'A1;A2;', '', 666),
(757, 'E', 'SJ', 'C3J', 'J1;J2;J3;J4;J5;J6;', '', 666),
(758, 'E', 'SA', 'C5A', 'A5;A6;', '', 667),
(759, 'E', 'SK', 'C4K', 'K1;', '', 667),
(760, 'E', 'SL', 'C4L', 'L1;L3;L4;L5;L6;', '', 667),
(761, 'E', 'SN', 'C3N', 'N1;N3;', '', 667),
(762, 'E', 'SO', 'C3O', 'O1;O2;', '', 667),
(763, 'E', 'SP', 'C3P', 'P1;P2;', '', 667),
(764, 'E', 'SQ', 'C3Q', 'Q1;Q2;', '', 667),
(765, 'E', 'SR', 'C3R', 'R1;R2;R3;R4;', '', 667),
(766, 'E', 'SU', 'C3U', 'U1;', '', 667),
(767, 'E', 'SA', 'C4A', 'A1;A2;A5;A6;', '', 668),
(768, 'E', 'SB', 'C5B', 'B1;B11;B3;B4;', '', 668),
(769, 'E', 'SC', 'C5C', 'C1;C3;C5;', '', 668),
(770, 'E', 'SN', 'C3N', 'N1;N3;', '', 668),
(771, 'E', 'SO', 'C3O', 'O1;O2;', '', 668),
(772, 'E', 'SP', 'C3P', 'P1;P2;', '', 668),
(773, 'E', 'SQ', 'C3Q', 'Q1;Q2;', '', 668),
(774, 'E', 'SJ', 'C4J', 'J4;J5;', '', 669),
(775, 'E', 'SL', 'C4L', 'L3;L6;', '', 669),
(776, 'E', 'SM', 'C4M', 'M3;', '', 669),
(777, 'E', 'SQ', 'C3Q', 'Q2;', '', 669),
(778, 'E', 'SA', 'C4A', 'A1;A2;', 'A5;', 670),
(779, 'E', 'SB', 'C5B', 'B11;B3;', '', 670),
(780, 'E', 'SC', 'C5C', 'C1;C3;C5;', '', 670),
(781, 'E', 'SD', 'C5D', 'D1;', '', 670),
(782, 'E', 'SN', 'C3N', 'N1;', '', 670),
(783, 'E', 'SO', 'C3O', 'O1;', '', 670),
(784, 'E', 'SP', 'C3P', 'P1;P2;', '', 670),
(785, 'E', 'SQ', 'C3Q', 'Q1;Q2;', '', 670),
(786, 'E', 'SA', 'C4A', 'A1;A2;A5;A6;', '', 671),
(787, 'E', 'SB', 'C4B', 'B1;B11;B3;B4;', '', 671),
(788, 'E', 'SC', 'C5C', 'C1;C3;C5;', '', 671),
(789, 'E', 'SD', 'C5D', 'D1;', '', 671),
(790, 'E', 'SN', 'C3N', 'N1;N3;', '', 671),
(791, 'E', 'SO', 'C3O', 'O1;O2;', '', 671),
(792, 'E', 'SP', 'C3P', 'P1;P2;', '', 671),
(793, 'E', 'SQ', 'C3Q', 'Q1;Q2;', '', 671),
(794, 'E', 'SY', 'C5Y', 'Y2;Y6;', '', 671),
(795, 'E', 'SA', 'C5A', 'A1;A2;', '', 672),
(796, 'E', 'SB', 'C5B', 'B11;', '', 672),
(797, 'E', 'SC', 'C5C', 'C1;C3;', '', 672),
(798, 'E', 'SI', 'C5I', 'I1;I4;I6;I7;I8;', '', 672),
(799, 'E', 'SJ', 'C4J', 'J1;J2;J3;J4;J5;', '', 672),
(800, 'E', 'SN', 'C3N', 'N1;N3;', '', 672),
(801, 'E', 'SO', 'C3O', 'O1;', '', 672),
(802, 'E', 'SP', 'C3P', 'P1;P2;', '', 672),
(803, 'E', 'SQ', 'C3Q', 'Q1;Q2;', '', 672),
(804, 'E', 'SS', 'C3S', 'S1;', '', 672),
(805, 'E', 'ST', 'C3T', 'T1;', '', 672),
(806, 'E', 'SU', 'C3U', 'U1;', '', 672),
(807, 'E', 'SA', 'C4A', 'A2;A6;', '', 673),
(808, 'E', 'SK', 'C4K', 'K1;', '', 673),
(809, 'E', 'SL', 'C4L', 'L3;L6;', '', 673),
(810, 'E', 'SM', 'C4M', 'M3;', '', 673),
(811, 'E', 'SN', 'C3N', 'N2;N3;', '', 673),
(812, 'E', 'SO', 'C3O', 'O2;', '', 673),
(813, 'E', 'SP', 'C3P', 'P1;P2;', '', 673),
(814, 'E', 'SQ', 'C3Q', 'Q2;', '', 673),
(815, 'E', 'SR', 'C3R', 'R1;R2;R3;R4;', '', 673),
(816, 'E', 'ST', 'C3T', 'T1;', '', 673),
(817, 'E', 'SU', 'C3U', 'U1;', '', 673),
(818, 'E', 'SD', 'C3D', 'D2;D3;D8;', '', 451),
(819, 'E', 'SF', 'C3F', 'F1;F3;F4;F5;', '', 674),
(820, 'E', 'SA', 'C4A', 'A1;A2;A5;A6;', '', 675),
(821, 'E', 'SC', 'C5C', 'C1;C3;', '', 675),
(822, 'E', 'SL', 'C4L', 'L1;L3;L4;', '', 675),
(823, 'E', 'SN', 'C3N', 'N1;N3;', '', 675),
(824, 'E', 'SO', 'C3O', 'O1;O2;', '', 675),
(825, 'E', 'SP', 'C3P', 'P1;P2;', '', 675),
(826, 'E', 'SQ', 'C3Q', 'Q1;Q2;', '', 675),
(827, 'E', 'SR', 'C3R', 'R1;R2;R3;R4;', '', 675),
(828, 'E', 'SU', 'C3U', 'U1;', '', 675),
(829, 'E', 'SA', 'C4A', 'A1;A2;A5;A6;', '', 676),
(830, 'E', 'SB', 'C5B', 'B11;B3;', '', 676),
(831, 'E', 'SC', 'C5C', 'C1;C3;C5;', '', 676),
(832, 'E', 'SD', 'C5D', 'D1;', '', 676),
(833, 'E', 'SJ', 'C4J', 'J1;J2;J3;J4;J5;', '', 676),
(834, 'E', 'SN', 'C3N', 'N1;N3;', '', 676),
(835, 'E', 'SO', 'C3O', 'O1;O2;', '', 676),
(836, 'E', 'SP', 'C3P', 'P1;P2;', '', 676),
(837, 'E', 'SQ', 'C3Q', 'Q1;Q2;', '', 676),
(838, 'E', 'SA', 'C5A', 'A1;A2;A5;', '', 677),
(839, 'E', 'SC', 'C5C', 'C1;C3;', '', 677),
(840, 'E', 'SN', 'C3N', 'N1;N3;', '', 678),
(841, 'E', 'SO', 'C3O', 'O1;', '', 678),
(842, 'E', 'SP', 'C3P', 'P1;P2;', '', 678),
(843, 'E', 'SQ', 'C3Q', 'Q1;Q2;', '', 678),
(844, 'E', 'SR', 'C3R', 'R1;R2;R3;R4;', '', 678),
(845, 'E', 'ST', 'C3T', 'T1;', '', 678),
(846, 'E', 'SU', 'C3U', 'U1;', '', 678),
(847, 'E', 'SV', 'C3V', 'V1;', '', 678),
(848, 'E', 'SJ', 'C4J', 'J3;J5;', '', 679),
(849, 'E', 'SA', 'C4A', 'A1;A2;A5;A6;', '', 680),
(850, 'E', 'SB', 'C4B', 'B1;B11;B3;B4;', '', 680),
(851, 'E', 'SC', 'C5C', 'C1;C3;C5;', '', 680),
(852, 'E', 'SD', 'C5D', 'D1;D8;', '', 680),
(853, 'E', 'SN', 'C3N', 'N1;N3;', '', 680),
(854, 'E', 'SO', 'C3O', 'O1;O2;', '', 680),
(855, 'E', 'SP', 'C3P', 'P1;P2;', '', 680),
(856, 'E', 'SQ', 'C3Q', 'Q1;Q2;', '', 680),
(857, 'E', 'ST', 'C3T', 'T1;', '', 680),
(858, 'E', 'SU', 'C3U', 'U1;', '', 680),
(859, 'E', 'SA', 'C4A', 'A1;A2;A5;A6;', '', 681),
(860, 'E', 'SC', 'C5C', 'C1;C3;', '', 681),
(861, 'E', 'SI', 'C5I', 'I1;', '', 681),
(862, 'E', 'SJ', 'C4J', 'J1;J2;J4;J5;', '', 681),
(863, 'E', 'SN', 'C3N', 'N1;N3;', '', 681),
(864, 'E', 'SO', 'C3O', 'O1;O2;', '', 681),
(865, 'E', 'SP', 'C3P', 'P1;P2;', '', 681),
(866, 'E', 'SQ', 'C3Q', 'Q1;Q2;', '', 681),
(867, 'E', 'SR', 'C3R', 'R1;R2;R3;R4;', '', 681),
(869, 'E', 'ST', 'C3T', 'T1;', '', 681),
(870, 'E', 'SU', 'C3U', 'U1;', '', 681),
(871, 'E', 'SM', 'C4M', 'M3;', '', 682),
(872, 'E', 'SA', 'C4A', 'A2;A5;', '', 683),
(873, 'E', 'SC', 'C5C', 'C1;C3;', '', 683),
(874, 'E', 'SM', 'C4M', 'M1;M3;', '', 683),
(875, 'E', 'SN', 'C3N', 'N1;', '', 683),
(876, 'E', 'SO', 'C3O', 'O1;O2;', '', 683),
(877, 'E', 'SP', 'C3P', 'P1;P2;', '', 683),
(878, 'E', 'SQ', 'C3Q', 'Q1;Q2;', '', 683),
(879, 'E', 'SA', 'C4A', 'A1;A2;A5;', '', 684),
(880, 'E', 'SB', 'C5B', 'B11;', '', 684),
(881, 'E', 'SC', 'C5C', 'C1;C3;', '', 684),
(882, 'E', 'SM', 'C4M', 'M1;M3;', '', 684),
(883, 'E', 'SN', 'C3N', 'N1;N3;', '', 684),
(884, 'E', 'SO', 'C3O', 'O1;', '', 684),
(885, 'E', 'SP', 'C3P', 'P1;P2;', '', 684),
(886, 'E', 'SQ', 'C3Q', 'Q1;Q2;', '', 684),
(887, 'E', 'SR', 'C3R', 'R1;R2;R3;R4;', '', 684),
(888, 'E', 'ST', 'C3T', 'T1;', '', 684),
(889, 'E', 'SU', 'C3U', 'U1;', '', 684),
(890, 'E', 'SA', 'C5A', 'A2;', '', 685),
(891, 'E', 'SL', 'C4L', 'L1;L3;L4;L5;L6;', '', 685),
(892, 'E', 'SM', 'C4M', 'M1;M3;', '', 685),
(893, 'E', 'SN', 'C3N', 'N1;N3;', '', 685),
(894, 'E', 'SO', 'C3O', 'O1;', '', 685),
(895, 'E', 'SP', 'C3P', 'P1;P2;', '', 685),
(896, 'E', 'SQ', 'C3Q', 'Q1;Q2;', '', 685),
(897, 'E', 'SR', 'C3R', 'R1;R2;R3;R4;', '', 685),
(898, 'E', 'SA', 'C5A', 'A1;A2;', '', 686),
(899, 'E', 'SI', 'C5I', 'I1;I4;I6;I7;I8;', '', 686),
(900, 'E', 'SJ', 'C4J', 'J1;J2;J3;J4;J5;', '', 686),
(901, 'E', 'SN', 'C3N', 'N1;N3;', '', 686),
(902, 'E', 'SO', 'C3O', 'O1;', '', 686),
(903, 'E', 'SP', 'C3P', 'P1;P2;', '', 686),
(904, 'E', 'SQ', 'C3Q', 'Q1;Q2;', '', 686),
(905, 'E', 'SR', 'C3R', 'R1;R2;R3;R4;', '', 686),
(906, 'E', 'SS', 'C3S', 'S1;', '', 686),
(907, 'E', 'ST', 'C3T', 'T1;', '', 686),
(908, 'E', 'SU', 'C3U', 'U1;', '', 686),
(909, 'E', 'SA', 'C4A', 'A1;A2;A5;A6;', '', 369),
(910, 'E', 'SB', 'C4B', 'B1;B11;B3;B4;', '', 369),
(911, 'E', 'SD', 'C4D', 'D1;', '', 369),
(912, 'E', 'SF', 'C3F', 'F1;F4;F5;F6;F7;', '', 369),
(913, 'E', 'SH', 'C4H', 'H1;', '', 369),
(914, 'E', 'SI', 'C5I', 'I1;', '', 369),
(915, 'E', 'SL', 'C4L', 'L1;L3;L4;L5;L6;', '', 369),
(916, 'E', 'SM', 'C4M', 'M1;M3;', '', 369),
(917, 'E', 'SN', 'C3N', 'N1;N3;', '', 369),
(918, 'E', 'SO', 'C3O', 'O1;O2;', '', 369),
(919, 'E', 'SP', 'C3P', 'P1;P2;', '', 369),
(920, 'E', 'SQ', 'C3Q', 'Q1;Q2;', '', 369),
(921, 'E', 'SY', 'C4Y', 'Y1;Y2;Y6;Y7;', '', 369),
(922, 'E', 'SA', 'C5A', 'A1;A2;A5;', '', 687),
(923, 'E', 'SB', 'C5B', 'B11;', '', 687),
(924, 'E', 'SC', 'C5C', 'C1;C3;', '', 687),
(925, 'E', 'SL', 'C4L', 'L1;L3;L4;L5;L6;', '', 687),
(926, 'E', 'SN', 'C3N', 'N3;', '', 687),
(927, 'E', 'SO', 'C3O', 'O1;', '', 687),
(928, 'E', 'SP', 'C3P', 'P1;P2;', '', 687),
(929, 'E', 'SQ', 'C3Q', 'Q1;Q2;', '', 687),
(930, 'E', 'SR', 'C3R', 'R1;R2;R3;R4;', '', 687),
(931, 'E', 'ST', 'C3T', 'T1;', '', 687),
(932, 'E', 'SU', 'C3U', 'U1;', '', 687),
(933, 'E', 'SA', 'C4A', 'A1;A2;A5;A6;', '', 688),
(934, 'E', 'SB', 'C5B', 'B1;B11;B3;B4;', '', 688),
(935, 'E', 'SC', 'C5C', 'C1;C3;C5;', '', 688),
(936, 'E', 'SD', 'C5D', 'D1;D3;', '', 688),
(937, 'E', 'SN', 'C3N', 'N1;N3;', '', 688),
(938, 'E', 'SO', 'C3O', 'O1;O2;', '', 688),
(939, 'E', 'SP', 'C3P', 'P1;P2;', '', 688),
(940, 'E', 'SQ', 'C3Q', 'Q1;Q2;', '', 688),
(941, 'E', 'SY', 'C5Y', 'Y2;Y6;', '', 688),
(942, 'E', 'SA', 'C5A', 'A1;A2;A5;A6;', '', 689),
(943, 'E', 'SB', 'C4B', 'B1;B11;B3;B4;', '', 689),
(944, 'E', 'SC', 'C5C', 'C1;C3;C5;', '', 689),
(945, 'E', 'SD', 'C5D', 'D1;', '', 689),
(946, 'E', 'SN', 'C3N', 'N1;N3;', '', 689),
(947, 'E', 'SO', 'C3O', 'O1;O2;', '', 689),
(948, 'E', 'SP', 'C3P', 'P1;P2;', '', 689),
(949, 'E', 'SQ', 'C3Q', 'Q1;Q2;', '', 689),
(950, 'E', 'SR', 'C3R', 'R1;R2;R3;R4;', '', 689),
(951, 'E', 'ST', 'C3T', 'T1;', '', 689),
(952, 'E', 'SU', 'C3U', 'U1;', '', 689),
(953, 'E', 'SA', 'C2A', 'A3;A5;A6;', 'A2;', 7),
(954, 'E', 'SA', 'C4A', 'A6;', '', 690),
(955, 'E', 'SB', 'C5B', 'B11;B3;', '', 690),
(956, 'E', 'SC', 'C5C', 'C1;C3;', '', 690),
(957, 'E', 'SI', 'C5I', 'I1;', '', 690),
(958, 'E', 'SJ', 'C4J', 'J2;J3;J4;J5;', '', 690),
(959, 'E', 'SK', 'C4K', 'K1;K6;', '', 690),
(960, 'E', 'SL', 'C4L', 'L3;L6;', '', 690),
(961, 'E', 'SM', 'C4M', 'M3;', '', 690),
(962, 'E', 'SN', 'C3N', 'N3;', '', 690),
(963, 'E', 'SO', 'C3O', 'O2;', '', 690),
(964, 'E', 'SP', 'C3P', 'P1;', '', 690),
(965, 'E', 'SQ', 'C3Q', 'Q2;', '', 690),
(966, 'E', 'SS', 'C3S', 'S1;', '', 690),
(967, 'E', 'ST', 'C3T', 'T1;', '', 690),
(968, 'E', 'SU', 'C3U', 'U1;', '', 690),
(969, 'E', 'SY', 'C5Y', 'Y2;Y6;', '', 690),
(970, 'E', 'SA', 'C3A', 'A5;A6;', 'A2;', 310),
(971, 'E', 'SL', 'C4L', 'L4;L5;', '', 310),
(972, 'E', 'SN', 'C3N', 'N1;', '', 310),
(973, 'E', 'SO', 'C3O', 'O1;', '', 310),
(974, 'E', 'SQ', 'C3Q', 'Q1;', '', 310),
(975, 'E', 'SA', 'C5A', 'A2;A5;', '', 691),
(976, 'E', 'SJ', 'C3J', 'J4;', '', 691),
(977, 'E', 'SK', 'C4K', 'K1;K6;', '', 691),
(978, 'E', 'SN', 'C3N', 'N1;', '', 692),
(979, 'E', 'SI', 'C4I', 'I4;I5;', 'I7;', 405),
(980, 'E', 'SC', 'C3C', 'C3;', '', 351),
(981, 'E', 'SA', 'C4A', 'A6;', '', 694),
(982, 'E', 'SB', 'C5B', 'B11;', '', 694),
(983, 'E', 'SC', 'C5C', 'C1;C3;', '', 694),
(984, 'E', 'SK', 'C4K', 'K1;', '', 694),
(985, 'E', 'SN', 'C3N', 'N3;', '', 694),
(986, 'E', 'SO', 'C3O', 'O2;', '', 694),
(987, 'E', 'ST', 'C3T', 'T1;', '', 694),
(988, 'E', 'SU', 'C3U', 'U1;', '', 694),
(989, 'E', 'SA', 'C4A', 'A7;', '', 695),
(990, 'E', 'SC', 'C4C', 'C2;C3;', '', 695),
(991, 'E', 'SA', 'C4A', 'A2;A5;A6;', '', 696),
(992, 'E', 'SB', 'C5B', 'B11;B3;', '', 696),
(993, 'E', 'SC', 'C5C', 'C1;C3;', '', 696),
(994, 'E', 'SD', 'C5D', 'D1;', '', 696),
(995, 'E', 'SI', 'C5I', 'I1;I4;I6;I7;I8;', '', 696),
(996, 'E', 'SN', 'C3N', 'N1;', '', 696),
(997, 'E', 'SO', 'C3O', 'O1;O2;', '', 696),
(998, 'E', 'SP', 'C3P', 'P1;P2;', '', 696),
(999, 'E', 'SQ', 'C3Q', 'Q1;Q2;', '', 696),
(1000, 'E', 'SS', 'C3S', 'S1;', '', 696),
(1001, 'E', 'SC', 'C5C', 'C1;C3;C5;', '', 697),
(1002, 'E', 'SL', 'C4L', 'L3;L6;', '', 697),
(1003, 'E', 'SM', 'C4M', 'M3;', '', 697),
(1004, 'E', 'SO', 'C3O', 'O2;', '', 697),
(1005, 'E', 'SP', 'C3P', 'P1;P2;', '', 697),
(1006, 'E', 'SQ', 'C3Q', 'Q2;', '', 697),
(1007, 'E', 'SR', 'C3R', 'R1;R2;R3;R4;', '', 697),
(1008, 'H', 'S1', 'C4-1', '', '1-1;1-4;', 36),
(1009, 'H', 'S2', 'C5-2', '', '2-1;2-3;2-4;', 36),
(1010, 'H', 'S3', 'C6-3', '', '3-1;3-3;3-4;', 36),
(1011, 'H', 'S5', 'C6-5', '', '5-1;5-2;', 36),
(1012, 'H', 'S8', 'C4-8', '', '8-10;8-8;8-9;', 36),
(1013, 'E', 'SA', 'C3A', 'A5;', '', 698),
(1014, 'E', 'SA', 'C4A', 'A1;A2;A5;A6;', '', 699),
(1015, 'E', 'SC', 'C5C', 'C1;C3;', '', 699),
(1016, 'E', 'SI', 'C5I', 'I1;', '', 699),
(1017, 'E', 'SN', 'C3N', 'N1;N3;', '', 699),
(1018, 'E', 'SO', 'C3O', 'O1;O2;', '', 699),
(1019, 'E', 'SP', 'C3P', 'P1;P2;', '', 699),
(1020, 'E', 'SQ', 'C3Q', 'Q1;Q2;', '', 699),
(1021, 'E', 'SR', 'C3R', 'R1;R2;R3;R4;', '', 699),
(1022, 'E', 'SA', 'C4A', 'A1;A2;A5;A6;', '', 700),
(1023, 'E', 'SC', 'C5C', 'C1;C3;C5;', '', 700),
(1024, 'E', 'SN', 'C3N', 'N1;N3;', '', 700),
(1025, 'E', 'SO', 'C3O', 'O1;O2;', '', 700),
(1026, 'E', 'SP', 'C3P', 'P1;P2;', '', 700),
(1027, 'E', 'SQ', 'C3Q', 'Q1;Q2;', '', 700),
(1028, 'E', 'SR', 'C3R', 'R1;R2;R3;R4;', '', 700),
(1029, 'E', 'SA', 'C4A', 'A1;A2;', '', 701),
(1030, 'E', 'SL', 'C4L', 'L1;L4;L5;', '', 701),
(1031, 'E', 'SM', 'C4M', 'M1;M3;', '', 701),
(1032, 'E', 'SN', 'C3N', 'N1;', '', 701),
(1033, 'E', 'SO', 'C3O', 'O1;', '', 701),
(1034, 'E', 'SP', 'C3P', 'P1;P2;', '', 701),
(1035, 'E', 'SQ', 'C3Q', 'Q1;Q2;', '', 701),
(1036, 'E', 'SR', 'C3R', 'R1;R2;R3;R4;', '', 701),
(1037, 'E', 'SA', 'C4A', 'A1;A2;A5;', '', 702),
(1038, 'E', 'SC', 'C5C', 'C1;C3;', '', 702),
(1039, 'E', 'SL', 'C4L', 'L1;L3;L4;L5;L6;', '', 702),
(1040, 'E', 'SN', 'C3N', 'N1;N3;', '', 702),
(1041, 'E', 'SO', 'C3O', 'O1;O2;', '', 702),
(1042, 'E', 'SP', 'C3P', 'P1;P2;', '', 702),
(1043, 'E', 'SQ', 'C3Q', 'Q1;Q2;', '', 702),
(1044, 'E', 'SR', 'C3R', 'R1;R2;R3;R4;', '', 702),
(1045, 'E', 'ST', 'C3T', 'T1;', '', 702),
(1046, 'E', 'SU', 'C3U', 'U1;', '', 702),
(1047, 'E', 'SA', 'C3A', 'A5;', '', 703),
(1048, 'E', 'SC', 'C5C', 'C1;C3;C5;', '', 703),
(1049, 'E', 'SL', 'C4L', 'L1;L4;L5;L6;', '', 703),
(1050, 'E', 'SM', 'C4M', 'M1;M3;', '', 703),
(1051, 'E', 'SN', 'C3N', 'N1;', '', 703),
(1052, 'E', 'SO', 'C3O', 'O1;', '', 703),
(1053, 'E', 'SP', 'C3P', 'P1;', '', 703),
(1054, 'E', 'SQ', 'C3Q', 'Q1;', '', 703),
(1055, 'E', 'SA', 'C4A', 'A1;A2;', '', 704),
(1056, 'E', 'SJ', 'C4J', 'J1;J2;J3;J4;J5;', '', 704),
(1057, 'E', 'SK', 'C4K', 'K1;', '', 704),
(1058, 'E', 'SL', 'C4L', 'L1;L3;L4;L5;', '', 704),
(1059, 'E', 'SM', 'C4M', 'M1;M3;', '', 704),
(1060, 'E', 'SN', 'C3N', 'N1;N3;', '', 704),
(1061, 'E', 'SP', 'C3P', 'P1;P2;', '', 704),
(1062, 'E', 'SQ', 'C3Q', 'Q1;Q2;', '', 704),
(1063, 'E', 'SA', 'C4A', 'A1;A2;A5;A6;', '', 469),
(1064, 'E', 'SC', 'C5C', 'C1;C3;', '', 469),
(1065, 'E', 'SL', 'C4L', 'L1;L3;L4;L5;L6;', '', 469),
(1066, 'E', 'SM', 'C4M', 'M1;M3;', '', 469),
(1067, 'E', 'SN', 'C3N', 'N1;N3;', '', 469),
(1068, 'E', 'SO', 'C3O', 'O1;O2;', '', 469),
(1069, 'E', 'SP', 'C3P', 'P1;P2;', '', 469),
(1070, 'E', 'SQ', 'C3Q', 'Q1;Q2;', '', 469),
(1071, 'E', 'SY', 'C5Y', 'Y6;', '', 469),
(1072, 'E', 'SA', 'C2A', 'A3;', 'A2;A5;', 146),
(1073, 'E', 'SN', 'C1N', 'N2;N3;', 'N1;', 146),
(1074, 'E', 'SO', 'C1O', 'O2;', 'O1;', 146),
(1075, 'E', 'SP', 'C1P', 'P2;', 'P1;', 146),
(1076, 'E', 'SQ', 'C3Q', 'Q2;', '', 146),
(1077, 'E', 'SA', 'C4A', 'A1;A2;A5;', '', 705),
(1078, 'E', 'SB', 'C5B', 'B11;', '', 705),
(1079, 'E', 'SC', 'C5C', 'C1;C3;C5;', '', 705),
(1080, 'E', 'SN', 'C3N', 'N1;N3;', '', 705),
(1081, 'E', 'SO', 'C3O', 'O1;', '', 705),
(1082, 'E', 'SQ', 'C3Q', 'Q1;Q2;', '', 705),
(1083, 'E', 'SA', 'C5A', 'A1;A2;A5;A6;', '', 706),
(1084, 'E', 'SB', 'C5B', 'B1;B11;B3;B4;', '', 706),
(1085, 'E', 'SC', 'C4C', 'C1;C3;C5;', '', 706),
(1086, 'E', 'SD', 'C5D', 'D1;', '', 706),
(1087, 'E', 'SI', 'C5I', 'I1;I3;I4;I5;I6;I7;I8;', '', 706),
(1088, 'E', 'SJ', 'C4J', 'J1;J2;J3;J4;J5;', '', 706),
(1089, 'E', 'SK', 'C4K', 'K4;K5;K6;K7;', '', 706),
(1090, 'E', 'SL', 'C4L', 'L1;L3;L4;L5;L6;', '', 706),
(1091, 'E', 'SM', 'C4M', 'M1;M3;', '', 706),
(1092, 'E', 'SN', 'C3N', 'N1;N3;', '', 706),
(1093, 'E', 'SO', 'C3O', 'O1;O2;', '', 706),
(1094, 'E', 'SP', 'C3P', 'P1;P2;', '', 706),
(1095, 'E', 'SQ', 'C3Q', 'Q1;Q2;', '', 706),
(1096, 'E', 'SS', 'C3S', 'S1;', '', 706),
(1097, 'E', 'ST', 'C3T', 'T1;', '', 706),
(1098, 'E', 'SU', 'C3U', 'U1;', '', 706),
(1099, 'E', 'SX', 'C3X', 'X1;X2;', '', 706),
(1100, 'E', 'SY', 'C5Y', 'Y6;', '', 706),
(1101, 'E', 'SA', 'C4A', 'A1;A2;A5;A6;', '', 707),
(1102, 'E', 'SB', 'C5B', 'B1;B11;B3;B4;', '', 707),
(1103, 'E', 'SC', 'C5C', 'C1;C3;C5;', '', 707),
(1104, 'E', 'SD', 'C5D', 'D1;', '', 707),
(1105, 'E', 'SE', 'C5E', 'E10;E9;', '', 707),
(1106, 'E', 'SI', 'C5I', 'I1;I3;I4;I5;I6;I7;I8;', '', 707),
(1107, 'E', 'SJ', 'C4J', 'J1;J2;J3;J4;J5;', '', 707),
(1108, 'E', 'SL', 'C4L', 'L1;L3;L4;L5;L6;', '', 707),
(1109, 'E', 'SN', 'C3N', 'N1;N3;', '', 707),
(1110, 'E', 'SO', 'C3O', 'O1;O2;', '', 707),
(1111, 'E', 'SP', 'C3P', 'P1;P2;', '', 707),
(1112, 'E', 'SQ', 'C3Q', 'Q1;Q2;', '', 707),
(1113, 'E', 'SR', 'C3R', 'R1;R2;R3;R4;', '', 707),
(1114, 'E', 'SS', 'C3S', 'S1;', '', 707),
(1115, 'E', 'SY', 'C5Y', 'Y2;Y6;', '', 707),
(1116, 'E', 'SA', 'C5A', 'A6;', '', 708),
(1117, 'E', 'SM', 'C4M', 'M1;M3;', '', 708),
(1118, 'E', 'SN', 'C3N', 'N1;N3;', '', 708),
(1119, 'E', 'SO', 'C3O', 'O1;O2;', '', 708),
(1120, 'E', 'SP', 'C3P', 'P1;P2;', '', 708),
(1121, 'E', 'SQ', 'C3Q', 'Q2;', '', 708),
(1122, 'E', 'SA', 'C4A', 'A1;A2;A5;', '', 709),
(1123, 'E', 'SB', 'C5B', 'B11;B3;', '', 709),
(1124, 'E', 'SC', 'C5C', 'C1;C3;C5;', '', 709),
(1125, 'E', 'SN', 'C3N', 'N1;N3;', '', 709),
(1126, 'E', 'SO', 'C3O', 'O1;O2;', '', 709),
(1127, 'E', 'SP', 'C3P', 'P1;P2;', '', 709),
(1128, 'E', 'SQ', 'C3Q', 'Q1;Q2;', '', 709),
(1129, 'E', 'SA', 'C5A', 'A1;A2;A5;A6;', '', 710),
(1130, 'E', 'SB', 'C4B', 'B1;B11;B3;B4;', '', 710),
(1131, 'E', 'SC', 'C4C', 'C1;C3;C5;', '', 710),
(1132, 'E', 'SD', 'C5D', 'D1;', '', 710),
(1133, 'E', 'SN', 'C3N', 'N1;N3;', '', 710),
(1134, 'E', 'SO', 'C3O', 'O1;O2;', '', 710),
(1135, 'E', 'SP', 'C3P', 'P1;P2;', '', 710),
(1136, 'E', 'SQ', 'C3Q', 'Q1;Q2;', '', 710),
(1137, 'E', 'SR', 'C3R', 'R1;R2;R3;R4;', '', 710),
(1138, 'E', 'SY', 'C5Y', 'Y2;Y6;', '', 710),
(1139, 'E', 'SB', 'C5B', 'B3;', '', 711),
(1140, 'E', 'SC', 'C5C', 'C1;C3;', '', 711),
(1141, 'E', 'SD', 'C5D', 'D1;', '', 711),
(1142, 'E', 'SL', 'C4L', 'L1;L3;L4;L5;L6;', '', 711),
(1143, 'E', 'SM', 'C4M', 'M1;M3;', '', 711),
(1144, 'E', 'SN', 'C3N', 'N1;N3;', '', 711),
(1145, 'E', 'SO', 'C3O', 'O2;', '', 711),
(1146, 'E', 'SP', 'C3P', 'P1;P2;', '', 711),
(1147, 'E', 'SQ', 'C3Q', 'Q1;Q2;', '', 711),
(1148, 'E', 'SR', 'C3R', 'R1;R2;R3;', '', 711),
(1149, 'E', 'ST', 'C3T', 'T1;', '', 711),
(1150, 'E', 'SU', 'C3U', 'U1;', '', 711),
(1151, 'E', 'SA', 'C4A', 'A1;A2;A6;', '', 319);
INSERT INTO `qualification` (`id`, `ministere`, `secteur`, `class`, `Provisoire`, `Définitive`, `id_Entreprise`) VALUES
(1152, 'E', 'SB', 'C4B', 'B1;B3;B4;', '', 319),
(1153, 'E', 'SC', 'C5C', 'C1;C3;C5;', '', 319),
(1154, 'E', 'SD', 'C5D', 'D1;', '', 319),
(1155, 'E', 'SJ', 'C3J', 'J2;J3;J4;J5;', '', 319),
(1156, 'E', 'SK', 'C3K', 'K1;', '', 319),
(1157, 'E', 'SL', 'C4L', 'L3;L6;', '', 319),
(1158, 'E', 'SN', 'C3N', 'N3;', '', 319),
(1159, 'E', 'SO', 'C3O', 'O2;', '', 319),
(1160, 'E', 'SP', 'C3P', 'P1;', '', 319),
(1161, 'E', 'SQ', 'C3Q', 'Q2;', '', 319),
(1162, 'E', 'SR', 'C3R', 'R1;R2;R3;R4;', '', 319),
(1163, 'E', 'SS', 'C3S', 'S1;', '', 319),
(1164, 'E', 'ST', 'C3T', 'T1;', '', 319),
(1165, 'E', 'SU', 'C3U', 'U1;', '', 319),
(1166, 'E', 'SX', 'C3X', 'X2;X3;', '', 319),
(1167, 'E', 'SO', 'C3O', 'O1;', '', 712),
(1168, 'H', 'S2', 'C6-2', '', '2-1;2-2;2-3;2-4;', 577),
(1169, 'H', 'S3', 'C3-3', '', '3-1;3-4;3-5;', 577),
(1170, 'H', 'S11', 'C6-11', '', '11-6;11-7;', 713),
(1171, 'H', 'S1', 'C4-1', '', '1-1;', 3),
(1172, 'H', 'S2', 'C5-2', '2-4;', '2-1;2-2;2-3;', 3),
(1173, 'H', 'S3', 'C5-3', '', '3-1;3-3;3-4;3-5;', 3),
(1174, 'H', 'S4', 'C3-4', '', '4-1;4-2;', 3),
(1175, 'H', 'S5', 'C3-5', '', '5-1;5-2;5-3;', 3),
(1176, 'H', 'S7', 'C6-7', '', '7-1;7-2;7-3;', 3),
(1177, 'H', 'S8', 'C4-8', '', '8-1;', 3),
(1178, 'H', 'S9', 'C4-9', '', '9-1;9-3;', 3),
(1179, 'H', 'S2', 'C5-2', '', '2-1;2-2;2-3;2-4;', 580),
(1180, 'H', 'S3', 'C3-3', '', '3-1;3-4;3-5;', 580),
(1181, 'H', 'S14', 'C3-14', '', '14-1;14-2;', 313),
(1182, 'H', 'S2', 'C4-2', '', '2-1;2-2;2-3;2-4;', 613),
(1183, 'H', 'S3', 'C3-3', '', '3-1;3-4;3-5;', 613),
(1184, 'H', 'S2', 'C5-2', '', '2-1;2-2;2-3;2-4;', 495),
(1185, 'H', 'S3', 'C6-3', '', '3-1;3-4;3-5;', 495),
(1186, 'H', 'S8', 'C5-8', '', '8-1;', 495),
(1187, 'H', 'S1', 'C4-1', '1-2;1-5;', '1-1;', 588),
(1188, 'H', 'S2', 'C6-2', '', '2-1;2-2;2-3;2-4;', 588),
(1189, 'H', 'S3', 'C6-3', '3-2;3-3;', '3-1;3-4;3-5;', 588),
(1190, 'H', 'S4', 'C6-4', '', '4-1;4-2;4-3;', 588),
(1191, 'H', 'S5', 'C5-5', '5-2;', '5-1;5-3;', 588),
(1192, 'H', 'S6', 'C4-6', '', '6-1;6-2;', 588),
(1193, 'H', 'S9', 'C5-9', '', '9-1;9-2;9-3;', 410),
(1194, 'E', 'SK', 'C4K', 'K1;', '', 609),
(1195, 'E', 'SR', 'C3R', 'R1;R2;R3;R4;', '', 609),
(1196, 'E', 'ST', 'C3T', 'T1;', '', 609),
(1197, 'E', 'SX', 'C3X', 'X2;', '', 609),
(1198, 'E', 'SY', 'C5Y', 'Y6;', '', 609),
(1199, 'E', 'SA', 'C5A', 'A2;A5;', '', 714),
(1200, 'E', 'SM', 'C4M', 'M1;M3;', '', 714),
(1201, 'E', 'SN', 'C3N', 'N1;N3;', '', 714),
(1202, 'E', 'SO', 'C3O', 'O1;', '', 714),
(1203, 'E', 'SP', 'C3P', 'P1;P2;', '', 714),
(1204, 'E', 'SQ', 'C3Q', 'Q1;Q2;', '', 714),
(1205, 'E', 'ST', 'C3T', 'T1;', '', 714),
(1206, 'E', 'SU', 'C3U', 'U1;', '', 714),
(1207, 'H', 'S4', '4-4', '', '4-1;4-2;4-3;', 600),
(1208, 'E', 'SI', 'C5I', 'I1;I2;I3;I4;I5;I6;I7;I8;', '', 715),
(1209, 'E', 'SJ', 'C4J', 'J1;J2;J3;J4;J5;', '', 715),
(1210, 'E', 'SA', 'C3A', 'A1;A2;A5;A6;', '', 716),
(1211, 'E', 'SB', 'C4B', 'B1;B11;B3;B4;', '', 716),
(1212, 'E', 'SC', 'C4C', 'C1;C3;C5;', '', 716),
(1213, 'E', 'SD', 'C5D', 'D1;', '', 716),
(1214, 'E', 'SL', 'C4L', 'L1;L3;', '', 716),
(1215, 'E', 'SM', 'C4M', 'M1;M3;', '', 716),
(1216, 'E', 'SN', 'C3N', 'N1;N3;', '', 716),
(1217, 'E', 'SO', 'C3O', 'O1;O2;', '', 716),
(1218, 'E', 'SP', 'C3P', 'P1;P2;', '', 716),
(1219, 'E', 'SQ', 'C3Q', 'Q2;', '', 716),
(1220, 'E', 'SY', 'C5Y', 'Y6;', '', 716),
(1221, 'H', 'S9', 'C3-9', '', '9-1;', 189),
(1222, 'H', 'S18', 'C2-18', '', '18-1;', 189),
(1223, 'H', 'S7', 'C4-7', '', '7-1;7-2;7-3;', 627),
(1224, 'E', 'SA', 'C4A', 'A1;A2;A5;A6;', '', 717),
(1225, 'E', 'SC', 'C5C', 'C1;C3;', '', 717),
(1226, 'E', 'SN', 'C3N', 'N1;N3;', '', 717),
(1227, 'E', 'SO', 'C3O', 'O1;O2;', '', 717),
(1228, 'E', 'SP', 'C3P', 'P1;P2;', '', 717),
(1229, 'E', 'SQ', 'C3Q', 'Q1;Q2;', '', 717),
(1230, 'E', 'SR', 'C3R', 'R1;R2;R3;R4;', '', 717),
(1231, 'E', 'SU', 'C3U', 'U1;', '', 717),
(1232, 'E', 'SJ', 'C4J', 'J2;J3;J4;J5;', '', 718),
(1233, 'E', 'SK', 'C4K', 'K1;K4;K5;K6;K7;', '', 718),
(1234, 'E', 'SA', 'C4A', 'A1;A2;A5;', '', 719),
(1235, 'E', 'SB', 'C5B', 'B11;', '', 719),
(1236, 'E', 'SC', 'C5C', 'C1;C3;C5;', '', 719),
(1237, 'E', 'SM', 'C4M', 'M1;M3;', '', 719),
(1238, 'E', 'SN', 'C3N', 'N1;N3;', '', 719),
(1239, 'E', 'SO', 'C3O', 'O1;', '', 719),
(1240, 'E', 'SP', 'C3P', 'P1;P2;', '', 719),
(1241, 'E', 'SQ', 'C3Q', 'Q1;Q2;', '', 719),
(1242, 'E', 'SR', 'C3R', 'R1;R2;R3;R4;', '', 719),
(1243, 'E', 'SA', 'C5A', 'A1;A2;', '', 720),
(1244, 'E', 'SC', 'C5C', 'C1;C3;', '', 720),
(1245, 'E', 'SL', 'C4L', 'L1;L3;L4;L5;L6;', '', 720),
(1246, 'E', 'SM', 'C4M', 'M1;M3;', '', 720),
(1247, 'E', 'SN', 'C3N', 'N1;N3;', '', 720),
(1248, 'E', 'SO', 'C3O', 'O1;', '', 720),
(1249, 'E', 'SP', 'C3P', 'P1;P2;', '', 720),
(1250, 'E', 'SQ', 'C3Q', 'Q1;Q2;', '', 720),
(1251, 'E', 'SA', 'C4A', 'A1;A2;A5;A6;', '', 721),
(1252, 'E', 'SB', 'C5B', 'B11;B3;', '', 721),
(1253, 'E', 'SC', 'C5C', 'C1;C3;', '', 721),
(1254, 'E', 'SD', 'C5D', 'D1;', '', 721),
(1255, 'E', 'SL', 'C4L', 'L1;L3;L4;L5;L6;', '', 721),
(1256, 'E', 'SM', 'C4M', 'M1;M3;', '', 721),
(1257, 'E', 'SN', 'C3N', 'N1;N3;', '', 721),
(1258, 'E', 'SO', 'C3O', 'O1;', '', 721),
(1259, 'E', 'SP', 'C3P', 'P1;P2;', '', 721),
(1260, 'E', 'SQ', 'C3Q', 'Q1;Q2;', '', 721),
(1261, 'E', 'SR', 'C3R', 'R1;R2;R3;R4;', '', 721),
(1262, 'E', 'ST', 'C3T', 'T1;', '', 721),
(1263, 'E', 'SU', 'C3U', 'U1;', '', 721),
(1264, 'E', 'SA', 'C4A', 'A2;A5;', '', 722),
(1265, 'E', 'SB', 'C5B', 'B11;', '', 722),
(1266, 'E', 'SC', 'C5C', 'C1;C3;C5;', '', 722),
(1267, 'E', 'SN', 'C3N', 'N1;', '', 722),
(1268, 'E', 'SO', 'C3O', 'O1;O2;', '', 722),
(1269, 'E', 'SP', 'C3P', 'P1;P2;', '', 722),
(1270, 'E', 'SQ', 'C3Q', 'Q1;Q2;', '', 722),
(1271, 'E', 'SA', 'C4A', 'A1;A2;A6;', '', 723),
(1272, 'E', 'SB', 'C4B', 'B1;B11;B3;B4;', '', 723),
(1273, 'E', 'SC', 'C4C', 'C1;C3;C5;', '', 723),
(1274, 'E', 'SD', 'C5D', 'D1;', '', 723),
(1275, 'E', 'SI', 'C5I', 'I1;', '', 723),
(1276, 'E', 'SJ', 'C4J', 'J1;J2;J3;J4;J5;', '', 723),
(1277, 'E', 'SK', 'C4K', 'K1;K6;', '', 723),
(1278, 'E', 'SL', 'C4L', 'L1;L3;L4;L5;L6;', '', 723),
(1279, 'E', 'SN', 'C3N', 'N1;N3;', '', 723),
(1280, 'E', 'SO', 'C3O', 'O1;O2;', '', 723),
(1281, 'E', 'SP', 'C3P', 'P1;P2;', '', 723),
(1282, 'E', 'SQ', 'C3Q', 'Q1;Q2;', '', 723),
(1283, 'E', 'ST', 'C3T', 'T1;', '', 723),
(1284, 'E', 'SU', 'C3U', 'U1;', '', 723),
(1285, 'E', 'SY', 'C5Y', 'Y2;Y6;', '', 723),
(1286, 'H', 'S1', 'C6-1', '', '1-1;1-2;1-3;1-4;1-5;', 133),
(1287, 'H', 'S2', 'C6-2', '', '2-1;2-2;2-3;2-4;', 133),
(1288, 'H', 'S3', 'C6-3', '3-2;3-3;', '3-1;3-4;3-5;', 133),
(1289, 'H', 'S8', 'C1-8', '8-3;8-7;8-8;', '8-1;', 133),
(1290, 'H', 'S2', 'C3-2', '', '2-3;', 184),
(1291, 'E', 'SA', 'C4A', 'A1;A2;A5;A6;', '', 725),
(1292, 'E', 'SC', 'C5C', 'C1;C3;', '', 725),
(1293, 'E', 'SL', 'C4L', 'L1;L3;L4;L5;L6;', '', 725),
(1294, 'E', 'SN', 'C3N', 'N1;N3;', '', 725),
(1295, 'E', 'SO', 'C3O', 'O1;O2;', '', 725),
(1296, 'E', 'SP', 'C3P', 'P1;P2;', '', 725),
(1297, 'E', 'SQ', 'C3Q', 'Q1;Q2;', '', 725),
(1298, 'E', 'SA', 'C4A', 'A5;A6;', '', 726),
(1299, 'E', 'SC', 'C5C', 'C1;C3;', '', 726),
(1300, 'E', 'SN', 'C3N', 'N1;N3;', '', 726),
(1301, 'E', 'SO', 'C3O', 'O1;O2;', '', 726),
(1302, 'E', 'SP', 'C3P', 'P1;P2;', '', 726),
(1303, 'E', 'SQ', 'C3Q', 'Q1;Q2;', '', 726),
(1304, 'E', 'ST', 'C3T', 'T1;', '', 726),
(1305, 'E', 'SU', 'C3U', 'U1;', '', 726),
(1306, 'E', 'SV', 'C3V', 'V1;', '', 727),
(1307, 'E', 'SA', 'C4A', 'A5;A6;', '', 728),
(1308, 'E', 'SB', 'C5B', 'B11;', '', 728),
(1309, 'E', 'SC', 'C5C', 'C1;C3;', '', 728),
(1310, 'E', 'SL', 'C4L', 'L1;L3;L4;', '', 728),
(1311, 'E', 'SM', 'C3M', 'M3;', '', 728),
(1312, 'E', 'SN', 'C3N', 'N3;', '', 728),
(1313, 'E', 'SO', 'C3O', 'O2;', '', 728),
(1314, 'E', 'SQ', 'C3Q', 'Q1;Q2;', '', 728),
(1315, 'E', 'SA', 'C2A', 'A3;A5;A6;', 'A2;', 630),
(1316, 'H', 'S8', 'C4-8', '8-3;8-4;8-7;8-8;', '8-1;', 371),
(1317, 'H', 'S9', 'C5-9', '9-2;', '9-1;9-3;', 371),
(1318, 'H', 'S2', 'C2-2', '2-3;2-4;', '2-1;2-2;', 121),
(1319, 'H', 'S3', 'C4-3', '3-2;3-3;', '3-1;3-4;3-5;', 121),
(1320, 'H', 'S5', 'C4-5', '', '5-1;5-2;5-3;', 121),
(1321, 'H', 'S8', 'C5-8', '8-1;8-2;8-3;8-7;', '8-8;8-9;8-10;', 121),
(1322, 'E', 'SA', 'C4A', 'A5;', '', 729),
(1323, 'E', 'SK', 'C4K', 'K1;', '', 729),
(1324, 'E', 'SL', 'C4L', 'L1;L3;L4;L5;L6;', '', 729),
(1325, 'E', 'SM', 'C4M', 'M1;M3;', '', 729),
(1326, 'E', 'SN', 'C3N', 'N2;N3;', '', 729),
(1327, 'E', 'SO', 'C3O', 'O1;O2;', '', 729),
(1328, 'E', 'SP', 'C3P', 'P1;', '', 729),
(1329, 'E', 'SQ', 'C3Q', 'Q2;', '', 729),
(1330, 'E', 'SR', 'C3R', 'R1;R2;R3;R4;', '', 729),
(1331, 'E', 'ST', 'C3T', 'T1;', '', 729),
(1332, 'E', 'SL', 'C4L', 'L1;L3;L4;L5;L6;', '', 730),
(1333, 'E', 'SM', 'C4M', 'M1;M3;', '', 730),
(1334, 'E', 'SN', 'C3N', 'N3;', '', 730),
(1335, 'E', 'SO', 'C3O', 'O1;O2;', '', 730),
(1336, 'E', 'SQ', 'C3Q', 'Q1;Q2;', '', 730),
(1337, 'H', 'S2', 'C1-2', '', '', 563),
(1338, 'H', 'S9', 'C3-9', '', '9-1;9-3;', 563),
(1339, 'E', 'SA', 'C4A', 'A2;A5;', '', 731),
(1340, 'E', 'SK', 'C4K', 'K1;', '', 731),
(1341, 'E', 'SL', 'C4L', 'L1;L3;L4;L5;L6;', '', 731),
(1342, 'E', 'SM', 'C4M', 'M1;M3;', '', 731),
(1343, 'E', 'SN', 'C3N', 'N1;N3;', '', 731),
(1344, 'E', 'SO', 'C3O', 'O1;O2;', '', 731),
(1345, 'E', 'SP', 'C3P', 'P1;P2;', '', 731),
(1346, 'E', 'SQ', 'C3Q', 'Q1;Q2;', '', 731),
(1347, 'E', 'SR', 'C3R', 'R1;R2;R3;R4;', '', 731),
(1348, 'E', 'SA', 'C3A', '', 'A1;A2;A5;', 732),
(1349, 'E', 'SL', 'C4L', '', 'L1;L4;L5;', 732),
(1350, 'E', 'SM', 'C4M', '', 'M1;', 732),
(1351, 'E', 'SN', 'C3N', '', 'N1;', 732),
(1352, 'E', 'SO', 'C3O', '', 'O1;', 732),
(1353, 'E', 'SQ', 'C3Q', '', 'Q1;', 732),
(1354, 'E', 'SI', 'C2I', 'I1;I2;I3;I4;I5;I8;', 'I6;I7;', 301),
(1355, 'E', 'SA', 'C3A', 'A6;', '', 301),
(1356, 'E', 'SB', 'C5B', 'B11;', '', 301),
(1357, 'E', 'SC', 'C5C', 'C1;C5;', '', 301),
(1358, 'E', 'SD', 'C5D', 'D1;', '', 301),
(1359, 'E', 'SJ', 'C3J', 'J1;J2;J3;J4;J5;', '', 301),
(1360, 'E', 'SK', 'C4K', 'K1;K4;K5;K6;', '', 301),
(1361, 'E', 'SL', 'C3L', 'L1;L2;L3;L4;L5;L6;L7;L8;', '', 301),
(1362, 'E', 'SM', 'C4M', 'M1;M3;', '', 301),
(1363, 'E', 'SN', 'C3N', 'N1;N3;', '', 301),
(1364, 'E', 'SO', 'C3O', 'O1;O2;', '', 301),
(1365, 'E', 'SP', 'C3P', 'P1;P2;', '', 301),
(1366, 'E', 'SQ', 'C3Q', 'Q1;Q2;', '', 301),
(1367, 'E', 'SS', 'C3S', 'S1;', '', 301),
(1368, 'E', 'ST', 'C3T', 'T1;', '', 301),
(1369, 'E', 'SU', 'C3U', 'U1;', '', 301),
(1370, 'E', 'SL', 'C2L', 'L3;L6;', 'L1;L4;L5;', 733),
(1371, 'E', 'ST', 'C3T', 'T1;', '', 733),
(1372, 'E', 'SU', 'C3U', 'U1;', '', 733),
(1373, 'E', 'SA', 'C3A', 'A6;', '', 734),
(1374, 'E', 'SL', 'C3L', 'L1;L3;L4;L5;L6;', '', 734),
(1375, 'E', 'SN', 'C2N', 'N2;N3;', 'N1;', 735),
(1376, 'E', 'SA', 'C4A', 'A1;A2;A5;A6;', '', 735),
(1377, 'E', 'SB', 'C5B', 'B11;B3;', '', 735),
(1378, 'E', 'SC', 'C5C', 'C1;C3;', '', 735),
(1379, 'E', 'SD', 'C5D', 'D1;', '', 735),
(1380, 'E', 'SL', 'C4L', 'L1;L3;L4;L5;L6;', '', 735),
(1381, 'E', 'SM', 'C4M', 'M1;M3;', '', 735),
(1382, 'E', 'SO', 'C3O', 'O1;O2;', '', 735),
(1383, 'E', 'SP', 'C3P', 'P1;P2;', '', 735),
(1384, 'E', 'SQ', 'C3Q', 'Q1;Q2;', '', 735),
(1385, 'E', 'SJ', 'C4J', 'J1;J2;J3;J4;J5;', '', 736),
(1386, 'E', 'SK', 'C4K', 'K1;K2;K3;K4;K5;K6;K7;', '', 736),
(1387, 'E', 'SA', 'C4A', 'A5;', '', 26),
(1388, 'E', 'SN', 'C3N', 'N1;N3;', '', 26),
(1389, 'E', 'SA', 'C4A', 'A1;A2;A5;A6;', '', 739),
(1390, 'E', 'SC', 'C5C', 'C1;C3;', '', 739),
(1391, 'E', 'SK', 'C4K', 'K1;', '', 739),
(1392, 'E', 'SN', 'C3N', 'N1;N3;', '', 739),
(1393, 'E', 'SO', 'C3O', 'O1;O2;', '', 739),
(1394, 'E', 'SP', 'C3P', 'P1;P2;', '', 739),
(1395, 'E', 'SQ', 'C3Q', 'Q1;Q2;', '', 739),
(1396, 'E', 'SR', 'C3R', 'R1;R2;R3;R4;', '', 739),
(1397, 'E', 'ST', 'C3T', 'T1;', '', 739),
(1398, 'E', 'SU', 'C3U', 'U1;', '', 739),
(1399, 'E', 'SA', 'C5A', 'A1;A2;', '', 741),
(1400, 'E', 'SC', 'C5C', 'C1;C3;', '', 741),
(1401, 'E', 'SL', 'C4L', 'L1;L3;L5;L6;', '', 741),
(1402, 'E', 'SN', 'C3N', 'N1;N3;', '', 741),
(1403, 'E', 'SP', 'C3P', 'P1;P2;', '', 741),
(1404, 'E', 'SQ', 'C3Q', 'Q1;Q2;', '', 741),
(1405, 'E', 'SR', 'C3R', 'R1;R2;R3;R4;', '', 741),
(1406, 'E', 'ST', 'C3T', 'T1;', '', 741),
(1407, 'E', 'SU', 'C3U', 'U1;', '', 741),
(1408, 'H', 'S4', 'C5-4', '', '4-1;4-2;4-3;', 605),
(1409, 'H', 'S7', 'C5-7', '', '7-1;7-2;7-3;', 605),
(1410, 'H', 'S14', 'C2-14', '', '14-1;14-2;14-3;', 605),
(1411, 'H', 'S7', 'C4-7', '', '7-1;7-2;7-3;', 626),
(1412, 'H', 'S3', 'C1-3', '', '3-1;', 180),
(1413, 'H', 'S5', 'C3-5', '', '5-1;5-2;', 180),
(1414, 'E', 'SA', 'C5A', 'A1;A2;A5;A6;', '', 742),
(1415, 'E', 'SC', 'C4C', 'C1;C3;C5;', '', 742),
(1416, 'E', 'SI', 'C5I', 'I1;', '', 742),
(1417, 'E', 'SJ', 'C4J', 'J1;J2;J3;J4;J5;', '', 742),
(1418, 'E', 'SL', 'C4L', 'L1;L3;L4;L5;', '', 742),
(1419, 'E', 'SM', 'C4M', 'M1;M3;', '', 742),
(1420, 'E', 'SN', 'C3N', 'N1;N3;', '', 742),
(1421, 'E', 'SO', 'C3O', 'O1;O2;', '', 742),
(1422, 'E', 'SP', 'C3P', 'P1;P2;', '', 742),
(1423, 'E', 'SQ', 'C3Q', 'Q1;Q2;', '', 742),
(1424, 'E', 'SU', 'C3U', 'U1;', '', 742),
(1425, 'E', 'SJ', 'C2J', 'J1;J2;J3;J4;J5;', '', 743),
(1426, 'E', 'SK', 'C4K', 'K1;K2;K6;', '', 743),
(1427, 'E', 'SM', 'C4M', 'M1;M3;', '', 743),
(1428, 'E', 'SN', 'C3N', 'N1;N3;', '', 743),
(1429, 'E', 'SO', 'C3O', 'O1;', '', 743),
(1430, 'E', 'SP', 'C3P', 'P1;P2;', '', 743),
(1431, 'E', 'SQ', 'C3Q', 'Q1;Q2;', '', 743),
(1432, 'E', 'SA', 'C5A', 'A1;A2;', '', 744),
(1433, 'E', 'SC', 'C5C', 'C1;C3;', '', 744),
(1434, 'E', 'SM', 'C4M', 'M1;M3;', '', 744),
(1435, 'E', 'SN', 'C3N', 'N1;N3;', '', 744),
(1436, 'E', 'SO', 'C3O', 'O1;', '', 744),
(1437, 'E', 'SQ', 'C3Q', 'Q1;', '', 744),
(1438, 'E', 'SA', 'C4A', 'A2;', '', 745),
(1439, 'E', 'SL', 'C4L', 'L4;L5;', '', 745),
(1440, 'E', 'SP', 'C3P', 'P1;', '', 745),
(1441, 'E', 'SQ', 'C3Q', 'Q1;', '', 745),
(1442, 'E', 'SJ', 'C3J', 'J2;J3;', '', 312),
(1443, 'E', 'SK', 'C4K', 'K1;', '', 312),
(1444, 'E', 'SL', 'C3L', 'L3;L6;', '', 312),
(1445, 'E', 'SM', 'C4M', 'M3;', '', 312),
(1446, 'E', 'SN', 'C3N', 'N3;', '', 312),
(1447, 'E', 'SO', 'C3O', 'O2;', '', 312),
(1448, 'E', 'SP', 'C3P', 'P1;', '', 312),
(1449, 'E', 'SQ', 'C3Q', 'Q2;', '', 312),
(1450, 'E', 'SA', 'C5A', 'A1;A2;A5;', '', 746),
(1451, 'E', 'SC', 'C5C', 'C1;C3;', '', 746),
(1452, 'E', 'SL', 'C4L', 'L1;', '', 746),
(1453, 'E', 'SM', 'C4M', 'M1;', '', 746),
(1454, 'E', 'SN', 'C3N', 'N1;N3;', '', 746),
(1455, 'E', 'SO', 'C3O', 'O1;', '', 746),
(1456, 'E', 'SP', 'C3P', 'P1;P2;', '', 746),
(1457, 'E', 'SQ', 'C3Q', 'Q1;', '', 746),
(1458, 'E', 'SR', 'C3R', 'R1;R2;R3;R4;', '', 746),
(1459, 'H', 'S3', 'C2-3', '', '3-1;', 503),
(1460, 'H', 'S5', 'C4-5', '', '5-1;5-2;', 503),
(1461, 'E', 'SK', 'C4K', 'K1;K6;K8;', '', 747),
(1462, 'E', 'SA', 'C4A', 'A6;', '', 748),
(1463, 'E', 'SC', 'C5C', 'C1;C3;', '', 748),
(1464, 'E', 'SL', 'C4L', 'L1;L3;L4;L5;L6;', '', 748),
(1465, 'E', 'SM', 'C4M', 'M1;M3;', '', 748),
(1466, 'E', 'SN', 'C3N', 'N1;N3;', '', 748),
(1467, 'E', 'SO', 'C3O', 'O1;O2;', '', 748),
(1468, 'E', 'SP', 'C3P', 'P1;P2;', '', 748),
(1469, 'E', 'SQ', 'C3Q', 'Q2;', '', 748),
(1470, 'E', 'SA', 'C4A', '', 'A1;A2;A5;', 749),
(1471, 'E', 'SM', 'C4M', 'M3;', 'M1;', 749),
(1472, 'E', 'SN', 'C3N', 'N3;', 'N1;', 749),
(1473, 'E', 'SO', 'C3O', '', 'O1;', 749),
(1474, 'E', 'SP', 'C3P', 'P1;', 'P2;', 749),
(1475, 'E', 'SQ', 'C3Q', 'Q2;', 'Q1;', 749),
(1476, 'E', 'SB', 'C5B', 'B11;B3;', '', 749),
(1477, 'E', 'SC', 'C5C', 'C1;C3;', '', 749),
(1478, 'E', 'SD', 'C5D', 'D1;', '', 749),
(1479, 'E', 'SL', 'C4L', 'L1;L3;L4;L5;L6;', '', 749),
(1480, 'H', 'S2', 'C4-2', '', '2-1;2-2;2-3;2-4;', 632),
(1481, 'H', 'S3', 'C4-3', '', '3-1;3-4;3-5;', 632),
(1482, 'H', 'S5', 'C4-5', '', '5-1;5-2;5-3;', 632),
(1483, 'E', 'SA', 'C4A', 'A1;A2;A5;A6;', '', 750),
(1484, 'E', 'SB', 'C4B', 'B1;B11;B3;B4;', '', 750),
(1485, 'E', 'SC', 'C5C', 'C1;C3;C5;', '', 750),
(1486, 'E', 'SD', 'C5D', 'D1;', '', 750),
(1487, 'E', 'SJ', 'C4J', 'J1;J2;J3;J4;J5;', '', 750),
(1488, 'E', 'SK', 'C4K', 'K1;K6;', '', 750),
(1489, 'E', 'SL', 'C4L', 'L1;L3;L4;L5;L6;', '', 750),
(1490, 'E', 'SM', 'C4M', 'M1;M3;', '', 750),
(1491, 'E', 'SN', 'C3N', 'N1;N3;', '', 750),
(1492, 'E', 'SO', 'C3O', 'O1;O2;', '', 750),
(1493, 'E', 'SP', 'C3P', 'P1;P2;', '', 750),
(1494, 'E', 'SQ', 'C3Q', 'Q1;Q2;', '', 750),
(1495, 'E', 'SR', 'C3R', 'R1;R2;R3;R4;', '', 750),
(1496, 'E', 'ST', 'C3T', 'T1;', '', 750),
(1497, 'E', 'SX', 'C3X', 'X1;X2;X3;', '', 750),
(1498, 'E', 'SA', 'C5A', 'A1;A2;A5;A6;', '', 751),
(1499, 'E', 'SB', 'C5B', 'B11;B3;', '', 751),
(1500, 'E', 'SC', 'C5C', 'C1;C3;', '', 751),
(1501, 'E', 'SL', 'C4L', 'L1;L3;L4;L5;L6;', '', 751),
(1502, 'E', 'SN', 'C3N', 'N1;N3;', '', 751),
(1503, 'E', 'SO', 'C3O', 'O1;O2;', '', 751),
(1504, 'E', 'SP', 'C3P', 'P1;P2;', '', 751),
(1505, 'E', 'SQ', 'C3Q', 'Q1;Q2;', '', 751),
(1506, 'E', 'SR', 'C3R', 'R1;R2;R3;R4;', '', 751),
(1507, 'E', 'ST', 'C3T', 'T1;', '', 751),
(1508, 'E', 'SU', 'C3U', 'U1;', '', 751),
(1509, 'E', 'SA', 'C5A', 'A1;A2;A5;A6;', '', 752),
(1510, 'E', 'SB', 'C4B', 'B11;B4;', '', 752),
(1511, 'E', 'SC', 'C5C', 'C1;C3;C5;', '', 752),
(1512, 'E', 'SD', 'C5D', 'D1;', '', 752),
(1513, 'E', 'SY', 'C5Y', 'Y6;', '', 752),
(1514, 'E', 'SK', 'C4K', 'K1;', '', 754),
(1515, 'E', 'SL', 'C4L', 'L1;L3;L6;', '', 754),
(1516, 'E', 'SM', 'C4M', 'M3;', '', 754),
(1517, 'E', 'SO', 'C3O', 'O1;', '', 754),
(1518, 'E', 'SP', 'C3P', 'P1;P2;', '', 754),
(1519, 'E', 'SQ', 'C3Q', 'Q1;Q2;', '', 754),
(1520, 'E', 'SA', 'C4A', 'A1;A2;A5;', '', 755),
(1521, 'E', 'SB', 'C5B', 'B11;', '', 755),
(1522, 'E', 'SC', 'C5C', 'C1;C3;C5;', '', 755),
(1523, 'E', 'SN', 'C3N', 'N1;N3;', '', 755),
(1524, 'E', 'SO', 'C3O', 'O1;', '', 755),
(1525, 'E', 'SP', 'C3P', 'P1;P2;', '', 755),
(1526, 'E', 'SQ', 'C3Q', 'Q1;Q2;', '', 755),
(1527, 'E', 'SR', 'C3R', 'R1;R2;R3;R4;', '', 755),
(1528, 'E', 'ST', 'C3T', 'T1;', '', 755),
(1529, 'E', 'SU', 'C3U', 'U1;', '', 755),
(1530, 'E', 'SA', 'C4A', 'A1;A2;A5;A6;', '', 756),
(1531, 'E', 'SB', 'C5B', 'B11;B3;', '', 756),
(1532, 'E', 'SC', 'C5C', 'C1;C3;C5;', '', 756),
(1533, 'E', 'SD', 'C5D', 'D1;D3;D6;', '', 756),
(1534, 'E', 'SL', 'C4L', 'L1;L2;L3;L4;L5;L6;L7;L8;', '', 756),
(1535, 'E', 'SM', 'C4M', 'M1;M3;', '', 756),
(1536, 'E', 'SN', 'C3N', 'N1;N3;', '', 756),
(1537, 'E', 'SO', 'C3O', 'O1;O2;', '', 756),
(1538, 'E', 'SP', 'C3P', 'P1;P2;', '', 756),
(1539, 'E', 'SQ', 'C3Q', 'Q1;Q2;', '', 756),
(1540, 'E', 'SY', 'C5Y', 'Y6;', '', 756),
(1541, 'E', 'SA', 'C5A', 'A1;A2;A5;', '', 757),
(1542, 'E', 'SC', 'C5C', 'C1;C3;C5;', '', 757),
(1543, 'E', 'SL', 'C4L', 'L1;L3;L4;L5;L6;', '', 757),
(1544, 'E', 'SN', 'C3N', 'N1;N3;', '', 757),
(1545, 'E', 'SO', 'C3O', 'O1;', '', 757),
(1546, 'E', 'SP', 'C3P', 'P1;P2;', '', 757),
(1547, 'E', 'SQ', 'C3Q', 'Q1;', '', 757),
(1548, 'E', 'SA', 'C1A', 'A3;A5;A6;A8;', 'A1;A2;', 562),
(1549, 'E', 'SL', 'C4L', 'L3;L6;', '', 562),
(1550, 'E', 'SN', 'C3N', 'N2;N3;', '', 562),
(1551, 'E', 'SO', 'C3O', 'O2;', '', 562),
(1552, 'E', 'SP', 'C3P', 'P2;', '', 562),
(1553, 'E', 'SQ', 'C3Q', 'Q2;', '', 562),
(1554, 'H', 'S9', 'C6-9', '', '9-1;9-3;', 562),
(1555, 'H', 'S10', 'C1-10', '', '10-1;', 562),
(1556, 'H', 'S11', 'C2-11', '', '11-1;11-2;11-4;11-5;11-6;11-7;11-8;', 562),
(1557, 'H', 'S16', 'C1-16', '', '16-1;16-2;', 562),
(1558, 'H', 'S18', 'C4-18', '', '18-1;18-2;18-4;', 562),
(1559, 'E', 'SA', 'C3A', 'A6;', '', 758),
(1560, 'E', 'SL', 'C4L', 'L4;L5;', '', 758),
(1561, 'E', 'SM', 'C4M', 'M3;', '', 758),
(1562, 'E', 'SN', 'C3N', 'N1;N3;', '', 758),
(1563, 'E', 'SO', 'C3O', 'O1;O2;', '', 758),
(1564, 'E', 'SP', 'C3P', 'P1;P2;', '', 758),
(1565, 'E', 'SQ', 'C3Q', 'Q1;Q2;', '', 758),
(1566, 'E', 'SA', 'C3A', 'A6;', '', 759),
(1567, 'E', 'SB', 'C5B', 'B3;', '', 759),
(1568, 'E', 'SC', 'C5C', 'C1;C3;', '', 759),
(1569, 'E', 'SD', 'C5D', 'D1;', '', 759),
(1570, 'E', 'SM', 'C4M', 'M3;', '', 759),
(1571, 'E', 'SN', 'C3N', 'N3;', '', 759),
(1572, 'E', 'SO', 'C3O', 'O2;', '', 759),
(1573, 'E', 'SP', 'C3P', 'P1;P2;', '', 759),
(1574, 'E', 'SQ', 'C3Q', 'Q2;', '', 759),
(1575, 'H', 'S2', 'C1-2', '2-1;2-3;2-4;', '', 759),
(1576, 'H', 'S9', 'C3-9', '', '9-1;9-3;', 759),
(1577, 'E', 'SA', 'C4A', 'A1;A2;A5;A6;', '', 760),
(1578, 'E', 'SI', 'C4I', 'I1;I2;I3;I4;I5;I6;I7;I8;', '', 760),
(1579, 'E', 'SJ', 'C2J', 'J1;J2;J3;J4;J5;J6;', '', 760),
(1580, 'E', 'SK', 'C4K', 'K1;K2;K3;K4;K5;K6;K7;K8;', '', 760),
(1581, 'E', 'SL', 'C4L', 'L1;L3;L4;L5;L6;', '', 760),
(1582, 'E', 'SM', 'C4M', 'M1;M3;', '', 760),
(1583, 'E', 'SN', 'C3N', 'N1;N3;', '', 760),
(1584, 'E', 'SO', 'C3O', 'O1;O2;', '', 760),
(1585, 'E', 'SP', 'C3P', 'P1;P2;', '', 760),
(1586, 'E', 'SQ', 'C3Q', 'Q1;Q2;', '', 760),
(1587, 'E', 'SA', 'C4A', 'A1;A2;A5;', '', 761),
(1588, 'E', 'SB', 'C5B', 'B11;', '', 761),
(1589, 'E', 'SC', 'C5C', 'C1;C3;C5;', '', 761),
(1590, 'E', 'SN', 'C3N', 'N1;N3;', '', 761),
(1591, 'E', 'SO', 'C3O', 'O1;', '', 761),
(1592, 'E', 'SQ', 'C3Q', 'Q1;Q2;', '', 761),
(1593, 'E', 'SI', 'C1I', '', 'I1;I2;I3;I4;I5;I6;I7;I8;', 713),
(1594, 'E', 'SL', 'C1L', 'L1;L2;L6;L7;', 'L3;L4;L5;L8;', 713),
(1595, 'E', 'SQ', 'C1Q', 'Q1;', 'Q2;', 713),
(1596, 'E', 'SA', 'C2A', 'A3;A6;', 'A1;A2;A5;', 762),
(1597, 'E', 'SB', 'C3B', 'B11;B4;', '', 762),
(1598, 'E', 'SC', 'C4C', 'C1;C5;', '', 762),
(1599, 'E', 'SD', 'C4D', 'D1;D3;', '', 762),
(1600, 'E', 'SL', 'C2L', 'L3;L4;L6;', '', 762),
(1601, 'E', 'SM', 'C4M', 'M3;', '', 762),
(1602, 'E', 'SN', 'C3N', 'N3;', '', 762),
(1603, 'E', 'SO', 'C3O', 'O2;', '', 762),
(1604, 'E', 'SP', 'C3P', 'P1;P2;', '', 762),
(1605, 'E', 'SQ', 'C3Q', 'Q1;Q2;', '', 762),
(1606, 'E', 'SR', 'C3R', 'R1;R2;R3;R4;', '', 762),
(1607, 'E', 'ST', 'C3T', 'T1;', '', 762),
(1608, 'E', 'SU', 'C3U', 'U1;', '', 762),
(1609, 'E', 'SY', 'C4Y', 'Y2;Y6;', '', 762),
(1610, 'E', 'SA', 'C3A', 'A1;A5;A6;', '', 763),
(1611, 'E', 'SC', 'C5C', 'C1;C3;', '', 763),
(1612, 'E', 'SN', 'C3N', 'N3;', '', 763),
(1613, 'E', 'SO', 'C3O', 'O1;O2;', '', 763),
(1614, 'E', 'SQ', 'C3Q', 'Q1;Q2;', '', 763),
(1615, 'E', 'SR', 'C3R', 'R1;R2;R3;R4;', '', 763),
(1616, 'E', 'SA', 'C5A', 'A1;A2;', '', 764),
(1617, 'E', 'SC', 'C5C', 'C1;C3;', '', 764),
(1618, 'E', 'SL', 'C4L', 'L1;L3;L5;L6;', '', 764),
(1619, 'E', 'SM', 'C4M', 'M3;', '', 764),
(1620, 'E', 'SP', 'C3P', 'P1;P2;', '', 764),
(1621, 'E', 'SQ', 'C3Q', 'Q1;Q2;', '', 764),
(1622, 'E', 'SX', 'C1X', '', 'X1;X2;X3;', 765),
(1623, 'E', 'SS', 'C3S', 'S1;', '', 766),
(1624, 'E', 'SB', 'C2B', 'B11;B4;', 'B1;B3;B5;', 767),
(1625, 'E', 'SA', 'C4A', 'A1;A2;A5;A6;', '', 768),
(1626, 'E', 'SB', 'C5B', 'B11;B3;', '', 768),
(1627, 'E', 'SC', 'C5C', 'C1;C3;', '', 768),
(1628, 'E', 'SD', 'C5D', 'D1;', '', 768),
(1629, 'E', 'SI', 'C5I', 'I1;', '', 768),
(1630, 'E', 'SN', 'C3N', 'N1;N3;', '', 768),
(1631, 'E', 'SO', 'C3O', 'O1;O2;', '', 768),
(1632, 'E', 'SP', 'C3P', 'P1;P2;', '', 768),
(1633, 'E', 'SQ', 'C3Q', 'Q1;Q2;', '', 768),
(1634, 'E', 'SR', 'C3R', 'R1;R2;R3;R4;', '', 768),
(1635, 'E', 'ST', 'C3T', 'T1;', '', 768),
(1636, 'E', 'SU', 'C3U', 'U1;', '', 768),
(1637, 'E', 'SA', 'C5A', 'A1;A2;', '', 769),
(1638, 'E', 'SC', 'C5C', 'C1;C3;', '', 769),
(1639, 'E', 'SI', 'C5I', 'I1;I4;I6;I7;I8;', '', 769),
(1640, 'E', 'SJ', 'C4J', 'J1;J2;J3;J4;J5;', '', 769),
(1641, 'E', 'SN', 'C3N', 'N1;N3;', '', 769),
(1642, 'E', 'SO', 'C3O', 'O1;', '', 769),
(1643, 'E', 'SP', 'C3P', 'P1;P2;', '', 769),
(1644, 'E', 'SQ', 'C3Q', 'Q1;Q2;', '', 769),
(1645, 'E', 'SU', 'C3U', 'U1;', '', 769),
(1646, 'E', 'SA', 'C4A', 'A1;A2;A5;A6;', '', 771),
(1647, 'E', 'SA', 'C5A', 'A1;A2;A6;', '', 772),
(1648, 'E', 'SB', 'C4B', 'B11;B4;B5;', '', 772),
(1649, 'E', 'SC', 'C5C', 'C1;C3;C5;', '', 772),
(1650, 'E', 'SD', 'C5D', 'D1;', '', 772),
(1651, 'E', 'SN', 'C3N', 'N3;', '', 772),
(1652, 'E', 'SO', 'C3O', 'O1;O2;', '', 772),
(1653, 'E', 'SP', 'C3P', 'P1;P2;', '', 772),
(1654, 'E', 'SQ', 'C3Q', 'Q2;', '', 772),
(1655, 'E', 'SA', 'C5A', 'A1;A2;', '', 773),
(1656, 'E', 'SC', 'C5C', 'C1;C3;', '', 773),
(1657, 'E', 'SN', 'C3N', 'N1;N3;', '', 773),
(1658, 'E', 'SO', 'C3O', 'O1;', '', 773),
(1659, 'E', 'SP', 'C3P', 'P1;P2;', '', 773),
(1660, 'E', 'SQ', 'C3Q', 'Q1;Q2;', '', 773),
(1661, 'E', 'SR', 'C3R', 'R1;R2;R3;R4;', '', 773),
(1662, 'E', 'SA', 'C4A', 'A5;', '', 774),
(1663, 'E', 'SA', 'C5A', 'A1;A2;', '', 775),
(1664, 'E', 'SC', 'C5C', 'C1;C3;', '', 775),
(1665, 'E', 'SI', 'C5I', 'I1;', '', 775),
(1666, 'E', 'SL', 'C4L', 'L1;L3;L4;L5;L6;', '', 775),
(1667, 'E', 'SM', 'C4M', 'M1;M3;', '', 775),
(1668, 'E', 'SN', 'C3N', 'N1;N3;', '', 775),
(1669, 'E', 'SO', 'C3O', 'O1;', '', 775),
(1670, 'E', 'SP', 'C3P', 'P1;P2;', '', 775),
(1671, 'E', 'SQ', 'C3Q', 'Q1;Q2;', '', 775),
(1672, 'E', 'SR', 'C3R', 'R1;R2;R3;R4;', '', 775),
(1673, 'E', 'ST', 'C3T', 'T1;', '', 775),
(1674, 'E', 'SC', 'C5C', 'C3;', '', 776),
(1675, 'E', 'SI', 'C5I', 'I1;', '', 776),
(1676, 'E', 'SL', 'C4L', 'L1;L3;L4;L5;L6;', '', 776),
(1677, 'E', 'SM', 'C4M', 'M1;M3;', '', 776),
(1678, 'E', 'SN', 'C3N', 'N1;N3;', '', 776),
(1679, 'E', 'SO', 'C3O', 'O1;', '', 776),
(1680, 'E', 'SP', 'C3P', 'P1;', '', 776),
(1681, 'E', 'SQ', 'C3Q', 'Q1;', '', 776),
(1682, 'E', 'SR', 'C3R', 'R1;R2;R3;R4;', '', 776),
(1683, 'E', 'ST', 'C3T', 'T1;', '', 776),
(1684, 'E', 'SJ', 'C4J', 'J2;J3;', '', 777),
(1685, 'E', 'SK', 'C4K', 'K1;K6;', '', 777),
(1686, 'E', 'SA', 'C3A', 'A3;A6;', '', 778),
(1687, 'E', 'SB', 'C4B', 'B11;B4;', '', 778),
(1688, 'E', 'SC', 'C4C', 'C2;C3;C5;', '', 778),
(1689, 'E', 'SI', 'C5I', 'I1;', '', 778),
(1690, 'E', 'SJ', 'C4J', 'J2;J3;J4;J5;', '', 778),
(1691, 'E', 'SL', 'C4L', 'L3;L6;', '', 778),
(1692, 'E', 'SM', 'C4M', 'M1;M3;', '', 778),
(1693, 'E', 'SN', 'C3N', 'N2;N3;', '', 778),
(1694, 'E', 'SO', 'C3O', 'O2;', '', 778),
(1695, 'E', 'SP', 'C3P', 'P1;P2;', '', 778),
(1696, 'E', 'SQ', 'C3Q', 'Q2;', '', 778),
(1697, 'E', 'SA', 'C5A', 'A5;A6;', '', 779),
(1698, 'E', 'SB', 'C5B', 'B1;B11;B3;B4;', '', 779),
(1699, 'E', 'SC', 'C5C', 'C5;', '', 779),
(1700, 'E', 'SD', 'C5D', 'D1;', '', 779),
(1701, 'E', 'SL', 'C4L', 'L1;L3;L4;L5;L6;', '', 779),
(1702, 'E', 'SM', 'C4M', 'M1;M3;', '', 779),
(1703, 'E', 'SN', 'C3N', 'N1;N3;', '', 779),
(1704, 'E', 'SO', 'C3O', 'O1;O2;', '', 779),
(1705, 'E', 'SP', 'C3P', 'P1;P2;', '', 779),
(1706, 'E', 'SQ', 'C3Q', 'Q1;Q2;', '', 779),
(1707, 'E', 'SB', 'C5B', 'B11;', '', 780),
(1708, 'E', 'SC', 'C5C', 'C5;', '', 780),
(1709, 'E', 'SA', 'C5A', 'A1;A2;A5;A6;', '', 781),
(1710, 'E', 'SB', 'C4B', 'B1;B11;B3;B4;', '', 781),
(1711, 'E', 'SC', 'C5C', 'C1;C3;C5;', '', 781),
(1712, 'E', 'SN', 'C3N', 'N1;N3;', '', 781);

-- --------------------------------------------------------

--
-- Table structure for table `qualificationsec`
--

CREATE TABLE `qualificationsec` (
  `Code` varchar(6) NOT NULL,
  `nom` varchar(400) NOT NULL,
  `Codesec` varchar(6) NOT NULL
) ENGINE=InnoDB DEFAULT CHARSET=utf8mb4 COLLATE=utf8mb4_general_ci;

--
-- Dumping data for table `qualificationsec`
--

INSERT INTO `qualificationsec` (`Code`, `nom`, `Codesec`) VALUES
('1-1', 'Travaux de terrassements generaux en masse', 'S1'),
('1-2', 'Travaux terrassements speciaux', 'S1'),
('1-3', 'Travaux de minage et deroctage', 'S1'),
('1-4', 'travaux d\'enrochement et de drainage', 'S1'),
('1-5', 'travaux de fouilles souterraines', 'S1'),
('10-1', 'fabrication et pose de menuiseries bois', 'S10'),
('10-2', ' fabrication et pose de volets roulants en bois', 'S10'),
('10-3', 'charpente en bois', 'S10'),
('10-4', 'travaux et mise en œuvre de parquets en bois', 'S10'),
('11-1', 'travaux de menuiserie en aluminium', 'S11'),
('11-2', 'travaux de fourniture et de pose de volets roulants en aluminium', 'S11'),
('11-3', ' travaux de façaderie et murs rideaux en aluminium', 'S11'),
('11-4', ' travaux de menuiserie en PVC', 'S11'),
('11-5', 'travaux de fourniture et de pose de volets roulants en PVC', 'S11'),
('11-6', 'travaux de ferronnerie', 'S11'),
('11-7', ' travaux de charpente métallique', 'S11'),
('11-8', 'travaux d’installation de cloisons amovibles', 'S11'),
('12-1', 'travaux de monte-charges et d\'ascenseurs ', 'S12'),
('13-1', 'travaux simples de plomberie sanitaire', 'S12'),
('13-2', ' travaux de haute technicité de plomberie sanitaire', 'S13'),
('13-3', 'travaux d’installation et d’équipement des bassins et des fontaines ', 'S13'),
('13-4', 'travaux d\'installation de systèmes de chauffe-eau solaire ', 'S13'),
('13-5', ' travaux d\'installation de gaz et d’air comprimé', 'S13'),
('13-6', ' travaux simples de climatisation', 'S13'),
('13-7', 'travaux de haute technicité de climatisation', 'S13'),
('13-8', 'travaux d\'installation de chauffage central et production d’eau chaude', 'S13'),
('13-9', 'travaux de haute technicité de chauffage central et de production d’eau chaude ', 'S13'),
('14-1', ': travaux d\'installations électriques à usage domestique', 'S14'),
('14-2', 'travaux d\'installations électriques de grands ensembles', 'S14'),
('14-3', 'travaux d\'installations électriques à usage industriel', 'S14'),
('15-1', 'travaux d\'installations téléphoniques dans les bâtiments', 'S15'),
('15-2', ' travaux de sonorisation', 'S15'),
('15-3', ' travaux d’isolation et de traitements acoustiques', 'S15'),
('15-4', 'travaux de gestion technique centralisée', 'S15'),
('15-5', 'travaux de précâblage informatique', 'S15'),
('15-6', 'travaux de détection et protection incendie automatisée.', 'S15'),
('16-1', 'travaux de peinture générale de bâtiment', 'S16'),
('16-2', ' travaux de vitrerie', 'S16'),
('17-1', 'travaux simples d\'étanchéité', 'S17'),
('17-2', 'travaux d\'étanchéité de haute technicité', 'S17'),
('17-3', ' travaux d\'isolation thermique et acoustique', 'S17'),
('17-4', 'travaux d\'isolation thermique et acoustique de haute technicité', 'S17'),
('18-1', ' travaux de revêtement courant', 'S18'),
('18-2', 'travaux de faux planchers et faux plafonds industriels', 'S18'),
('18-3', ' travaux de revêtements spéciaux (revêtements industriels)', 'S18'),
('18-4', 'travaux de taille et de pose de revêtements en pierre', 'S18'),
('19-1', ' travaux de maçonnerie en plâtre ', 'S19'),
('19-2', 'travaux d’enduits en plâtre', 'S19'),
('19-3', ' travaux de faux plafonds en plâtre', 'S19'),
('2-1', 'assises non traitées et enduits superficiels', 'S2'),
('2-2', 'assises traitées en enrobés ', 'S2'),
('2-3', 'travaux de bétonnage et de dallage de trottoirs et de chemins piétons', 'S2'),
('2-4', ' ouverture et entretien de pistes', 'S2'),
('20-1', 'travaux de construction traditionnelle en pierre', 'S20'),
('20-2', ' travaux de construction traditionnelle en terre banchée (pisé) ', 'S20'),
('20-3', 'travaux de construction traditionnelle en brique de terre stabilisée (BTS)', 'S20'),
('20-4', ' travaux de construction en voûtage en BTS', 'S20'),
('21-1', ' travaux d’installation de cuisines', 'S21'),
('21-2', ' travaux d’ameublement et agencement', 'S21'),
('21-3', 'travaux de revêtement en bois et ébénisterie', 'S21'),
('21-4', ' travaux de ferronnerie d’art', 'S21'),
('22-1', 'travaux d’installation de chambres froides', 'S22'),
('23-1', 'travaux de pose de carreaux et de zellij traditionnels', 'S23'),
('23-2', ' travaux de plâtre sculpté traditionnel', 'S23'),
('23-3', 'travaux de tadellakt', 'S23'),
('23-4', 'travaux traditionnels de revêtement en bois peints', 'S23'),
('23-5', ' travaux de dinanderie et lustrerie traditionnelles', 'S23'),
('24-1', 'travaux simples de réhabilitation', 'S24'),
('24-2', 'travaux complexes de réhabilitation', 'S24'),
('24-3', 'travaux de restauration et réhabilitation du patrimoine bâti', 'S24'),
('3-1', ' travaux simples d’assainissement liquide et de voirie (conduites et ouvrages annexes) ', 'S3'),
('3-2', 'travaux souterrains d’assainissement (ovoïdes, galeries)', 'S3'),
('3-3', ' travaux de réalisation de stations de traitement et de rejet', 'S3'),
('3-4', 'travaux d’assainissement autonome (fosses septiques, épandage…)', 'S3'),
('3-5', ' travaux de réfection et de remise en état de chaussées', 'S3'),
('4-1', ' réalisation de réseau électrique : M et B tension (aérien et souterrain)', 'S4'),
('4-2', 'pose de poteaux électriques', 'S4'),
('4-3', 'installation de postes de transformation', 'S4'),
('5-1', 'travaux courants d’adduction d’eau potable (conduites et ouvrages annexes)', 'S5'),
('5-2', 'Travaux d’installation des équipements de surpression et de génie civil', 'S5'),
('5-3', ' réfection et remise en état de chaussées', 'S5'),
('6-1', 'travaux simples de réseaux téléphoniques (poteaux et câblages)', 'S6'),
('6-2', 'pose de conduites, chambres de tirage et ouvrages annexes.', 'S6'),
('7-1', ' apports de terres végétales et travaux de plantations', 'S7'),
('7-2', 'entretien et maintenance des jardins', 'S7'),
('7-3', 'installation du matériels et systèmes d’arrosage', 'S7'),
('8-1', 'Qualification : ouvrages d’art en béton armé ou maçonnerie', 'S8'),
('8-10', ' construction de châteaux et réservoirs d’eau de capacité >500m3', 'S8'),
('8-2', 'ouvrages d’art en acier', 'S8'),
('8-3', 'ouvrages d’art en béton pré ou post-contraint', 'S8'),
('8-4', 'ouvrages d’art exceptionnels en béton armé ou maçonnerie', 'S8'),
('8-5', 'ouvrages d’art exceptionnels en acier', 'S8'),
('8-6', 'ouvrages d’art exceptionnels en béton pré ou post-contraint', 'S8'),
('8-7', ' ouvrages d’art souterrains en béton armé et maçonnerie', 'S8'),
('8-8', 'construction de châteaux et réservoirs d’eau de capacité <100m3', 'S8'),
('8-9', ' construction de châteaux et réservoirs d’eau de capacité 100m3 < ≤ 500m3', 'S8'),
('9-1', 'travaux courants en béton armé et maçonnerie', 'S9'),
('9-2', ' travaux exceptionnels en béton armé et maçonnerie', 'S9'),
('9-3', 'travaux de réparation des structures et de travaux en sous œuvre', 'S9'),
('9-4', 'préfabrication et mise en œuvre d’éléments de construction', 'S9'),
('A1', 'Travaux de fouilles à l’air libre', 'SA'),
('A2', 'Travaux courants en béton armé-maçonnerie pour bâtiment', 'SA'),
('A3', 'Travaux de complexité moyenne en béton armé pour bâtiment', 'SA'),
('A4', 'Travaux exceptionnels en béton armé pour bâtiment', 'SA'),
('A5', 'Travaux d’aménagement et de réhabilitation de bâtiments', 'SA'),
('A6', 'Travaux de construction des réservoirs courants en béton armé de capacité inférieure ou égale à 1000 M3', 'SA'),
('A7', 'Travaux de construction des réservoirs exceptionnels en béton armé de capacité supérieure à 1000 M3', 'SA'),
('A8', 'Travaux de réparation des réservoirs courants en béton armé de capacité inférieure ou égale à 1000 M3', 'SA'),
('A9', 'Travaux de réparation des réservoirs exceptionnels en béton armé de capacité supérieure à 1000 M3', 'SA'),
('B1', 'Travaux de terrassements routiers courants', 'SB'),
('B10', 'Chaussées en béton', 'SB'),
('B11', 'Travaux de dallage et bétonnage de la voirie urbaine', 'SB'),
('B12', 'Travaux de retraitement des chaussées', 'SB'),
('B2', 'Travaux de terrassements routiers spéciaux', 'SB'),
('B3', 'Ouvrages	d\'assainissement	routiers	et	traitement	de l’environnement', 'SB'),
('B4', 'Travaux de terrassements et ouvrages d\'assainissement sur la voirie urbaine', 'SB'),
('B5', 'Assises non traitées et enduits superficiels', 'SB'),
('B6', 'Assises traitées et enrobés à chaud', 'SB'),
('B7', 'Grave émulsion', 'SB'),
('B8', 'Grave ciment', 'SB'),
('B9', 'Enrobés minces coulés à froid', 'SB'),
('C1', 'Réseaux de conduites sous pression de petit diamètre inférieur ou égal à 400 mm et ouvrages annexes', 'SC'),
('C2', 'Réseaux de conduites sous pression de grand diamètre supérieur à 400 mm et ouvrages annexes', 'SC'),
('C3', 'Travaux courants de réseaux d’assainissement et ouvrages annexes', 'SC'),
('C4', 'Travaux complexes d’assainissement, ovoïdes et galerie', 'SC'),
('C5', 'Canaux d’irrigation', 'SC'),
('D1', 'Ouvrages d’art courants en béton armé', 'SD'),
('D2', 'Ouvrages d’art exceptionnels en béton armé', 'SD'),
('D3', 'Ouvrages d’art courants en béton précontraint', 'SD'),
('D4', 'Ouvrages d’art exceptionnels en béton précontraint', 'SD'),
('D5', 'Ouvrages d\'art exceptionnels en milieu marin ou fluvial à haut débit', 'SD'),
('D6', 'Ponts métalliques courants', 'SD'),
('D7', 'Ponts métalliques exceptionnels', 'SD'),
('D8', 'Travaux de réparation et de confortement de structures des ouvrages d’art courants', 'SD'),
('D9', 'Travaux de réparation et de confortement de structures des ouvrages d’art exceptionnels', 'SD'),
('E1', 'Travaux de fouilles à l’air libre', 'SE'),
('E10', 'Installation d’accostage', 'SE'),
('E11', 'Dragages portuaires', 'SE'),
('E12', 'Déroctage sous l’eau', 'SE'),
('E13', 'Travaux maritime sous l’eau', 'SE'),
('E14', 'Dévasage portuaire', 'SE'),
('E15', 'Signalisation maritime', 'SE'),
('E2', 'Préparation et mise en œuvre des remblais pour terres pleines', 'SE'),
('E3', 'Mise en œuvre des matériaux pour ouvrages de protection extérieurs', 'SE'),
('E4', 'mise en œuvre des matériaux pour ouvrages de protection intérieurs', 'SE'),
('E5', 'Préfabrication et mise en place des blocs de protection artificiels', 'SE'),
('E6', 'Ouvrages intérieurs portuaires : ouvrages massifs', 'SE'),
('E7', 'Ouvrages intérieurs portuaires : ouvrages écrans', 'SE'),
('E8', 'Ouvrages intérieurs portuaires : ouvrages sur pieux ou sur piles', 'SE'),
('E9', 'Appontements flottants', 'SE'),
('F1', 'Travaux de fouilles à l’air libre', 'SF'),
('F2', 'Travaux de fouilles en souterrain', 'SF'),
('F3', 'Préparation et mise en place des remblais', 'SF'),
('F4', 'Fabrication et mise en place des bétons conventionnels', 'SF'),
('F5', 'Béton compacté au rouleau (BCR)', 'SF'),
('F6', 'Travaux de réparation des barrages et ouvrages y afférents en béton ou en maçonnerie', 'SF'),
('F7', 'Travaux de désenvasement et de dragage des retenues de barrages', 'SF'),
('G1', 'Travaux de drainage', 'SG'),
('G2', 'Travaux d’injection', 'SG'),
('G3', 'Travaux de fondations spéciales', 'SG'),
('H1', 'Puits et galeries AEP', 'SH'),
('H10', 'Travaux spéciaux d\'instrumentation ou de réfection de forages', 'SH'),
('H11', 'Sondages géotechniques peu profonds (< 150m)', 'SH'),
('H12', 'Sondages géotechniques profonds (z 150m)', 'SH'),
('H13', 'Sondages en milieu marin ou fluvial', 'SH'),
('H14', 'Sondages	carottés	et	destructifs	avec	enregistrement	de paramètres', 'SH'),
('H15', 'Mise en place de matériel d’auscultation des ouvrages', 'SH'),
('H16', 'Puits de reconnaissances géologiques', 'SH'),
('H17', 'Tranchées de reconnaissances géologiques', 'SH'),
('H18', 'Galeries de reconnaissances géologiques', 'SH'),
('H19', 'Minages et déroctages', 'SH'),
('H2', 'Forage hydrogéologique peu profond (< 200m)', 'SH'),
('H3', 'Forages hydrogéologique profond (z 200m)', 'SH'),
('H4', 'Forages hydrogéologique incliné', 'SH'),
('H5', 'Carottage dans les forages hydrogéologiques verticaux', 'SH'),
('H6', 'Essais	de	pompage	à	grand	débit	dans les forages hydrogéologiques verticaux', 'SH'),
('H7', 'Maîtrise de l’artésianisme dans les forages hydrogéologiques à pression normale', 'SH'),
('H8', 'Maîtrise de l\'artésianisme dans les forages hydrogéologiques à grande pression', 'SH'),
('H9', 'Travaux spéciaux d’auscultation de forages', 'SH'),
('I1', 'Travaux d\'installation des équipements de traitement', 'SI'),
('I2', 'Travaux d’automatisme et télégestion', 'SI'),
('I3', 'Travaux de fabrication de matériels hydro-électromécaniques pour ouvrages hydrauliques', 'SI'),
('I4', 'Travaux	d’installation	des	équipements	hydro- électromécaniques pour ouvrages hydrauliques', 'SI'),
('I5', 'Travaux de fabrication de matériels hydro-électromécaniques pour stations de pompage', 'SI'),
('I6', 'Travaux	d’installation	des	équipements	hydro- électromécaniques pour stations de pompage', 'SI'),
('I7', 'Travaux d’entretien et de réparation des équipements hydro- électromécanique', 'SI'),
('I8', 'Travaux	d’installation d’équipements	d’épuration	des eaux usées', 'SI'),
('J1', 'Travaux d’installation électrique pour usage interne', 'SJ'),
('J2', 'Travaux	d’installation	des	équipements	électriques	et d’automatisme', 'SJ'),
('J3', 'Travaux d’installation électrique de plaques solaires', 'SJ'),
('J4', 'Travaux d’éclairage public', 'SJ'),
('J5', 'Réalisation de réseaux de branchement électrique basse tension', 'SJ'),
('J6', 'Réalisation de réseau électrique MT et transformation MT-BT et réseaux basse tension', 'SJ'),
('J7', 'Réalisation de réseau électrique très haute tension', 'SJ'),
('J8', 'Travaux de réalisation de transformateurs THT et HT', 'SJ'),
('K1', 'Installations téléphoniques', 'SK'),
('K2', 'Equipements audio-visuels', 'SK'),
('K3', 'Traitement acoustique', 'SK'),
('K4', 'Gestion technique centralisée', 'SK'),
('K5', 'Contrôle d’accès', 'SK'),
('K6', 'Pré-câblage et réseau informatique', 'SK'),
('K7', 'Détection et protection incendie et extinction automatique', 'SK'),
('K8', 'Travaux de réseaux téléphoniques', 'SK'),
('L1', 'Travaux de menuiserie bois autre qu’artisanaux', 'SL'),
('L2', 'Charpente en bois', 'SL'),
('L3', 'Fabrication et pose de volets roulants', 'SL'),
('L4', 'Menuiserie aluminium', 'SL'),
('L5', 'Menuiserie métallique', 'SL'),
('L6', 'Menuiserie en PVC', 'SL'),
('L7', 'Fabrication et pose de murs rideaux', 'SL'),
('L8', 'Charpente métallique', 'SL'),
('M1', 'Travaux courants de plomberie sanitaire', 'SM'),
('M2', 'Travaux de plomberie sanitaire de haute technicité', 'SM'),
('M3', 'Travaux d’installation courante de chauffage et climatisation', 'SM'),
('M4', 'Travaux d\'installation de chauffage et climatisation de haute technicité', 'SM'),
('N1', 'Travaux courants d\'étanchéité', 'SN'),
('N2', 'Travaux d’étanchéité de haute technicité', 'SN'),
('N3', 'Travaux courants d’isolation thermique', 'SN'),
('N4', 'Travaux d’isolation thermique de haute technicité', 'SN'),
('O1', 'Travaux de revêtements courants', 'SO'),
('O2', 'Travaux de revêtements spéciaux', 'SO'),
('P1', 'Travaux de maçonnerie en plâtre', 'SP'),
('P2', 'Travaux de faux plafonds', 'SP'),
('Q1', 'Peinture générale de bâtiment', 'SQ'),
('Q2', 'Peinture industrielle', 'SQ'),
('R1', 'Travaux artisanaux de plâtre', 'SR'),
('R2', 'Travaux artisanaux de menuiserie de bois', 'SR'),
('R3', 'Travaux artisanaux de ferronnerie traditionnelle', 'SR'),
('R4', 'Travaux artisanaux de revêtement (Zellige)', 'SR'),
('S1', 'Travaux d’installation de monte-charges et d’ascenseurs', 'SS'),
('T1', 'Travaux courants', 'ST'),
('T2', 'Travaux de haute technicité', 'ST'),
('U1', 'Installation de cuisines et buanderies', 'SU'),
('V1', 'Aménagement d’espaces verts et jardins', 'SV'),
('W1', 'Travaux et installation de réseaux de gaz et d’air comprimé dans les ouvrages industriels', 'SW'),
('W2', 'Travaux et installation de réseaux de fluides médicaux et d’air comprimé des moyens et petits établissements hospitaliers', 'SW'),
('W3', 'Travaux et installation de réseaux de fluides médicaux et d\'air comprimé des grands centres hospitaliers', 'SW'),
('X1', 'Travaux de signalisation horizontale', 'SX'),
('X2', 'Travaux de signalisation verticale et équipements de sécurité', 'SX'),
('X3', 'Installation de panneaux à message variable', 'SX'),
('Y1', 'Travaux de recalibrage et d’endiguement des cours et épis', 'SY'),
('Y2', 'Travaux de réalisation des murs de protection dont la hauteur est inférieure ou égale à 4m (Béton, maçonnerie, gabions.	)', 'SY'),
('Y3', 'Travaux de réalisation des murs de protection dont la hauteur dépasse 4m (Béton, maçonnerie, gabions...', 'SY'),
('Y4', 'Travaux de protection contre les inondations en milieu saturé', 'SY'),
('Y5', 'Travaux d’aménagement des cours d’eau et traitement des berges en matériaux spéciaux (géo synthétique)', 'SY'),
('Y6', 'Travaux de réfection et d’entretien des cours d’eau', 'SY'),
('Y7', 'Travaux de réalisation des canaux de drainage et d’évacuation des eaux de crues en maçonnerie ou en béton armé', 'SY');

-- --------------------------------------------------------

--
-- Table structure for table `region`
--

CREATE TABLE `region` (
  `code` int(2) NOT NULL,
  `nom` varchar(25) DEFAULT NULL
) ENGINE=InnoDB DEFAULT CHARSET=utf8 COLLATE=utf8_general_ci;

--
-- Dumping data for table `region`
--

INSERT INTO `region` (`code`, `nom`) VALUES
(1, 'Tanger -Tetouan- Al Hocei'),
(2, 'Oriental'),
(3, 'Fes - Meknes\n'),
(4, 'Rabat - Sale-Kenitra'),
(5, 'Beni Mellal- Khenifra'),
(6, 'Grand Casablanca-Settat'),
(7, 'Marrakech- Safi'),
(8, 'Darea-Tafilalet'),
(9, 'Souss - Massa'),
(10, 'Guelmim eOued Noun'),
(11, 'Laeyoune - Sakia El Hamra'),
(12, 'Dakhla-Oued Eddahab');

-- --------------------------------------------------------

--
-- Table structure for table `secteur`
--

CREATE TABLE `secteur` (
  `code` varchar(6) NOT NULL,
  `nom` varchar(100) NOT NULL,
  `type_minister` varchar(2) NOT NULL,
  `categorie` varchar(2) NOT NULL,
  `base_capital` int(11) NOT NULL
) ENGINE=InnoDB DEFAULT CHARSET=utf8mb4 COLLATE=utf8mb4_general_ci;

--
-- Dumping data for table `secteur`
--

INSERT INTO `secteur` (`code`, `nom`, `type_minister`, `categorie`, `base_capital`) VALUES
('B1', 'ouvrages principaux d\'irrigation', 'A', 'T', 0),
('B10', 'Travaux de plantation et de réhabilitation des arbres fruitiers et arbustes', 'A', 'T', 0),
('B2', 'Puits et forages', 'A', 'T', 0),
('B3', 'Equipement de l\'irrigation à la parcelle', 'A', 'T', 0),
('B4', 'Travaux de séguia et de pose de canaux portés', 'A', 'T', 0),
('B5', 'Assainissement, drainage agricole et aménagements fonciers', 'A', 'T', 0),
('B6', 'Pose de conduites d\'irrigation', 'A', 'T', 0),
('B7', 'Aménagement de pistes agricoles et rurales', 'A', 'T', 0),
('B8', 'Matériel hydromécanique', 'A', 'T', 0),
('B9', 'Matériel de pompage pour l\'irrigation', 'A', 'T', 0),
('S1', 'terrassements', 'H', 'T', 0),
('S10', 'Menuiserie Bois - Charpente', 'H', 'B', 0),
('S11', 'Menuiserie aluminium, pvc et ferronnerie', 'H', 'B', 0),
('S12', 'Ascenseurs – Monte charges', 'H', 'B', 0),
('S13', ' Plomberie – Chauffage - Climatisation', 'H', 'B', 0),
('S14', ' Électricité', 'H', 'B', 0),
('S15', ' Téléphone - Sonorisation', 'H', 'B', 0),
('S16', ' Peinture - Vitrerie ', 'H', 'B', 0),
('S17', ' Étanchéité - Isolation ', 'H', 'B', 0),
('S18', 'Carrelages – Revêtements', 'H', 'B', 0),
('S19 ', ' Plâtrerie ', 'H', 'B', 0),
('S2', ' Travaux de voirie', 'H', 'T', 0),
('S20', ' Construction en matériaux locaux', 'H', 'B', 0),
('S21', ' Équipement intérieur - Décoration', 'H', 'B', 0),
('S22', ' Isolation frigorifique et chambres froides ', 'H', 'B', 0),
('S23', ' Professions Artisanales', 'H', 'B', 0),
('S24', 'Réhabilitation de bâtiments anciens', 'H', 'B', 0),
('S3', ' Assainissement - Pose de conduites', 'H', 'T', 0),
('S4', 'Travaux d’électrification', 'H', 'T', 0),
('S5', ' Eau Potable', 'H', 'T', 0),
('S6', 'Réseaux Téléphoniques', 'H', 'T', 0),
('S7', 'Jardins – Espaces verts', 'H', 'B', 0),
('S8', ' Réalisation d’ouvrages d’art', 'H', 'T', 0),
('S9', ' Gros -œuvres', 'H', 'B', 0),
('SA', 'Construction', 'E', 'B', 1),
('SB', 'travaux routiers et voirie urbaine', 'E', 'T', 1),
('SC', 'Eau Potable - Assainissement - Conduites', 'E', 'T', 0),
('SD', 'Construction D\'ouvrages D’art', 'E', 'T', 0),
('SE', 'Travaux Maritimes et Fluviaux', 'E', 'T', 0),
('SF', 'Barrages et ouvrages hydrauliques y afférents', 'E', 'T', 0),
('SG', 'Fondations Spéciales, Drainage, Injections', 'E', 'T', 0),
('SH', 'Sondages Géotechniques et Forages Hydrogéologiques', 'E', 'T', 0),
('SI', 'Equipements Hydromécaniques - Traitement D’eau Potable - Automatisme', 'E', 'T', 0),
('SJ', 'Électricité', 'E', 'B', 0),
('SK', 'Courants Faibles, Traitement Acoustique Et Audio-Visuel', 'E', 'B', 0),
('SL', 'Menuiserie - charpente', 'E', 'B', 0),
('SM', 'Plomberie - Chauffage - Climatisation', 'E', 'B', 0),
('SN', 'Etanchéité - Isolation', 'E', 'B', 0),
('SO', 'Revêtements', 'E', 'B', 0),
('SP', 'Plâtrerie - Faux Plafonds', 'E', 'B', 0),
('SQ', 'Peinture', 'E', 'B', 0),
('SR', 'Travaux Artisanaux De Bâtiment', 'E', 'B', 0),
('SS', 'Monte-Charges - Ascenseurs', 'E', 'B', 0),
('ST', 'Isolation Frigorifique Et Construction De Chambres Froides', 'E', 'B', 0),
('SU', 'Installation De Cuisines Et Buanderies', 'E', 'B', 0),
('SV', 'Aménagement D\'espaces Verts Et Jardins', 'E', 'B', 0),
('SW', 'Réseaux Des Fluides Industriels Et Médicaux, De Gaz Et  D\'air Comprime', 'E', 'B', 0),
('SX', 'Signalisation Et Equipements De Sécurité', 'E', 'T', 0),
('SY', 'Aménagement Des Cours D’eau Et Protection Contre Les Inondations', 'E', 'T', 0);

-- --------------------------------------------------------

--
-- Table structure for table `societe`
--

CREATE TABLE `societe` (
  `Id` int(11) NOT NULL,
  `registre` varchar(15) NOT NULL,
  `nb_national` int(11) NOT NULL,
  `nb_regional` int(11) NOT NULL,
  `ENTREPRISE` varchar(250) DEFAULT NULL,
  `secteur` varchar(2) NOT NULL,
  `adher` tinyint(1) NOT NULL,
  `MONTANT_COTISATION` int(11) NOT NULL,
  `Responsable` varchar(35) DEFAULT NULL,
  `Adress` varchar(200) DEFAULT NULL,
  `Téléphone` varchar(50) DEFAULT NULL,
  `Fax` varchar(50) DEFAULT NULL,
  `GSM` varchar(50) NOT NULL,
  `VILLE` varchar(10) DEFAULT NULL,
  `E-MAIL` varchar(200) NOT NULL
) ENGINE=InnoDB DEFAULT CHARSET=utf8 COLLATE=utf8_general_ci;

--
-- Dumping data for table `societe`
--

INSERT INTO `societe` (`Id`, `registre`, `nb_national`, `nb_regional`, `ENTREPRISE`, `secteur`, `adher`, `MONTANT_COTISATION`, `Responsable`, `Adress`, `Téléphone`, `Fax`, `GSM`, `VILLE`, `E-MAIL`) VALUES
(2, '42247', 1, 2, 'ENCEC (ENTREPRISE CHERRARDA DE CONSTRUCTION)', 'B', 1, 6000, 'M. Miloud EL AALEJ', '51 BIS. RUE AGUELMAM SIDI ALI - AGDAL -', '05 37 77 83 04', '05 37 77 11 43', '', 'RABAT', 'cherrardaste@menara.ma;encec2010@yahoo.fr; encec2010@gmail.com'),
(3, '27569', 1, 3, 'VALTECH', 'BT', 1, 30000, 'J.ROUSSILLES', 'Lot Mouline II, Rue Abdellah El Ayachi Souissi-Rabat', '05 37 66 36 36', '05 37 77 23 50', '', 'RABAT', 'ec@valmontmaroc,com/ fz@valtech.ma;chakib.eliraki@valtech.ma; ec@valtech.ma;aziza,kandil@valtech.ma;aziza@valtech.ma;ali.tonia@valtech.ma;rafik.eladaoui@valtech.mayounes.laasri@valtech.ma'),
(5, '', 41, 5, 'RAJA BINAA', '0', 1, 6000, 'M. Toufik CHERRADI', 'IM 4 APP N° 3 2 ETAGE RUE AHFIR HASSAN RT', '05 37 70 67 24 ', '05 37 70 67 27', '06 61 07 72 51', 'SALE', 'rajabinaa@menara.ma// tcherradi@gmail,com'),
(7, '29345', 48, 7, 'SELIBA (SOCIETE D’ELITE DE BATIMENT)', 'B', 1, 3000, 'DINIA Redouane ', '12 RUE EL MOLLAKH APP 2 KEBIBAT RT BP 11029', '05 37 69 41 80', '05 37 69 40 97', '06 61 39 12 30', 'RABAT', 'secretaire_seliba@yahoo,fr ;d_seliba@yahoo,fr// (R C) bureau_seliba@yahoo,fr; rida_seliba@yahoo,fr RRU) ; dinia@seliba,ma (DG) redouane.dinia@gmail.com;rida_seliba@yahoo.fr'),
(9, '', 52, 9, 'STE DE BATIMENT DU PLATEAU-SBP', '', 1, 2000, 'A. HASSOUNI', NULL, '037 80 33 44', '05 37 80 49 66', '061 39 55 43', 'SALE', ''),
(10, '44625', 1, 10, 'HYDRO CHALLENGE', 'T', 1, 30000, 'Driss MRIOUEH', '50 rue jbel al ayachi app n°11 agdal', '05 37 77 88 32', '05 37 77 88 33', '06 61 19 84 76', 'RABAT', 'hydrochallenge@menara,ma/hydrochallenge@yahoo,fr;hydrochallenge2@yahoo.fr'),
(11, '', 78, 11, 'SECHO ( SOCIETE ECHCHERKI DES OUVRAGES )', '', 1, 6000, 'ECHCHERKI ABDELLATIF', '78,avenue la resistance rabat', '037 72 25 66/77', '05 37 73 53 00', '061 17 00 02 / 06 6', 'RABAT', 'sechosarl@gmail,com / sechorabat@yahoo,fr'),
(15, '', 1, 15, 'SEDEC- Société d’Exploitation des Etabli', '', 1, 20000, 'Abdelkrim LABBI', 'AVENUE HASSAN 2 KM 13300 ROUTE DE RABAT CASA TEMARA code 12000', '037-74-10-22//11 19', '05 37 74 12 39', '061 19 99 04', 'TEMARA', 'sedec@iam.net.ma ;labbi@sedec.ma ; nabil@sedec.ma; i.taibi2@gmail.com;;; c.chahdi@yahoo.fr'),
(16, '', 99, 16, 'SMATRA (SOCIETE MAROCAINE DE REALISATION', '', 1, 6000, 'A.SOLO', '12 zankat beht agdal rabat', '037 77 17 74/76/79', '05 37 77 17 56', '061 40 86 87', 'RABAT', 'smatra@menara,ma;smatra.trav@gmail.com;smatra1@hotmail.fr;smatras@hotmail.fr;smatratrav@gmail.com'),
(22, '26657', 1, 22, 'SMETEG (STE MAROCAINE D\'ETUDES DE TRAVAUX D\'ELECTRICITE ET DE GENIE CIVIL)', 'B', 1, 4000, 'M. Ahmed BENSOUDA', '50. RUE AL GHARB. AVIATION', '05 37 65 75 06', '05 37 65 75 07', '06 61 18 02 64', 'RABAT', 'smeteg@menara.ma; Hanan.smeteg@gmail.com/ Karibel,smeteg@gmail,com (resp RU) Khallouqi_smeteg@hotmail.co.uk ( resp com)'),
(23, '45367', 116, 23, 'LES OUVRAGES MODERNES', 'B', 1, 20000, 'JILALI MALKI', '26 immeuble ibn yassin rue oqba n°10 agdal rabat', '037 68 14 74/75', '05 37 68 15 57', '061 20 35 93', 'RABAT', 'ouvrages95@gmail.com / ouvrages@menara.ma'),
(25, '', 123, 25, 'ETPE', '0', 1, 2000, 'OUKHITI BENAISSA /Khalid OUKHITI', '2, rue BIR kacem App 2 Agdal RT', '05 37 68 24 33', '05 37 68 34 39', '06 63 80 35 10', 'RABAT', 'etpe,sarl@gmail,com/ etpe@menara.ma// kenzaoukhiti@yahoo,fr'),
(26, '25809', 127, 26, 'EDI MAROC (LES EDIFICES MAROCAINS)', 'B', 1, 3000, 'Bouslhame NEFKHAOUI', '24 RUE TAZA HASSAN RT', '05 37 72 62 41', '05 37 70 25 50', ' ', 'RABAT', 'hajbousselham@gmail.com/ edimaroc@menara.ma/edimaroc@yahoo.fr'),
(27, '', 129, 27, 'DELTA HOLDING', '', 1, 30000, 'Haj FAHIM', '10 zone industrielle vita rabat', '037 79 96 40/41/42/', '05 37 79 96 43 / 48', '', 'RABAT', 'dg@deltaholding,com;mfahim@gcr.ma;prd@deltaholding.ma;infra@deltaholding.ma;'),
(36, '17845', 182, 36, 'SNCE (SOCIETE NOUVELLE DES CONDUITES D’EAU)', 'T', 1, 250000, 'HAMID MAALLEM', 'Residence Kays, Sahat Rabia El Adaouya Agdal RT', '05 37 77 67 14', '05 37 77 66 74', '06 61 18 50 98', 'RABAT', 'contact@snce,ma // snce@iam.net.ma// a,lahbabi@snce,ma// f,akrim@snce,ma// h,lamzourhi@snce,ma;w.bouassel@snce.ma; a.ghazaoui@snce.ma;'),
(37, '', 183, 37, 'GROUPEMENT AUXITEC KADMIRI', '', 1, 10000, 'Mr KADMIRI/ MmeDarfoufi', '8 rue souira hassan rabat', '037-76-89-95', '05 37 76 93 92', '', 'RABAT', 'auxikdmaroc@yahoo.fr'),
(38, '28749', 184, 38, 'EQUELEC (EQUIPEMENTS ELECTRONIQUES)', 'B', 1, 3000, 'Mr HIMMI', 'angle Av omar ben khattab et Avenu Abtal agdal Rabat', '05-37-77-59-11', '05 37 77 26 14', '06 61 16 36 56', 'RABAT', 'equelec@equelec.ma'),
(40, '', 186, 40, 'SRGM (SOCIETE DE REALISATIONS GENERALES ', '0', 1, 6000, 'OUHLISS', '18 AVENUE DE France N° 3 AGDAL RT', '05 37 68 06 55 ', '05 37 68 06 59', '06.61.15.12.03', 'RABAT', 'srgm@menara.ma/ste.srgm@gmail,com'),
(42, '', 188, 42, 'BUILDER (ENTRPRISE DES TRAVAUX PUBLICS E', '', 1, 5000, 'Zouhir HOUSSAIN/EL ALAOUI comptable', '153 BLOC AOC AV EL KIFAH CYM   RABAT', '05 37 69 12 57', '05 37-69-47-49', '06 79 10 15 84', 'RABAT', 'builder_rt@yahoo.fr'),
(48, '29537', 195, 48, 'SETUMA (SOCIETE D’ETUDE ET DE TRAVAUX PO', 'B', 1, 10000, 'MERROUN', '3. RUE ALEXANDRIE IMM. SACAR APPT. N°6', '05.37.814.972', '05 37 81 49 74', '06 61 30 88 44 ', 'RABAT', 'setuma@menara.ma;setuma2017@gmail.com'),
(49, '50075', 1, 49, 'SOGEA MAROC', 'BT', 1, 250000, 'DRISSS EL RHAZI', '81, Quartier Industriel de Ain Atiq\nOued Ikem – Temara – Maroc', ' 05 37 61 52 69', '05 37 61 52 96 ', '06 61 16 36 75', 'RABAT', 'driss.elrhazi@sogea-maroc.com .mouna.zaki@sogea-maroc.com ; salima.louafa@sogea-maroc.com;rkia.aitouarab@sogea-maroc.com;yamina.haddou@sogea-maroc.com'),
(51, '28915', 1, 51, 'ASSKHOR', 'B', 1, 30000, 'KHORSA ( sect RAHMA)', 'lot n° 13 Zone ind ATASNIA massira 1 temara', '0537601626', '0537601558', '', 'RABAT', 'asskhor@yahoo.fr'),
(52, '', 1, 52, 'ASSABBANE ET KHORSSA', '', 1, 6000, 'ASSABANE OMAR', 'lot n° 13 Zone ind ATASNIA massira 1 temara', '037 60 16 26/13 71/', '05 37 60 15 58', '', 'TEMARA', 'asskhor@yahoo.fr'),
(54, '', 1, 54, 'ABHAT', '', 1, 10000, 'AMRANI Rachid', '10, rue al kahira rabat,', '037-70-79-50', '05 37 70 00 32', '061 15 30 84', 'RABAT', 'abhatsarl@gmail.com'),
(57, '27039', 1, 57, 'TRAMCO (TRAVAUX D\'AMENAGEMENT ET DE CONSTRUCTION)', 'B', 1, 10000, 'ABDELAH EL MIR / ABDELILAH ERRAJI', '29.AV. AL ABTAL –AGDAL- RABAT', '05 37 77 60 90', '05 37 77 67 83', '06 61 47 47 19 / 06', 'RABAT', 'contact@tramco.ma;tramcorabat@gmail.com siham.ettabii@tramco.ma;rajae.fakhri@tramco.ma;assmae.bourras@tramco.ma;sara.bekraoui@tramco.ma;khalid.elamraoui@tramco.ma;abdallah.elmir@tramco.ma'),
(59, '', 222, 59, 'SOFIBOUC', '', 1, 3000, NULL, '15 Avenue Hassane 1 Khemisset BP 97', NULL, '05 37 55 67 73', '', 'KHEMISSET', ''),
(60, '61491', 227, 60, 'EMB (ENTREPRISE MOUSSADAK BOUCHTA)', 'B', 1, 50000, 'MOUSSADAK BOUCHTA', 'Siège : 6, Rue Al Fostoq, Hay Ryad - Rabat\nAnnexe : 8, Avenue Mimosa Villa Dalila, Hay Ryad - Rabat', '037 71 67 56/57/58', '05 37 71 67 65', '06 61 18 37 96', 'RABAT', 'contact@emb-maroc,com / moussadak@iam.net.ma ; emb@menara.com/fatima.a@emb-maroc.com;meriam.m@emb-maroc.com;service.qualite@emb-maroc.com;fatima.a@emb-maroc.com'),
(61, '', 1, 61, 'JET ALU MAROC', 'B', 1, 0, 'Adil RTABI / TADLAOUI OMAR ', '455 Nahda 1 raba// 75 BIS BOULEVERAD LA RESISTANCE OCEAN RABT', '05 37 74 96 10 ', '05 37 65 92 76', '06 61 29 31 57', 'RABAT', 'jetalu@jetalu.ma; doha.grana@crestcom.com; adilr@jetalu.com// / /tadlaoui@jetalu,com // semmar@jetalu,com;o.tadlaoui@jet-contractors.com;;f.ettahir@jet-contractors.com'),
(73, '', 1, 73, 'SOCA', '', 1, 4000, 'EL RHAZI ,D', '165.Avenue Allal Ben Abdellah', '037 70 07 12/ 70 14', '05 37 70 34 69', '061-16-36-75', 'RABAT', ''),
(74, '', 417, 74, 'SANI PLOMB', '', 1, 3000, 'M. Abdelouahed PIRO', '07,rue Mohamadia, Appt 3   RABAT', '037-73-12-41', '05 37 20 38 04', '061-14-61-22', 'RABAT', 'contact@saniplomb,com //saniplomb@wanadoo.net.ma'),
(75, '', 424, 75, 'GERAB (GROUPEMENT D’ETUDE ET DE REALISAT', '', 1, 10000, 'RACHIDI Moha', 'RESIDENCE AL AHAD N° 1 RUE AL KHARROUB SECT 16 AVENU ANNAKHIL HAY RIAD', '05 37 57 07 44', '05 37 57 07 45', '061 22 48 55', 'RABAT', 'gerab@gerab,net ;gerab_sarl@hotmail.com'),
(76, '', 1, 76, 'GRENSON & PERFETINI- EXPLOITATION DES ET', '0', 1, 10000, 'LAZREK MOHAMED', 'Lotissement indu doukala lot mostfa n°7 ain atik temara/km 5,5 route de casa rabat', '05 37 74 05 39', '05 37 74 05 02', '061 13 55 86', 'RABAT', 'gtalus@menara.ma ; gpalus@menara.ma;rachid.elojoub.gp@gmail.com;gpalus2@gmail.com'),
(84, '', 501, 84, 'AMACONS', '', 1, 2000, 'M.Said AMRHAR', 'Massira V bloc 9 imm 9 mag 3', '037 79 77 35', '05 37 79 77 35', '061 14 46 13/ SON C', 'RABAT', 'amacons@hotmail.com'),
(85, '', 506, 85, 'MRIMEE', '', 1, 10000, 'SEHTANI SOUFIAN //TARAF', '570, hay el manzeh CY Rabat', '037.798.318', '05 37 28 17 71', '061 29 78 24/COMP N', 'RABAT', 'rrh@mrimee,ma /contact@mrimee,ma // mrimeesarl@yahoo.fr'),
(86, '', 1, 86, 'ABEC EL BARAKA BATIMENT', '', 1, 6000, 'M. Ahmed MRABTI// M RABTI', '23, route oued akrach,', '037.63.19.33', '05 37 63 19 33', '061 29 63 34// 06 6', 'RABAT', 'abecsarl@gmail,com// autocadiste@hotmail.com'),
(90, '', 590, 90, 'CERS', '', 1, 6000, NULL, NULL, NULL, NULL, '', 'SALE', ''),
(91, '30127', 597, 91, 'CATER ', 'T', 1, 20000, 'TIJANI', '10. RUE HOUSSAIN 1er . N°2', '05 37 72 23 70', '05 37 72 23 61', '06 61 20 96 62', 'RABAT', 'cater-sa@hotmail.com '),
(95, '', 625, 95, 'HADJ OMAR BENSAID', '', 1, 1000, 'HADJ OMAR BENSAID', 'place canolonna ( Ancien port salé)', '037 78 13 49', '05 37 78 13 49', '', 'SALE', ''),
(96, '', 646, 96, 'SOHATECO (SOCIETE HACHIMI DE TRAVAUX D’E', '0', 1, 3000, 'Larbi HACHIMI', '365 HAY ANDALOUSS BP 284 TIFLET', '05 37.70 0.518', '05 37 70 05 18', '06 61 13 94 31', 'TIFELT', 'sohateco@hotmail.fr'),
(97, '', 1, 97, 'MAGHREB PLANTES', '', 1, 2000, 'Aabbad abdellah /Driss MOUTAFKIR/', 'KM 14 DOUAR LAMNASSER LOULALDA TEMARA', '060 74 59 99', '05 37 74 11 13/ 37 ', '065185057/ 064 49 2', 'TEMARA', 'maghrebplantes@menara.ma'),
(102, '', 733, 102, 'ESPACE BETON', '', 1, 2000, 'BACHIRI', 'Imm 77 App.8 Avenue Oqba agdal   RABAT', '037 77 71 59', '05 37 77 71 59', '', 'RABAT', ''),
(105, '', 746, 105, 'STRACOBA', '', 1, 3000, 'BENSAID KHALID', '429 AV HASSAN II IMM DAHIR N° 35  RABAT', '037 70 37 47', '05 37 70 37 47', '061 29 31 78', 'RABAT', 'bensaidcompta2@gmail,com'),
(106, '', 1, 106, 'DINO/OUAZZANI TAIBI( DEVELOPPEMENT INGEN', '', 1, 20000, 'Abdeljalil TAIBI OUAZZANI/ EL HADI', '27 Rue youssef IBN TACHFINE   RABAT', '037 76 38 19', '05 37-76-76-61/037 ', '061 16 56 60/ 061 2', 'RABAT', 'entreprise_dino@hotmail.fr'),
(107, '', 748, 107, 'AZZI- ENTREPRISE DE TRAVAUX', '', 1, 3000, 'M .Mohamed AZZI/M. ZARDA', 'SHKIRAT- CENTRE- SHKIRAT   RABAT', '037-74-21-69', '537742183', '061 47 03 47 / 061 ', 'RABAT', ''),
(108, '', 749, 108, 'SOCOTRAD', '', 1, 2000, NULL, '19 RUE MY RACHID  RABAT', '037 79 86 84', '05 37 70 37 78', '061 24 95 72', 'RABAT', ''),
(109, '', 750, 109, 'SARAH SOCIETE - AFRICAINE DE REALISATION', '', 1, 5000, 'Adnane CHEHABI', 'CITE AL MAMOUNIA IMM 3 APP 20 TABRIQUET SALE', '037 68 14 53', '05 37 68 14 54', '061 15 77 47', 'SALE', 'sarah_btp@hotmail.com'),
(112, '', 760, 112, 'ABEINO', '', 1, 1000, 'Lahcen ABID', 'BLOC D N° 4 KOUASS CYM RT', '037-79-14-47', '05 37-29-48-72', '061 09 29 64', 'RABAT', 'abeino@menara.ma;hassaneabid12@gmail.com'),
(113, '', 761, 113, 'TAGANTE', '', 1, 4000, 'Abderrahmane SAKHI', 'Groupe I N°47 Youssoufia Ouest  RABAT', '037 65 21 62/037 65', '05 37 65 88 62', '061 37 29 90', 'RABAT', ''),
(115, '', 763, 115, 'VAMEPE (VITRERIE AGENCEMENT MENUISERIE E', '', 1, 1000, 'KHOUADER ABDENBI', 'Bloc 3,N° 29 Youssoufia Est   RABAT', '037 65 93 73', '05 37 65 93 73', '065 40 67 59- 064 9', 'RABAT', ''),
(118, '26793', 766, 118, 'MACOBATE ', 'T', 1, 6000, 'RACHIDA .TOUNSSI', '48, zone industrielle takadoum rabat', '05-37-75-24-39', '05 37 65 96 51', '061 14 38 59', 'RABAT', 'contact@macobate.com;rachida.tounsi@macobate.com;sofia.tounsi@macobate.com'),
(120, '', 768, 120, 'COTREX', '', 1, 3000, 'M.OUGARRA/ NOUREDINE COMPTABLE', '19 rue Moulay Rachib, 3eme étage rabat', '037 73 04 80', '05 37 70 37 78', '/064 34 38 69', 'RABAT', 'batissa@menara,ma/ cotrex-10@yahoo.fr'),
(121, '30827', 769, 121, 'UBAC (UNION BATIMENT ET CONDUITE)', 'BT', 1, 6000, 'Abdelhamid BENYAKHLEF', 'LOT 17/3 AV ALFADILA QI 10130 CYM   RABAT', '06-37-79-11-31', '05 37 79 10 92', '06-61-22-31-71', 'RABAT', 'ubac@menara.ma'),
(123, '', 771, 123, 'MAJIHAR', '', 1, 3000, 'Abdellah LKBIRI', '417 BLOC 1 HAY ERRAHMA SALE  RABAT', '037-85-12-60', '05 37 85 15 16', '061 21 95 38/065 89', 'SALE', ''),
(124, '19662', 1, 124, 'SOLSIF MAROC', 'T', 1, 4000, 'Abdelmoughit BENNANI', 'charia al fadila cartier industruel rabat', '0537 631 564', '05 37 631 559', '06 61 20 37 16', 'RABAT', '(DIR )a.bennani@solsif-maroc.com (solsif@solsif-maroc.com// j.boronat@solsif-maroc.com ( RRU) solsif@menara,ma;mohamed.el-kmamlichi@solsif.com;hassan.el-aoudi@solsif-maroc.com'),
(128, '41845', 1, 128, 'THERMO ENERGIE', 'B', 1, 10000, 'Chakib BENYAGOUB', '6 ,Avenue madagaskar rabat', '05 37 73 66 53 ', '05 37 70 07 90', '06 61 13 55 06', 'RABAT', 'thermoenergie@yahoo.fr'),
(132, '', 798, 132, 'RIMS', '', 1, 3000, 'Nabil EL MALTI & Adil RTABI', '68 QUArtier industriel TAKADOUM', '037-75-13-89', '05 37 63 91 04', '061 20 92 97/061 20', 'RABAT', 'n_rims@yahoo.fr //ghizlane08@gmail,com'),
(133, '143925', 1, 133, 'GTR (LES GRANDS TRAVAUX ROUTIERS)', 'BT', 1, 250000, 'LECHEHAB ANOUAR', '1 RUE INTIHA BP 15 CYM RT\n', '05 22 54 49 59', '05 22 78 65 00 ', '', 'RABAT', 'sec_rabat@gtr.co.ma;'),
(136, '', 1, 136, 'SOGEBAC', '', 1, 20000, 'chrif mustapha', '35, Rue Oued Ziz Agdal  RABAT', '037 67 00 11', '05 37 67 42 33 /36', '061 05 35 77', 'RABAT', 'goupe_fahman@yahoo.fr// fatimazohra-23@hotmail,com'),
(138, '', 804, 138, 'ZOUAYAT CONSTRUCTION', '', 1, 1000, 'EL Mekki YAHYAOUI', 'LOT HOURIA IMM 36 APP 8 TABRIQUET SALE', '537367856', '05 37 36 78 56', '06 41 28 20 71 061 ', 'SALE', 'ajialconstruction@menara.ma'),
(140, '', 806, 140, 'YOUR BTP', '', 1, 2000, 'Ali LEMHEOUER', 'AVENUE MY ABDELLAH RESIDENCE MOUNIK IM D APP 2 HARHOURA', '037-64-19-94', '05 37 64 19 94', '061 40 55 67', 'TEMARA', ''),
(141, '', 807, 141, 'TAGHI', '', 1, 2000, 'M.DOUIRI', '9. RUE LENINGRADE –OCEAN-', '037 72 91 15', '05 37 72 91 15', '', 'RABAT', 'douiri.med@gmail.com'),
(142, '', 808, 142, 'ACHOUAK', '', 1, 1000, 'CHAOUKI OMAR', '102 AVENUE TAOUFIK EL HAKIM', '037 55 56 26', '05 37 55 56 26', '060 31 58 32', 'KHEMISSET', ''),
(143, '', 809, 143, 'ECOBA - ENTREPRISE DE CONSTRUCTION BENDO', '', 1, 4000, 'BENDOURO ABDELOUAHEB', 'Rue Zahla N° 10  RABAT', '037.760.982', '05 37 20 70 69', '061 22 08 99', 'RABAT', 'contact@ecoba.ma// fatimazahra-23@hotmail,com'),
(144, '', 810, 144, 'AJIAL CONSTRUCTION', '', 1, 1000, 'Abderrahmane KBIRI', 'APP 08 IM 36 LOT AL HOURIA TABRIQUET SALE', '037 36 78 56', '05 37 37 51 75', '061 37 82 79', 'RABAT', 'ajialconstruction@gmail,com'),
(145, '', 811, 145, 'EL FILALI HAMID', '', 1, 2000, 'Hamid EL FILALI', 'N°14 Lotissement Champ de la course Roumani  KHEMISSET', '037-51-66-48', '05 37 51 78 29', '061 37 96 68', 'RABAT', ''),
(146, '51595', 812, 146, 'GENERALE DE PROJETS', 'B', 1, 6000, 'Abdelhay BENOMAR', 'IMM kamilia n 37 hay ennahda 2 Rabat', '05 37 71 25 77', '05 37 71 21 47', '06 63 44 82 00', 'RABAT', 'generaledeprojets@menara.ma'),
(147, '46071', 813, 147, 'AUGUST', 'BT', 1, 2000, 'Halim BOUNOU', '2rue gages app 6 hassan rabat', '037-72-78-40', '05 037 72 97 73', '0661 19 70 38', 'RABAT', 'steaugust@menara.ma;ste.august.sarl@gmail.com;augustafric@gmail.com'),
(148, '', 819, 148, 'AIR INDUSTRIE', '', 1, 6000, 'KENZI Mhamed', '44, rue abidjan ocean rabat', '037 72 31 38 037 70', '05 37 70 32 89', '', 'RABAT', 'air.industrie@airindustrie,net'),
(149, '43541', 839, 149, 'SOLROC', 'T', 1, 6000, 'Youssef AARID', 'Rue Damas Imm. 2 Appt. 5 Témara  RABAT', '05 37 61 14 02', '05 37 61 13 24', '', 'RABAT', 'solroc50@hotmail.com'),
(150, '46743', 840, 150, 'MAGHREB NET RTABI', 'B', 1, 40000, 'imane RTABI', '6 rue ibn yasmine avene de la victoire rabat', '05 37 68 22 33', '05 37 68 22 77', '06 61 38 01 30 ', 'RABAT', 'rimane@maghrebnet.com; info@maghrebnet.com;zineb.benkhraba@maghrebnet.com;houda.maanaoui@maghrebnet.com;nezha.essaadaoui@maghrebnet.com;bahae.ray@maghrebnet.com;zineb.rtabi@maghrebnet.com;najat.arib@m'),
(152, '', 842, 152, 'SECOMAV', '', 1, 3000, 'Toufik FARSSI', 'imm 5 appt 4 lot el fath temara', '037 61 17 14', '05 37 61 17 14', '063 05 73 43/ 06 61', 'RABAT', 'secomav_ma@yahoo.fr'),
(153, '', 877, 153, 'SITRATEC', '0', 1, 4000, 'Youssef DAHMI', '5. RUE DAKAR N°13 –OCEAN-', '05 37 70 18 78', '05 37 70 23 49', '06 61 40 05 63', 'RABAT', 'sitratec@yahoo.fr'),
(154, '', 895, 154, 'SOTAJID', '', 1, 2000, 'BOUTHER Messaoud', 'Av Mohamed V 41 D N° 2 Sala el jadida', '037-82-97-86', '05 37 82 97 86', '061 21 00 23', 'SALE', ''),
(155, '', 907, 155, 'BTP OPTIMUM', '', 1, 2000, 'Saad SEKKATTE', 'imm27 app n°2 Avenue ENNAKHIL hay riad rabat', '037 56 34 85', '05 37 71 72 60', '06 61 28 09 30', 'RABAT', 'btpoptimum@menara.ma'),
(157, '20096', 910, 157, 'ENNAJMAOUI RACHID', '0', 1, 1000, 'ENNAJMAOUI RACHID', '', '05 37 87 86 65', '05 37 87 88 05', '06-61-07-71-37', 'SALE', ''),
(158, '', 911, 158, 'ENNAJMAOUI DRISS', '0', 1, 1000, 'ENNAJMAOUI DRISS', '59 RUE MIDELT HAY MY ABDELLAH TABRIQUET SALE', '05 37 87 86 65', '05 37 87 86 65', '06-61-37-53-79', 'SALE', ' '),
(159, '', 912, 159, 'HYDEMA - HYDRO DEVELOPPEMENT MAROC-', '0', 1, 3000, 'Giovanni ALBERTINI', '', ' ', '05 37 62 62 17', '06-64-90-79-84', 'RABAT', ''),
(160, '', 913, 160, 'SOMADAS SPORTS', '0', 1, 3000, 'Mohamed ISMAILI', '6 RUE JADAH   RABAT', '05-37-72-11-14', '05 37 72 17 01', ' ', 'RABAT', ' '),
(161, '', 914, 161, 'EL RHALLAMI', '0', 1, 1000, 'Mohamed RHALAMI', '', '05-37-29-13-67', '05 37 29 13 67', '06 61 39 05 18', 'RABAT', ' '),
(162, '', 915, 162, 'SOREVAMLIL (SOCIETE DE REVETEMENT AMLIL)', '0', 1, 4000, 'Ali RABIAI', 'SECTEUR 2 N° 1455 HAY MY ISMAIL', '05.37.801.121', '05 37 80 78 05', '05 37 77 64 56', 'RABAT', 'sorevamlil@gmail.com'),
(165, '', 918, 165, 'AMINZOU', '0', 1, 2000, 'Messoud AMINZOU', 'Hay Essalam Secteur 7, N°96  SALE', '05 37-86-17-49', '05 37 85 68 19', '06 67 44 29 51', 'SALE', 'aminzou1@menara.ma // aminzoulatifa@gmail,com;amalusarl@gmail.com'),
(166, '', 919, 166, 'ALU FACADE', '0', 1, 2000, 'Abdenafie BERRADA', '34 SECT 1, LOT 24 Hect TEMARA  RABAT', '05-37-60-97-39', '05 37 60 97 39', '06-61-20-29-68', 'RABAT', ' '),
(167, '42753', 1, 167, 'ATELIER TEULI', 'T', 1, 10000, 'ANEDDAM MOHAMED/ ANEDDAM ABDELLAH', 'WARDA K1 BIS QUARTIER INDUSTRIEL RABAT', '05 37 65 17 07', '05 37 65 96 14', '06 61 44 03 38', 'RABAT', 'teuli@menara.ma ; teuli.aicha@menara.ma'),
(169, '', 922, 169, 'ECOGEC', '', 1, 2000, 'My Mehdi AFIFI', NULL, '037-71 -52 -54', '05 37 71 55 54', '061-30-92-28', 'RABAT', ''),
(170, '', 923, 170, 'EL HAIDAOUI', '', 1, 1000, 'EL HAIDAOUI Ahmed', 'BLOC J 3 N°17 C.Y.M  RABAT', '037 61 19 45', '05 37 61 19 45', '061 39 23 82', 'RABAT', ''),
(171, '', 925, 171, 'ELECTRATEC', '', 1, 1000, 'Mohammed BOUALLAGA', '13 RUE ALAOUIYNE APP 18 RABAT', '037-73 -60-25', '05 37 73 60 25', '061-15-72-73', 'RABAT', ''),
(172, '', 926, 172, 'ENTIB JABA MUSTAPHA', '', 1, 2000, 'JABA Mustapha', '18 rue baht agdal rabat', '05 37 77 95 65 / 03', '05 37 77 95 67: 05 ', '061 30 38 43', 'RABAT', 'entib@yahoo,fr'),
(177, '', 931, 177, 'PLAFONDS RESO MAROC', '', 1, 3000, 'Réda SLAOUI', '4, Avenue Challa rabat, prés Jour et nuit', '037 26 42 14/ 037 7', '05 37 70 52 18', 'SLAOUI 065 18 34 38', 'RABAT', 'meryemslaoui@reso.fr'),
(179, '42441', 933, 179, 'SOSOTRAD (SOULAIMANI DES TRAVAUX DIVERS)', 'BT', 1, 1000, 'SOULAIMANI Mbarek', 'HAY ELMASSIRA N° 1586', '05 37 60 13 09', '05 37 60 48 78', '06 61 29 82 75', 'RABAT', ''),
(180, '53633', 934, 180, 'SRTHYG BTP (STE DE REALISATION DES TRAVAUX  HYDRAULIQUE GENERAL BATIMENT ET TRAVAUX  PUBLIC)', 'B', 1, 3000, 'BERRADA Mohamed', '30, Rue Oujda, Apt. 11 Hassan  RABAT', '05 37 77 36 38', '05 37 68 39 61', '06 61 25 56 71', 'RABAT', 'srthyg.btp@gmail.com'),
(181, '', 935, 181, 'TAJEDIC', '', 1, 2000, 'BENYOUNESS TAJ', '35 rue nijeria app 6 l\'océan, prés ayt baha', '05 37 72 77 36', '05 37 72 77 36', '064 16 19 91', 'RABAT', 'tajedic@menara.ma'),
(183, '', 937, 183, 'VORTEX', '', 1, 2000, 'Oumaima SABOR', 'RUE TENSIFT IMM N°18 APPT N°9 AGDAL  RABAT', NULL, '05 37 77 16 55', '', 'RABAT', 'oumaimasabor@hotmail.com'),
(184, '82171', 938, 184, 'SOKOFAF (KOUCHAM EL FAKRI DE FORAGE) ', 'T', 1, 3000, 'DHIBI Khalid/ KOUCHAM BRAHIM', 'N° 10 IMM. 40 LOT. KHALFIA BETTANA', '037 60 21 01', ' ', '06 61 17 14 55', 'RABAT', 'stesokofaf1@menara.ma'),
(185, '', 1, 185, 'TCN TRAVAUX DU CENTRE ET DU NIVELLEMENT', '', 1, 10000, 'Anis AGUIZOUL', 'Avenue sakia LHAMRA RUE TAFRAOUT N° 10 BETTANA', '037-78 39-90', '05 37 78 39 90', '061-29-81-35/061 08', 'SALE', 'tcn.tcn@menara.ma'),
(186, '', 941, 186, 'PRO-BUILDER', '', 1, 1000, 'Youssef BENSAID', 'A', '06 61 98 24 07/05 3', '05 37 70 63 29/0537', 'BENSAID 06 61 09 18', 'RABAT', 'youssefbensaid@gmail.com'),
(187, '84996', 942, 187, 'RAZIKI', '0', 1, 2000, 'Ali RAZIKI', '37 LOTISSEMENT EL KORA CYM  RABAT', '05 37 29 07 41 ', '05-37-29-07-41', '06 61 20 96 17', 'RABAT', ' '),
(189, '43283', 944, 189, 'SOZATRAD', 'BT', 1, 2000, 'AANAOU Mustapha', '32,anglee rue dakar avenue hassan 2 rabat', '037 72 88 02', '05 37 72 88 03', '06 61 14 91 26', 'RABAT', 'sozatrad@menara.ma'),
(191, '', 979, 191, 'COVATRAP', '0', 1, 3000, 'CHAARA Nizar/ RACHID M HAOUER', '32 AVENUE OMAR IBN KHATAB APP N° 10 AGDAL RABAT', '05 37 77 03 66', '05 37 77 06 16', '06 61 17 95 22', 'RABAT', 'covatrap@menara.ma'),
(194, '', 982, 194, 'RADI', '0', 1, 3000, 'RADI HOUSSINE', '121 BLOC N°2 GOUPE AL WARD HAY TAKADDOUM 1ER ETAGE N° 1 RT', '05 37 65 44 16 ', '05 37 63 12 26', '06 61 29 11 65', 'RABAT', ''),
(197, '', 985, 197, 'AAMAL CHLIEH', '0', 1, 3000, 'Abdesselam CHLIEH', 'Avenue abd rahim bouabid P2 274 SALA AL JADIDA', '05 37 20 50 56', '05 37 72 94 12', '06 61 30 52 06', 'SALE', 'ab.chlieh@yahoo.fr'),
(198, '', 986, 198, 'MEGATEL AIR TELECOM', '0', 1, 6000, 'MANAA Karim', '70 bis, avenue des nations uniees agdal', '05 37 67 57 55 ', '05 37 67 58 44', '06 61 16 12 64  ', 'RABAT', 'kmenaa@megatelgroup,com// amkarima@megatelgroup.com // s,megatel@megatelgroup,com a.skalante@rair-telecoms.com (AMAL)'),
(199, '', 987, 199, 'ELPRO TRAVAUX', '0', 1, 5000, 'BERRADA Fatima', '7 ,rue bahi appt 2 agdal', '05 37 77 82 73', '05 37 77 82 75', '06 66 94 94 13', 'RABAT', 'elprosarl@yahoo.fr ;elpro@iam.net.mabtissam@elproing.ma'),
(200, '', 988, 200, 'AMRAOUI DE TRAVAUX', '0', 1, 2000, 'Mr AMRAOUI', 'secteur , n 1142 hay essalam salé', ' ', '05 37 81 17 13', '06 61 20 93 78', 'SALE', ' '),
(201, '', 989, 201, 'BLOUTANE', '0', 1, 1000, 'AIT ELKAID SMAIL', '46 rue londre appt 2 rabat', '05 37 29 40 98', '05 24 42 18 37', '06 61 10 45 34', 'RABAT', 'BLOUTANE@MENARA.MA'),
(202, '', 990, 202, 'FEMOTRA', '0', 1, 2000, 'EL FEKKAK Hassan', '56 Z I, takadoum rabat', '05-37-75-98-14', '05 37 75 93 15', '06-61-21-84-93', 'RABAT', ' '),
(203, '', 991, 203, 'WORLD HYDROLIC', '0', 1, 1000, 'SAID CHEKKORI', 'rue jabal toubkal immb 11 appt 8 agdal', ' ', ' ', '06 61 06 20 28', 'RABAT', ' '),
(204, '', 992, 204, 'AHMINA RADOUANE ( ENTRACON)', '0', 1, 1000, 'AHMINA Redouane', '266, hay rahma, secteur A Salé', '05-37-80-52-84', ' ', '06-61-41-94-79', 'SALE', ''),
(207, '', 995, 207, 'SETRAB', '0', 1, 2000, 'Badr Eddine NEJJAR', '17 rue al achaari apt 1 agdal', '05 37 68 60 99', '05 37 68 60 99', '06 61 30 04 40', 'RABAT', ' '),
(208, '41781', 996, 208, 'AGEBAC', 'BT', 1, 4000, 'BENYEKHLEF Chakib', 'HAY RIAD SECTEUR 16 BLOC E RUE AL ANDALOUSSIA N°4  RABAT', '05 37 71 13 34', '05 37 71 51 49', '06-61-16-13-84', 'RABAT', 'agebacsarl@yahoo.fr'),
(209, '', 997, 209, 'MEROUANI EL GHEZOUANI- ART METIER DE PLA', '0', 1, 2000, 'MEROUANI EL REZOUANI', 'groupe enarjisse n 11 takadoum rabat', '05 37 63 65 44', '05 37 65 36 97', '06 61 19 20 98', 'RABAT', ' '),
(210, '', 998, 210, 'TRADIO', '0', 1, 1000, 'AMINI ABDALLAOUI', 'n 7, avenue omar ibn al khattab et avenue al abtal agdal', ' ', '05 37 77 26 14', '06-64-04-41-06', 'RABAT', 'tradio@hotmail.com'),
(211, '', 999, 211, 'NEW LABEL OF CONSTRUCTION', '0', 1, 3000, 'MOHAMED BOURAZZA', 'imm ariha b1 n13 resid errabia nahda 1 rabat', '05 37 63 23 23', '05 37 63 24 24', '06 61 22 94 08 ', 'RABAT', 'newlabel@menara.ma'),
(213, '', 1, 213, 'BITUMA', '0', 1, 30000, 'Abdelhziz DAHBI', 'zone industrielle complexe de skhirat angle avenue hassan 2 et route de la plage SKHIRAT', '05 37 74 95 22', '05 37 74 95 65', '06 65 16 68 49', 'TEMARA', 'secretariat@bituma.ma; adahbi@menara.ma'),
(214, '', 1, 214, 'OMCE ( OMNIUM MAGHREBIN DES CONDUITES D ', '0', 1, 60000, 'BENLMAALEM MOHAMED (DG)', 'Résidence KAISS IMM D n° D n° 1 AGDAL RT', '05 37 74 28 63', '05 37 74 28 58', '06 63 43 56 31', 'RABAT', 'omce@omce.ma,; ahlam@omce,ma/bouziane@omce,ma'),
(216, '', 1026, 216, 'BAKR EXTINCTEURS', '0', 1, 2000, 'HAFIDI HASSAN', 'secteur 8, n 836, hay essalam sale', '05 37 85 04 04', '05 37 85 64 07', '06 61 17 16 32', 'SALE', 'bakrexta@iam.net.ma'),
(217, '', 1027, 217, 'EL YAZALI', '0', 1, 1000, 'EL YAZALI LARBI', 'HAY EL ANDALOUS N° 57 TIFELT', '05 37 85 04 04 ', '', '06 61 17 16 32', 'TIFELT', ''),
(218, '', 1028, 218, 'SALE ELECTRICITE', '0', 1, 1000, 'BOUZID Abdelali', 'IM 2 APP 2 AAV SAKIA EL HAMMERA BETTANA SALE', ' ', ' ', '', 'SALE', ''),
(219, '', 1033, 219, 'BOUGHABA de Travaux Divers', '0', 1, 10000, 'BOUGHABA Mehamed', '63,Avenue Madacascar apt 9 rabat', '05 37 70 02 74', '05 37 73 06 50', '06 61 10 56 42', 'RABAT', 'entrepriseboughaba@yahoo.fr'),
(220, '', 1075, 220, 'CEB ( construction equipement bouregreg)', '0', 1, 3000, 'MOUMNI Mohamed/ MOUMNI RABIE FILS/ ', 'lot hanaa villa 61 hay nahda 2 rabat', '0537 75 76 18', '05 37 75 76 18', '06 61 86 21 16', 'RABAT', 'moumnirabie@hotmail.com'),
(222, '', 1077, 222, 'SOTRAPI', '0', 1, 1000, 'ANECHOUM FAHD', '2 rue ouled fares lot abbasi bir kasem rabat', ' ', '05 37 68 18 37', '', 'RABAT', ''),
(224, '', 1, 224, 'SIDEN (Societé industrielle d’exploitati', '0', 1, 4000, 'CHAPEAU PHILIPPE', '17, route casa -rabat RP 1 temara', '05 37 74 03 50 ', '05 37 74 14 90', '06 61 37 57 97 ', 'TEMARA', 'siden@menara,ma//siden@maghrebnet,net,ma'),
(226, '', 1081, 226, 'ELOMARI FRERES', '0', 1, 1000, 'ELOMARI Ilyas', '16 rue oued fes appt 8 agdal rabat', '05 37 68 29 77', '05 37 68 16 87', '060-96-26-93 061 29', 'RABAT', 'elomari80@yahoo.fr'),
(227, '', 1083, 227, 'SODESTRAS', '0', 1, 1000, 'NOUR EL HOUDA/ABDELAZOZ FAKOUDI (D ', '37 BIS RISENCE SALSBILE ANGLE RUE FAL OULED OUMEIR ET RUE OUKAIMEDEN AGDAL RT', '05 37-67-32-80 ', '05 37 67 16 90', '', 'RABAT', 'lageneraledesresaux@menara.ma'),
(228, '49731', 1084, 228, 'INTEGRANET', 'B', 1, 1000, 'EL BACHIR TAGHZOUT', '25, rue oued ziz n°5agdal rabat', '05 37 68 23 07 ', '05 37 77 75 89', '06 61 22 88 38', 'RABAT', 'message@integranet.ma'),
(229, '', 1087, 229, 'EXTRA BATISSE', '0', 1, 1000, 'Abderrazak OUKCHACH', '101 RUE PATRICE LUMUMBA APPT 9  RABAT', '05 35 39 93 82', '05 37 66 03 53', '06 61 18 25 92', 'RABAT', 'mr,ouqchach@hotmail,com'),
(230, '', 1088, 230, 'MATRAGEC', '0', 1, 10000, 'TAZI Noureddin', '49, avenue atlas n14 agdal', '05 37 77 11 90', '05 37 57 15 86 ', '06 61 19 87 88', 'RABAT', 'matragec@gmail.com'),
(231, '', 1, 231, 'SMADIRE- Société Marocaine d’Installatio', '0', 1, 6000, 'Michel ROUSSEAU Gerant', '10 rue mehdia hassan rabat', '05 37 72 03 15', '05 37 20 70 95', '06 61 17 95 73', 'RABAT', 'directeur : smadire@menara.ma/ bouchra.najah@smadire.ma(secretariat)/ helene.masseboeuf@smadire.mamoha.aitlhoussain@smadire.mahelene.masseboeuf@smadire.ma;yvan.rousseau@smadire.ma;hassan.taghzouti@sma'),
(233, '', 1097, 233, 'AMTRA- AHMAMOUCH DE TRAVAUX', '0', 1, 1000, 'AHMAMOUCH Abdelouahed', 'Hay Abiregreg, Rue 56 N°8 Rabat', '05 37 75 57 60', ' ', '06 61 77 95 38', 'RABAT', ''),
(234, '', 1098, 234, 'NEW GARDEN', '0', 1, 3000, 'EL FAHDI Abdellatif', '13 rue al alawiyin rabat', '06 64 39 50 75', '05 37 70 53 03', '06 64 39 50 75', 'RABAT', ''),
(235, '', 1102, 235, 'RIMINES', '0', 1, 1000, 'BENOMAR Abdelmounim', '15 avenue Med zerktouni rabat', '05 37 72 05 99', '05 37 62 02 32', '06 61 08 95 16', 'RABAT', 'rimines@menara.ma'),
(236, '', 1103, 236, 'ROSSELL', '0', 1, 3000, 'GUEDON JACQUES', 'BP 518 TABRIQUET', '05 37 86 24 88 ', '05 37 86 23 36', '06 61 13 70 15', 'SALE', 'rossellma@yahoo.fr'),
(237, '', 1106, 237, 'LABIAD TRAVAUX', '0', 1, 2000, 'LABIAD Said', '343, groupe el ahd hay ennahda', '05 37 75 67 46', '05 37 70 50 66', '06 61 14 51 12', 'RABAT', ''),
(238, '', 1107, 238, 'CINREX', '0', 1, 2000, 'KHOUADER Youssef', 'Bloc 3 N°29 Youssoufia Est  RABAT', '05 37 78 12 69', ' ', '06 65 12 26 54', 'RABAT', ''),
(239, '', 1115, 239, 'MAISON MODELE', '0', 1, 1000, 'ABOUSAID El Housain', '64 rue melouiya appt 20 agdal rabat', '05 37 79 39 24', '05 37 79 39 24', '06 61 29 23 02 ', 'RABAT', ' '),
(240, '', 1116, 240, 'JIBAL AL ALPI- ALPIDECO-', '0', 1, 1000, 'LAGUNAZ Erminio', 'IMM 4 rue oued ziz appt 3 agdal rabat', '05 37 77 52 02', '05 37 77 52 02', '06 67 07 83 20 ', 'RABAT', 'jibalalalpi@menara,ma; alpideco_menara@menara.ma'),
(241, '', 1082, 241, 'SERAVE/SOCIETE D\'ETUDE ET DE LA REALISAT', '0', 1, 5000, 'EL MKADMI ABDELHAFID', '2 AV LALLA AMINA SALE  RABAT', '05 37 86 49 20', '05 37 86 29 46', '06 61 07 71 27', 'RABAT', 'serave1@yahoo.fr;serave2016@yahoo.com'),
(242, '', 1099, 242, 'SOBETRA', '0', 1, 1000, 'BENNIS Med/ AHFIDI MOULAY HASSAN', 'secteur8 imm 36 appt 1 salé hay essalam', '05 37 81 26 44', '05 37 81 33 14', '06 64 17 87 23', 'SALE', 'bennistravaux@menara.ma ; amine77@menara.ma'),
(243, '', 0, 243, 'SACT/SOCIETE AFRICAINE DES CONCEPTIONS T', '0', 1, 1000, 'Mr ahmed GOUIEZ', '5 Bed lalla asmaa Rce doukali appt 6 tabrekt sale', '05 37 85 10 31', '05 37 86 29 63', '06 61 37 48 86', 'SALE', ' '),
(254, '', 0, 254, 'IDH MAROC', '0', 1, 1000, 'IBICHCHANE Abdellah', 'Im 5, app 18, résidence al manar Témara', '05 37 64 39 45', '05 37 64 39 45', '06 60 54 03 49', 'TEMARA', 'anasabdou@hotmail.com'),
(255, '', 0, 255, 'L\'EXPERT DES OUVRAGES TECHNIQUES', '0', 1, 1000, 'NEJJAR Abdelfattah', 'RUE AZZEGZA L IMEUBLE 27 APP 10 AGDAL', '05 37 77 99 98', '05 37 77 99 98', '06 61 34 47 04', 'RABAT', 'expert.at@menara.ma'),
(256, '', 0, 256, 'SOGEBEM', '0', 1, 1000, 'MAHBOUBI Med', '321 Hay ennasr Sidi allal el bahraoui tifelt', '05 37 52 04 49', '05 37 52 04 49', '06 61 21 82 06', 'TIFELT', ' '),
(257, '45379', 0, 257, 'MEGAFOR', 'T', 1, 6000, 'Mme STEFANI STAYKOV', 'Casa, 7 Rue Agadir / RESIDENCE IBN KHALDOUN AGDAL APPT2 RT', '05-22-20-94-14', '05 22 20 94 14', '06 61 10 32 18 STEF', 'RABAT', 'megafordrilling@yahoo.fr ;megafor@abv.bg'),
(258, '', 0, 258, 'ASDEC', '0', 1, 3000, 'EL ASRI Med', '7 Rue oued baht n°-agdal', '05 37 67 18 76', '05 37 67 27 20', '06 61 13 51 55', 'RABAT', 'asdec@menara.ma'),
(259, '48921', 0, 259, 'ACAMELEC', 'BT', 1, 1000, 'HADRANI CHERKAOUI', 'n 3 lot bouchentouf ennamsia temara', '05-37-61-18-70', '05-37-61-18-71', '06-68-88-83-94', 'RABAT', 'cherkaoui.hadrani@caramail.com'),
(260, '', 0, 260, 'SCEPSI', '0', 1, 1000, 'BACHIRI MOHAMED', '19, rue BRAHIM Rodani n 7 Océan RT', '05 37 20 51 64', '05 37 20 51 64', '06 66 14 17 94', 'RABAT', ' '),
(261, '', 0, 261, 'CIMELECT', '0', 1, 2000, 'BELKBIR', 'AV ABD EL MOUMEN HASSAN RT', '05 37 20 32 13', '05 37 20 31 18', '06 61 18 93 38', 'RABAT', 'CIMEL@MENARA,MA'),
(262, '', 0, 262, 'ACOPT ( maazaz lahcen)', '0', 1, 3000, 'MAAZAZ Lahcen', 'rue hassan 1 n 23 hay elwahda bp 69 khemisset', '06 61 95 52 63', '05 37 55 42 96', '06 61 95 52 63', 'KHEMISSET', ' '),
(263, '', 0, 263, 'MENUISERIE AL WAFA', '0', 1, 1000, 'AGOURRAME MOHAMED', '29 ZI Massira-Temara', '05 37 60 85 30', '05 37 60 85 31', '06 61 13 60 13', 'TEMARA', ''),
(264, '', 0, 264, 'Ete LAMKADAM', '0', 1, 3000, 'LAMKADEM DRISS', 'cite el andalouss A 938 tiflet', '05 37 51 32 66', '05 37 51 32 66', '06 61 37 96 22', 'TIFELT', 'lamkadamtd@hotmail.fr'),
(265, '', 0, 265, 'SABER', '0', 1, 3000, 'TOUNARTI ABDELHAKIM', '64. AVENUE DE LA RESISTANCE – OCEAN -', '05 37 70 24 20 ', '05 37 70 24 20', '06 70 98 41 40', 'RABAT', 'ste_saber@yahoo.fr'),
(266, '', 0, 266, 'RABAT GRAVURE PUB', '0', 1, 1000, 'LAHMIDI Abdelouahed DG', '15, rue baghdad rabat', '05 37 70 34 58', '05 37 70 97 32', '06 61 15 01 25', 'RABAT', 'rgpub2006rabat@gmail.com ;rgpub@menara.ma'),
(267, '50901', 0, 267, 'ALOUSS', 'BT', 1, 1000, 'IBN DAOUD Zouheir', 'Hay ennahda1 complément n° 150 Rabat', '05 37 75 59 11', '05 37 75 95 78', '06 61 39 33 51', 'RABAT', 'alouss@menara,ma;alouss1@hotmail.com'),
(268, '50255', 0, 268, 'SCOTIM', 'BT', 1, 1000, 'Mr EL WAKI Abdelhakim ELOMARI', 'IMM 135 SECT MASSIRA 1 N ° 3 TEMARA', '037 60 24 98', '05 37 60 24 98', '070-27-93-53', 'RABAT', 'scotim2007@gmail,com/ ZAINABBOULHANNA@YAHOO,FR'),
(269, '', 0, 269, 'ELFILALI MOHAMED ABDELLAH', '0', 1, 2000, 'ELFILALI MOHAMED ABDELLAH', 'Ezzhiliga-centre B.P34 Rommani', ' 05 37 51 78 29', '05 37 51 78 29', '06 61 39 96 47', 'TIFELT', ''),
(271, '29823', 0, 271, 'TER Travaux Electriques et Realisation', 'B', 1, 4000, 'MRABET MUSTAPHA / EL OUFIR', '8 Rue de Beyrouth Appt N° 10 Rabat', '05 37 81 17 00', '05 37 81 25 00', '06 61 15 59 56', 'RABAT', 'ter_sa@hotmail.com;nouha.ter@gmail.com;ter.administration@gmail.com;amrabet@ter.co.ma'),
(272, '', 0, 272, 'RPSN', '0', 1, 2000, 'BOUTAHRI Abdelaziz', 'Lot 24 HA Secteur 4 N° 52 Temara', '05 23 28 38 43', '05 23 28 73 47', '06 63 64 39 33', 'TEMARA', 'tiec_sarl@hotmail.com; rpsn@menara.ma'),
(273, '', 0, 273, 'LARAICHI Abdelhaq', '0', 1, 2000, 'LARAICHI Abdelhaq', 'rue ouled Boutabet km 5,5 Souissi rabat, agdal', '05 37 75 33 94 ', '05 37 75 84 79', '06 61 21 97 68', 'RABAT', 'alaraïchi_promoteur@yahoo.fr'),
(274, '', 0, 274, 'MESRAR INETRIEUR', '0', 1, 1000, 'MESRARR HICHAM / MESRAR Abdellatif', 'Hay Nahda 4 lot beau sité n°5 Rabat', '05 37 65 21 15', '05 37 65 20 43', '06 61 17 98 06', 'RABAT', 'mesrarinterieur@menara.ma'),
(275, '', 0, 275, 'TRAMADA', '0', 1, 1000, 'BEN MADA Mohamed', 'complex professionnel route Kénitra N° 33 Salé', '05 37 74 82 17', '05 37 74 82 17', '06 61 21 44 59', 'SALE', 'tramadasarl@yahoo.fr'),
(276, '', 0, 276, 'ZITOUNI', '0', 1, 1000, 'ZITOUNI YASSINE', '53 RUE GAÂDA AV MED V TABRIQUET SALE', '05 37 86 28 86', '05 37 86 15 47', '06 60 19 19 60', 'SALE', 'Y.1972@HOTMAIL.FR'),
(278, '', 0, 278, 'IDAANI', '0', 1, 1000, 'IDAANI Mbarek', '1434 hay el massira 1 temara', '05 37 60 09 68', '05 37 60 09 68', '06 61 54 18 97', 'TEMARA', 'idaani.sarl@menara.ma'),
(279, '', 0, 279, 'SAHARATEL', '0', 1, 2000, 'HALIMI mohamed', '7 rue mohamadia Rabat', '05 37 72 54 50', '05 37 70 54 74', '06 67 66 25 10', 'RABAT', 'saharatel@menara,ma'),
(280, '', 0, 280, 'RADIOCOM', '0', 1, 4000, 'EL MEDIOURI Med', '16 rue zerhoune souissi Rabat', '05 37 63 18 35', '05 37 63 18 39', '06 70 94 76 90', 'RABAT', 'radiocom@radiocom.ma'),
(281, '', 0, 281, 'MYFAK', '0', 1, 4000, 'Khalil ABABOU', 'rue brhim roudanie océan Rabat', '05 37 61 62 97', '05 37 61 62 97', '06 61 47 77 11', 'RABAT', 'myfak ,sarl@gmail,com// ababou,khalil@menara,ma; ichrak@sewt-solar.ma'),
(282, '', 0, 282, 'COTRAVET', '0', 1, 2000, 'El Houssein BOURAM', '55 LOT MARIE IDDA RT', '05 37 74 08 12', '05 37 74 19 00', '06 61 30 65 36 ', 'RABAT', ' '),
(283, '', 0, 283, 'SOTRATEP', '0', 1, 3000, 'BEL KASTALI Abdelhaq', '98 place rabiaa el adaouia agdal rabat', '05 37 77 24 90', '05 37 77 24 90', '06 61 37 69 20', 'RABAT', 'good-,girlls-882@hotmaol,com'),
(284, '', 0, 284, 'Etablissement Zemmouri TAHAR', '0', 1, 1000, 'Zemmouri Med Tahar', '11 impasse balafrej Rabat', '05 37 72 68 19', '05 37 72 68 19', '06 61 54 51 37', 'RABAT', ''),
(286, '', 2, 286, 'SEAGRIME', '', 1, 3000, 'BAGHLI ABDELLAH', 'SKIKINA N° 17 AV HASSAN II TEMARA', '037 74 15 35', '05 37 74 77 07', '061 13 74 60', 'TEMARA', 'seagrime@yahoo,fr'),
(287, '43801', 1, 287, 'SYSTHERM', 'B', 1, 10000, 'Nabil RTABI', '17 quartier industriel takadoum extention', '05 37 63 18 95', '05 37 64 90 55 ', '', 'RABAT', 'systherm@maghrebnet.net.ma ; systhermelkhaorassani@yahoo.fr . Y.yassine@menasteel.ma'),
(288, '', 0, 288, 'EAACT- AIT LAHCEN ABDERRAHIME entreprise', '0', 1, 1000, 'AIT LAHCEN abderrahim', 'RUE OUED EL MALEH N°19 HAY SAFAA KARIA SALE', '05 37 66 16 02', '05 37 83 88 15  ', '061 20 91 04', 'SALE', 'viatrassarl@gmail,com // eaact212@hotmail.com'),
(289, '', 0, 289, 'HARISKOU TRAVAUX', '0', 1, 1000, 'ECHARKI BRAHIM', '32 résidence essanoubar secteur 10 hay riad', '05 37 71 38 30', '05 37 71 38 30', '06 65 99 88 96', 'RABAT', 'hariskou@menara.ma'),
(290, '', 0, 290, 'TECATLAN', '0', 1, 1000, 'FENJERO abdelaziz', '25 bis rue patrice lamamba hassan APP N° 4 HASSAN', '05 37 70 44 23', '05 37 70 44 24', '06 68 68 11 11', 'RABAT', 'tecatlan@hotmail.com;'),
(291, '', 0, 291, 'OUBAMI DE BATIMENT', '0', 1, 4000, 'MEZZAOUI MOHAMED', 'SEC 8 Rue LOUkOUS N0 1177HAY SALAM SALE', '05 37 81 44 16', '05 37 81 43 29', '06 61 23 62 08', 'SALE', 'oubami@hotmail,fr'),
(292, '', 0, 292, 'KATRAV SERVICE', '0', 1, 1000, 'KAWEN Ahmed', 'secteur 17 résidence al yousr hay riad', '05 37 56 39 07', '05 37 56 39 07', '06 61 40 01 39', 'RABAT', 'katravservice@menara.ma'),
(293, '', 0, 293, 'BENAAMMOUCH OMAR', '0', 1, 1000, 'EL ORF Youssef', '29 Avenue my youssef TABRIQUET Salé', '05 37 86 39 25', '05 37 86 39 25 ', '06 61 39 50 84', 'SALE', ' '),
(295, '', 1, 295, 'GENERATION MAROC TECHNOLOGIE - GMT-', '0', 1, 3000, 'Abderrahmane LARAICHI', '36 AV ALABTAL RUE SEBOU 1ER ETAGE N° 4 AGDAL RT', '05 37 62 92 54', '05 37 60 47 21', '06 61 37 09 57', 'TEMARA', 'gmt1ma@yahoo.fr'),
(296, '', 0, 296, 'FER PLATRE', '0', 1, 1000, 'OUMLIL Mohammed', 'Sect 37 Lot 24 24 HA N° 15 Témara', '062 72 31 83', '', '062 72 31 83', 'TEMARA', ''),
(297, '', 0, 297, 'PEDECOR', '0', 1, 4000, 'MAKHOU Mohamed', '549 nahda 1 Rabat', '05 37 65 16 08', '05 37 73 46 65', '06 61 22 93 43', 'RABAT', 'pedecor@live.fr'),
(298, '', 2, 298, 'TROVAC', '0', 1, 1000, 'BIBAS Reda', '25 rue ouad ziz Agdal', '06 61 21 11 75', '05 37 71 64 42', '06 61 21 11 75', 'RABAT', 'trovac26@yahoo.com'),
(299, '', 3, 299, 'ECG Entretien et construction général', '0', 1, 20000, 'FAZOUAN', 'RESIDENCE LAKHDAR IMM E APP 2 RUE JAAFAR ESSADIK AGDAL RT', '05 37 67 00 73/75/7', '05 37 67 00 52', '0661401500', 'RABAT', 'ecg88fa@gmail,com// tbennani@ecg,ma'),
(300, '', 0, 300, 'ARITRAVO', '0', 1, 2000, 'REMMAL Abderahmane', '15 rue Bruxelle, n°13 Océan, rabat', '05 37 26 39 20', '05 37 26 39 20', '06 61 49 49 07', 'RABAT', 'aritravo@yahoo.fr'),
(301, '53397', 0, 301, 'LARCO', 'BT', 1, 2000, 'RHOUZLANE MOUNIR', '1221 bd omar ibn khattab massira 2 temara', '0522445476 /0613890', '05 22 44 54 76', '06 61 17 92 95 ', 'TEMARA', 'contact.larco@gmail.com'),
(302, '', 0, 302, 'EL ABDERRAHMANI OMARI Med', '', 1, 2000, 'OMARI Mouhamed', 'Hay Errahsma Sect A n° 530 SALE', NULL, '05 37 87 09 62', '066 69 31 11/066 95', 'SALE', ''),
(303, '', 0, 303, 'STADE', '', 1, 3000, 'Mounir MILOUDI', 'AV Med V Lot Yasmine Imm 43 n°01 SALE', '037 86 21 16', '05 37 85 17 83', '061 07 92 34', 'SALE', 'stade@menara.ma ( LEILA )'),
(304, '', 0, 304, 'TPCR', '0', 1, 2000, 'AL SOUIDI/ RAYEN SOUIDI', '14 Rue EL KOUFA CY', '05 37 20 11 66', '05 37 20 11 77', '06 61 33 82 77', 'RABAT', 'zineb,lakhal22@gmail,com /tpcr.travaux@menara.ma/ fouad_m@live,fr'),
(305, '', 1, 305, 'BRAIN AND WORKS ENGINEERING (BWE)', '0', 1, 2000, 'Mhamed ABBAS', 'Bilaya 1 Imm B App n° 11cité des oudayas guich Rt', '05 37 56 07 13', '05 37 56 07 13', '06 61 39 59 65', 'RABAT', 'shaw12@gmail.com'),
(306, '40555', 1, 306, 'H-TECH', 'BT', 1, 20000, 'Honsali Mounir', '14, rue Chellal ouzoud Ap n° 5 Agdal Rabat', '037 77 25 13', '05 37 68 67 39', '061 40 25 00/06 61 ', 'RABAT', 'htech@menara.ma'),
(307, '', 0, 307, 'TARCO MAROC', '', 1, 1000, 'HADER HAMID', 'APP 16 AV Abdelkhalek Torres Hay SALAM SALE', '05 37', '05 37 86 57 19', '061 22 88 66', 'SALE', ''),
(308, '', 0, 308, 'AFRILAB', '', 1, 1000, 'TIJANI ABDELLATIF /', 'AV SANAOUBAR SECT 21 GROUPE A VILLA 6 HAY RAYD RT', '037 71 74 92', '05 37 56 37 11', '061 08 95 10', 'RABAT', 'afrilablaob@yahoo.fr'),
(309, '', 0, 309, 'STPG', '', 1, 1000, 'EL MASSAOUDI KARIM', 'Résidence AL Boustane im C2 app 16 Nahda 1 Rabat', '036 35 03 09', '05 36 35 03 09', '061 09 54 73', 'RABAT', ''),
(310, '60695', 0, 310, 'ETP (ENTREPRISE DE TOUTES PRESTATIONS)', 'B', 1, 6000, 'OUTOOGGANE OMAR', 'N°26 hay el mohit BP 4184 TEMARA', '05 37 61 30 36', '05 37 64 46 71', '06 61 24 76 64', 'TEMARA', 'etpalu2007@yahoo.fr'),
(311, '', 0, 311, 'LES JARDINS DE VERSAILLES', '', 1, 2000, 'CHIADMI AZIZ', '21 rue al gharb avivation Rabat', '037 65 72 85 / 037 ', '05 37 65 53 11', '061 37 25 52', 'RABAT', 'azizchiadmi@yahoo.fr; jardinsdevesailles@gmailc.om'),
(312, '54255', 0, 312, 'MAZZA ET BELHADJ', 'B', 1, 2000, 'BENAAMOUCH MOHAMED', 'RUE OULJA N° 4 HASSAN RABAT', '0661166585', '  0537616448', '061 21 14 37', 'RABAT', ''),
(313, '41199', 0, 313, 'SARA (Entreprise D\'électricité Générale)', '0', 1, 2000, 'EL IBRAHIMI MOHAMED', 'HAY EL MENZEH N° 853 CYM RT', '05 37 79 51 49', '05 37 79 51 49', '06 61 22 27 87', 'RABAT', ''),
(314, '', 0, 314, 'TIZTA', '', 1, 4000, 'ARDOUZ LAHCEN', 'VILLA R16 SECT 17 RUE NAPOLEON HAY RIAD', '037 85 05 93', '05 37 85 05 93', '060 59 91 56', 'RABAT', 'tizta@hotmail,fr / tizta,sarl@gmail,com'),
(315, '', 0, 315, 'AMANOR', '', 1, 10000, 'ABDELALI KHALIL', '19 AVENUE IBN SINA RABAT AGDAL', '037 68 48 79', '05 37 29 49 19/05 3', '', 'RABAT', ''),
(316, '', 0, 316, 'MODULAR SYSTEM MAROC', '', 1, 1000, 'NAOUI ALI', '49, Jbel ayachi Agdal Rabat', '037 67 38 17', '05 37 67 36 61', '061 43 71 56', 'RABAT', 'modularsm@menara.ma'),
(317, '', 0, 317, 'LE ROMANIA', '', 1, 20000, 'MOHAMED BOUAMAR/ MME KHADIJA', '5, avenue Tadla App n° 1 Aviation -Rabat', '037 75 83 92/65 94 ', '05 37 75 25 41', '061 15 80 40', 'RABAT', 'bouamed@leromania.ma/ khadija@leromania,ma'),
(318, '', 0, 318, 'KHARBOUCH LARBI', '0', 1, 3000, 'KHARBOUCH LARBI', 'RUE ATOUTE SCT 10 LOT 13 RES ASSAFAE IM 4 APP HAY RIAD RT', '05 37 71 02 95', '05 37 71 34 60', '06 61 21 23 99', 'RABAT', ''),
(319, '55371', 0, 319, 'HALCODEC', 'BT', 1, 1000, 'EL HALFI MOHAMED', '2 RUE ISTANBOULE APP 31 OCEAN RT', '05 37 73 20 68', '05 37 73 20 68', '06 66 18 52 30', 'RABAT', 'halcodec@hotmail.com'),
(320, '49835', 0, 320, 'SOBAY', 'B', 1, 4000, 'ELIMACHE ALI', 'AV AL KAHIRA LOT EL FOUTOUH IMM 119 3 EME ETAGE TEMARA', '05 37 64 48 63', '05 37 64 48 63', '06 61 32 65 04', 'RABAT', 'sobay@menara.ma ;sobay1998@gmail.com'),
(321, '', 2, 321, 'REVOLUS VOIR CA', '', 1, 4000, 'BACHIRI AMINA', 'n° 20 rue oued draa agdal rabat', '037 77 09 11/037 77', '05 37 77 09 11', '061 07 88 87/ 061 1', 'RABAT', 'ab.amina@menara.ma'),
(322, '', 0, 322, 'SAR INGENIERIE', '', 1, 2000, 'ARDOUZ LAHCEN/ MRABET MED', '22, rue my rachid app 10 Hassan RT', '37 72 33 72', '05 37 73 57 73', '060 59 91 56/ 060 2', 'RABAT', ''),
(323, '52767', 1, 323, 'SOUTHYDRAULIC', 'BT', 1, 6000, 'RIFAAI MROINE', '6, IMM 12 rue PEKIN Ocean Rabat,', '05 37 26 39 68', '05 24 34 79 96', '06 61 48 00 63', 'RABAT', 't.rifaai@southydraulic.ma;contact@southydraulic.ma'),
(324, '', 1, 324, 'INGEBAK', '0', 1, 4000, 'HADDIOUI Khalid', '1456 hay Al maghreb Al Arabi 1 er étage Témara', '05 37 60 50 90', '05 37 60 50 90', '06 61 18 29 90', 'TEMARA', 'ingebak@menara.ma ; ingebaksarl@gmail.com'),
(325, '', 0, 325, 'BILTER CONSEIL', '0', 1, 2000, 'BATALI', 'Rue laymoune Imm D n° 2 , secteur 5 hay Riad - Rabat', '05 37 71 47 64', '05 37 71 47 64', '06 61 21 26 38', 'TEMARA', 'waterfen@menara.ma'),
(326, '', 0, 326, 'HASSANE', '', 1, 1000, 'BRAHIM MOUEDDEN', '37, rue KABLYINE AVIATION RABAT', '037 65 73 60', '05 37 65 73 60', '061 14 43 05', 'RABAT', ''),
(327, '', 0, 327, 'RECOVA', '', 1, 3000, 'RTABI NABIL /LAGHRARI ALI', 'RUE BENHAJER APP N° 9 IM 12 AGDAL ( a coté ibn yassin)', '037 77 56 54', '05 37 77 56 54', '061251694/061218494', 'RABAT', 'recova@menara.ma'),
(328, '52313', 1, 328, 'TRACOM (TRAVAUX DE CONSTRUCTION ET DE MENUISERIE)', 'BT', 1, 10000, 'ALLAOUI MBAREK', 'AVENUE ALGER IM 13 APP4 HASSAN RABAT', '05 37 20 63 40 ', '05 37 74 91 85 05 3', '06 61 39 21 70', 'RABAT', 'allaoui.nb@menara.ma;bouchra.idrissi@tracom.ma'),
(329, '25111', 1, 329, 'COMEFAL (COOPERATIVE DE MENUISERIE FERRONERIE ET ALLUMINIUM)', 'B', 1, 4000, 'ALLAOUI MBAREK', 'LOT 20 QI TAKADOUM RABAT', '05 37 65 31 48', '05 37 65 20 18', '06 61 14 71 23', 'RABAT', 'comefal@yahoo.fr'),
(330, '', 0, 330, 'SEITE VRD', '', 1, 2000, 'OUADIE YOUSSEF', '88, AVENUE FALL OULD OUMEIR APP 6 AGDAL RABAT', '037 67 35 20', '05 37 67 35 24', '61108034', 'RABAT', ''),
(331, '', 0, 331, 'CHRONOBAT', '0', 1, 4000, 'MOULINE EL ABBES', '66, App 2, AV OQBA, agdal, Rabat', '05 37 68 33 79', ' ', '', 'RABAT', 'chronobat3@gmail.com'),
(332, '', 0, 332, 'SUNLIGHT POWER', '', 1, 3000, 'AHMED JAHIT', '6, Rue Tanist, Angle rue d\'agadir, hassan, Rabat', '037 66 10 32/34/35', '05 37 66 10 37', '061 47 00 36', 'RABAT', 'spm@menara.ma'),
(333, '', 0, 333, 'SONASCOTRAP', '', 1, 1000, 'BOURAMMANE MOHAMMED', 'RUE ABOU FARIS AL MARINI IMM,26 2ème ETAGE APP n° 7 RABAT', '037 74 26 42/45', '05 37 74 23 53', '068 29 02 01', 'RABAT', ''),
(334, '', 0, 334, 'RIMO CONSTRUCTION', '', 1, 2000, 'BOUHMOUCH CHAOUKI', '29 LOTISSEMENT EL KHAIR BETTANA SALE', '037 80 12 07', '05 37 80 12 07', '061 15 81 29/06 61 ', 'SALE', ''),
(335, '', 0, 335, 'AMANDIC', '', 1, 1000, 'EL HABIB ABDESLAM', 'AVENUE TARIK IBNOU ZIAD TEMARA', '037 64 08 95', NULL, '061 22 48 95', 'TEMARA', ''),
(336, '', 0, 336, 'GHAZZA', '', 1, 1000, 'ABBI M\'BAREK', 'AV HASSAN 11 ET RUETIFARIT N°1 APP N° 3 1 er ETAGE BP 5277 SALA AL JADIDA SALE', '037 83 58 96', '05 37 83 53 38', '061 19 36 31', 'SALE', 'ghazzatravaux@yahoo.fr //ghazzatravaux@hotmail,fr'),
(337, '', 0, 337, 'ASSAKA NIGROU', '0', 1, 1000, 'EL HOUCINE NIGROU', '56, AVENUE MARI IDA (CENTRE SKHIRATE TEMARA', '05 37 74 77 66', '05 37 74 77 66', '06 61 15 77 19 ', 'TEMARA', 'nigrou@hotmail.fr'),
(339, '', 0, 339, 'OSRIM COMPROCLIM', '', 1, 1000, 'AZE LARAB HALIMI', '2 APP 2 RUE AINE LATI AV ENNASSER HAY OUE EDDAHB SALE', '05 37 87 50 40 /037', '05 37 87 05 10', '061 28 10 79', 'SALE', 'suftsuft@yahoo.fr'),
(340, '', 0, 340, 'YASSINE OUAKKA', '0', 1, 1000, 'OUKKA MOHAMMED', '159, Abdellah chafchaouni hay salam khemisset', '05 73 83 58 20', '05 37 55 17 96', '06 69 58 71 44', 'KHEMISSET', 'syo-khemisset@hotmail.com'),
(342, '', 0, 342, 'ALPHA BUREAU', '', 1, 5000, 'RHARMILI MOHAMED', '35 AVENUE HASSAN II ROUTE DE CASA LOT VITA', '037 79 82 00', '05 37 79 82 85', '661 29 68 37', 'RABAT', 'rharmili@menara.ma ; alpha.bureau@menara.ma'),
(343, '', 0, 343, 'KHARBOUCH ABDELFATTAH', '', 1, 1000, 'KHARBOUCH ABDELFATTAH', '20 RUE QOBROS APT 1 RABAT', '037 20 20 94', '05 37 20 20 94', '061 22 20 12', 'RABAT', 'kfettah_1961@hotmail.com'),
(344, '', 0, 344, 'EDIFICA', '', 1, 1000, 'ABDELLAH BOUISSA', 'IMM 56 APP 6 RESIDENCE AL BOUSTANE CYM RABAT', '0377 9 35 89', '05 37 79 35 89', '061 63 78 12', 'RABAT', ''),
(345, '', 0, 345, 'ABOUTALEB TAYFOUR', '', 1, 2000, 'ABOUTALEB TAYFOUR', '15 AVENUE EL MAJD Q I CYM RABAT', '037 79 95 56', '05 37 79 95 56', '061 39 08 39', 'RABAT', ''),
(346, '', 0, 346, 'ENOBATAL', '', 1, 4000, 'YOUSSEF KHTOU', 'N° 511 AVENUE EL BASATINE SECTEUR 2 HAY SALAM', '037 80 38 32', '05 37 80 38 39', 'YOUSSEF 061 23 70 5', 'RABAT', 'enobatal1@hotmail.fr'),
(347, '', 0, 347, 'TIZOUDA', '', 1, 1000, 'AHMIOUCHE BRAHIM', 'RUE OUJDA HAY BEN YOYSSEF N° 13 TEMARA', NULL, '05 37 61 11 03/ 05 ', '/06 69 58 32 62/ 07', 'TEMARA', ''),
(348, '', 0, 348, 'CURNET', '', 1, 2000, 'JANNAH ILHAM', '19 RESIDENCE BISM\'ALLAH CITE AL MAGHREB AL ARABI BP 5729 TEMARA', NULL, NULL, '068 45 77 91', 'TEMARA', 'curnet2@yahoo.fr'),
(349, '', 0, 349, 'BELATEL', '', 1, 1000, 'LAMARI', '12, RUE CAMELIA SECTEUR 9 HAY RYAD RABAT', '037 71 27 00', '05 37 71 27 00', '061 29 12 89', 'RABAT', ''),
(350, '', 0, 350, 'COTER CONSTRUCTION TERHZAZ', '', 1, 10000, 'THERHZAZ MOHAMMED', '32,AV OMAR IBN KHATTAB APPT N°15 AGDAL', '05 37 74 96 39/23/', '05 37 74 96 33', '061 18 52 34/', 'RABAT', 'cotercontact@menara,ma/Coter@menara,ma;amr.terhzaz@coter.ma/cotercontact@gmail.com'),
(351, '132225', 0, 351, 'EQUIMARO', 'T', 1, 1000, 'BENANI ZAYER AHMED', 'RUE ABOUDABY N°57 BIS TABRIQUET SALE', '05 37 71 33 76', '05 37 71 53 89', '06 52 55 45 59', 'SALE', 'luis,sousa@fcdiegues,com/ bananizayer@hotmail.com'),
(352, '', 0, 352, 'SOMT (Société maghrébine de travaux)', '', 1, 10000, 'OMAR BELLIL ET SALAH KHALADI/RAMZI', 'N° 1 IMM 12 PLACE DE SEFROU HASSAN RABAT', '037 70 35 33', '05 37 70 35 38', '061 35 37 78/061 09', 'RABAT', 'contact@somt.ma ;contactsomt@gmail.com'),
(353, '', 0, 353, 'OTRAD', '', 1, 1000, 'OUBAH MOHAMMED ET OUZDOU AHMED', '25 , RUE DE KEBIBAT RT', '037 72 13 05', '05 37 73 30 30', '061 19 86 91', 'RABAT', 'otrad@menara.ma'),
(354, '', 0, 354, 'MEGA PISCINE', '', 1, 1000, 'JABIR M\'HAMED', 'RUE 76 HAY ERRACHAD N°112 TAKADOUM RABAT', '037 65 55 68', '05 37 63 61 12', '061 34 46 46/061 37', 'RABAT', 'megapiscine@menara.ma'),
(355, '', 0, 355, 'TP LAND', '', 1, 2000, 'EL GHAZOUANI DRISS', '1 RUE ARROMANE APP 1 SECTEUR 9 HAY RIAD RABAT', '037 67 29 72/78', '05 37 67 27 52', '061 15 15 81', 'RABAT', 'rand@menara.ma'),
(356, '', 0, 356, 'SODEVA', '', 1, 1000, 'OUTIFA MOHAMED', '152 RUE BANI YAZID HAY NAHDA 1 IDAFI RABAT', '037 63 00 60', '05 37 63 00 61', '061 25 9858', 'RABAT', 'sodeva@hotmail.com;outifapcpf@ hotmail.com; 06r@hotmail.com'),
(357, '', 0, 357, 'FIDEL CONSTRUCTION EL BAHI', '', 1, 5000, 'EL BAHI LAHCEN', 'N° 22 LOT EL FATH TABRIQUET SALE', '05 37 29 09 08 /037', '05 37 86 33 77// 05', '061 39 50 29', 'SALE', 'fidelconstructio@yahoo.fr ; aarac200@yahoo.fr// touria_79@yahoo,fr'),
(358, '', 0, 358, 'PROJEXET', '', 1, 1000, 'NACIRI MOHA', 'N° 11 IM 12 SECT 10 HAY RYAD RABAT', '037 71 45 71', '05 37 71 07 12', '072 91 69 91', 'RABAT', ''),
(359, '62107', 1, 359, 'CIRGEC (CONSTRUCTION D\'INFRASTRUCTURES ROUTIERES DE GENIE CIVIL ET D\'ASSAINISSEMENT)', 'T', 1, 6000, 'BOUCHIHA MOHAMED', '22 RUE MOULAY RACHID APP N° 8 3EME ETAGE HASSAN RABAT', '05 37 20 65 61', '05 37 26 39 47', '06 61 20 56 91', 'RABAT', 'cirgecmaroc@yahoo.fr');
INSERT INTO `societe` (`Id`, `registre`, `nb_national`, `nb_regional`, `ENTREPRISE`, `secteur`, `adher`, `MONTANT_COTISATION`, `Responsable`, `Adress`, `Téléphone`, `Fax`, `GSM`, `VILLE`, `E-MAIL`) VALUES
(360, '61321', 0, 360, 'AL ASSEMA TRAVAUX', 'BT', 1, 3000, 'AISSI MOHAMED ET OUKNIDER ABDERRAHM', 'IMM 7 APP N° 5 RUE OUDE BAHT AGDAL RABAT', '05 37 77 48 88', '05 37 77 48 84', '06 63 56 94 90', 'RABAT', 'alassematravaux@gmail.com'),
(361, '', 0, 361, 'SOCIETE DE GESTION ZNIBER ( SGZ)', '', 1, 1000, 'ZNIBER MOHAMED', 'CITE AL WAHDA IMM N° 28 APP N° 09 HAY SALAM SALE', '037 80 36 16', '05 37 75 30 31', '063 01 11 07', 'SALE', 'znibermohamed@yahoo.com'),
(362, '', 0, 362, 'TG TOP', '', 1, 1000, 'SAID OUHAMOU', 'LOT EL KOUTOUBIA N° 6 RDC TEMATRA', '05 37 64 31 01', '05 37 64 30 44', '067 68 49 09', 'TEMARA', 'tgtop@menara,ma'),
(363, '', 0, 363, 'EBER', '', 1, 3000, 'BRAHIM BOUALI', 'IM 71 APP N° 2 RUE PATRICE LUMUBA HASSAN RABAT', '037 66 13 60', '05 37 66 13 61', '061 19 55 56', 'RABAT', 'eber.epse@live.fr'),
(364, '', 0, 364, 'SME CLIM', '', 1, 2000, 'IDMBIRIK HASSAN', 'AV MADAGASCAR 12 RUE SIAM RABAT', '037 70 98 80/037 73', '05 37 70 98 16', '061 16 94 97', 'RABAT', 'smeclim@iam.net.ma; wam01@hotl+mail.com'),
(365, '', 0, 365, 'CHTOUKI', '', 1, 1000, 'NACER HASSAN', '15 AVENUE LALLA AMINA RUE KENITRA TANRIQUET SALE 11000 MAROC', '037 82 21 96', '05 37 86 31 45', '061 13 17 99/064 43', 'SALE', 'hassancht@menara.ma'),
(366, '', 0, 366, 'MENUISERIE AGOUZOUL', '', 1, 2000, 'AGOUZOUL ABDELLATIF', 'MERS EL KHEIR LOULADA ROUTE EL MEDOUEZ TEMARA', '037 64 03 87 HAFIDA', '05 37 64 03 87', '061 54 17 98// HAFI', 'TEMARA', 'arts_@hotmail.fr ; arts_agouzoul@hotmail.fr'),
(367, '', 0, 367, 'JASOTRAV', '', 1, 3000, 'EL HASSANI JAMAL EDDINE', 'N° 245 HAY NAHDA 1 YOUSSOUFIA RABAT', '037 75 86 21', '05 37 65 10 01', '061 13 01 52', 'RABAT', 'jasotrav@yahoo.fr'),
(368, '', 0, 368, 'SOTRIBEL', '', 1, 2000, 'N\'HARI LAHBIB', 'HAY EL MASSIRA V IMM 5 MAMGAZIN 7 CYM RABAT', '039 91 87 41', '05 39 90 26 32', '061 40 87 01/ 061 3', 'RABAT', 'rnhari@emploi.gov.ma; rachid120@hotmail.com'),
(369, '61273', 0, 369, 'EGCA ( ENTREPRISE DE GENIE CIVIL ET D\'AMENAGEMENT)', 'BT', 1, 3000, 'CHEBAK HICHAM/ CHEBAK MOHAMED', 'IMM 3 APP 2 RUE LONDRES OCEAN RABAT', '05 37 70 93 40', '05 37 70 93 40', '06 61 32 40 22', 'RABAT', 'chebak_med@yahoo.fr'),
(370, '', 0, 370, 'SOMATEV', '', 1, 3000, 'HAMID MANSOURI', 'RUE SEBOU IMM 40 APP N° 9 AGDAL RABAT', '037 77 71 55', '05 37 77 17 06', '061 16 52 08', 'RABAT', ''),
(371, '66521', 0, 371, 'POLE DE CONSTRUCTION ET D\'INGENIERIE', 'BT', 1, 2000, 'IBRAHIM TOUI', 'HAY EAL MAGHRIB AL ARABI IMM NOUHAILA 2 MAG N° 2 TEMARA', '05 37 60 96 26', ' ', '06 61 08 50 44', 'RABAT', 'pc07@menara.ma'),
(372, '', 0, 372, 'TEMA', '', 1, 1000, 'LAGRAYEI KACEM', '45 HAY LAMKITAA TEMARA', '037 74 03 03', '05 37 74 03 03/64 0', '061 43 10 82', 'TEMARA', ''),
(373, '27975', 3, 373, 'ENTRASOL', 'T', 1, 10000, 'QADOURI MOHAMED', 'RUE EL ACHAARI APP N° 14 AGDAL RT', '05 37 79 95 86', '05 37 79 98 07', '06 61 35 36 15', 'RABAT', 'entrasolb@menara.ma'),
(374, '', 0, 374, 'TRAGEC', '', 1, 1000, 'BALAFREJ NABIL', '3 ABOU BAKR ESSDDICK APP 12 AGDAL', '037 77 37 27', '05 37 68 05 98', '061 47 37 17', 'RABAT', 'balafrej@menara.ma'),
(375, '', 0, 375, 'EVERY CONTRACTRO\'S', '', 1, 1000, 'FAHMANE MOHAMED', '18 RUE TENSIFT APP N° 18 AGDAL RT', '037 77 65 96', '05 37 77 65 96', '061 29 66 83', 'RABAT', ''),
(376, '', 0, 376, 'SOGATRAF SOCIETE GARDMIT DE TRAVAUX DIVE', '', 1, 1000, 'DERROUICH HASSANE', 'SEHB SEKKA AIT TALHA COMMUNE RURALE SIDI ALLAL LEMSEDDER BP N° 640 KHEMISSET 15000', '05 37 55 31 02', '05 37 61 10 91', '061 39 92 48', 'KHEMISSET', 'sogatrav.sarl@gmail.com'),
(377, '', 0, 377, 'MODELOMC', '0', 1, 1000, 'JAMAL EDDINE KHALIFA', 'QUARTIER EL OULJA CU EL YOUSSOUFIA RT', '06 61 15 29 07', '05 37 61 34 33', '06 61 15 29 07', 'RABAT', 'modelomc@gmail,com/omcsarl@gmai,com'),
(378, '', 0, 378, 'JAMAL EDDINE KHALIFA', '0', 1, 1000, 'JAMAL EDDINE KHALIFA', 'RUE 3 N° 18 HAY ABI REGREG YOUSSOUFIA RT', '05 37 63 23 90', '05 37 63 23 90', '06 61 15 29 07', 'RABAT', ''),
(379, '', 0, 379, 'TRANS IFTIKHAR', '', 1, 10000, 'FAHMANE RACHID', '105 AVENUE FAL OULED OUMEIR AGDAL RABAT', '037 67 00 11', '05 37 67 42 33/36', '', 'RABAT', 'groupe_fahmane@yahoo.fr'),
(380, '', 0, 380, 'SI EL MOKHTAR DE TRAVAUX', '', 1, 1000, 'OUIDERNE ALI', 'HAY NAHDA 2 N° 64 AIN AOUDA TEMARA', '037 74 84 32', '05 37 64 33 03', '061 39 59 31', 'TEMARA', ''),
(381, '26171', 0, 381, 'CEMATEC (STE CENTRALE MAROCAINE DES TRAVAUX ET CONSTRUCTION)', 'BT', 1, 1000, 'MAACHI MOHAMED', '429 AVENUE HASSAN 2 1ER ETAGE RT', '05 37 72 26 52', '05 37 73 71 70', '06 63 47 56 83', 'RABAT', 'cematec.cons@menara.ma'),
(382, '', 0, 382, 'CONFORAMA ( CONFORT AMEUBLEMENT AFRICAIN', '0', 1, 3000, 'ABBAD ABDELLAH', 'KM 15 AUTOROUTE RABAT CASA BP 4247 TEMARA', '05 37 74 13 53', '05 37 74 11 13', '', 'TEMARA', 'steconforma@yahoo,fr  conforama@menara.ma'),
(383, '61369', 0, 383, 'ACF SYSTEME', 'B', 1, 4000, 'Said BUIBHIRENER', '31 LOT BEAUFRUIT 2 ZONE INDUSTRIELLE AIN ATIQ TEMARA', '05 37 74 90 80/05 3', '05 37 74 96 14', '061 44 54 14', 'RABAT', 'b.said@acfsysteme.com ; contact@acfsysteme.com ; h.ilham@acfsyseme.com elhichami-acf@menara.ma ; acf@menara.ma'),
(384, '', 0, 384, 'REDA', '', 1, 4000, 'RIDA AL MOKHTAR', 'N° 721 AMAL 5 HAY EL FATH MASSIRA', '037 79 80 23', '05 37 79 80 23', '061 09 92 96', 'RABAT', 'entreprise-reda@yahoo.fr'),
(385, '', 0, 385, 'AGHRIS KHALID BENSALAH', '', 1, 1000, 'AGHRIS KHALID BENSALEH', '429 AVENUE HASSAN 2 N° 51 BP 4254 HASSAN RABAT', '037 85 35 93', '05 37 85 35 93', '061 62 12 01', 'RABAT', ''),
(386, '', 0, 386, 'ARKEVA', '', 1, 1000, 'TOUNSI EL AZZOIANI IMAD', '21 AVENUE IBN SINA APP 3 AGDAL RABAT', '05 37 65 23 10', '05 37 63 96 94', '063 57 16 35', 'RABAT', 'esai_architecture@menara.ma'),
(387, '', 0, 387, 'TAHA CORPORATION', '', 1, 2000, 'ZEROUAOUI RACHID', '1152 SECT 6 RUE FES HAY SALAM SALE', '037 80 93 87', '05 37 80 84 46', '061 40 66 97', 'SALE', 'rachid-corporation@hotmail,fr'),
(388, '', 0, 388, 'HAJJINE ET CIE', '', 1, 1000, 'HAJJINE LAABI', '42 PAM OULMES BP 136', '037 53 21 55', '05 37 53 21 55', '061 40 36 01', 'KHEMISSET', ''),
(389, '', 0, 389, 'NOBLE SERVICE', '', 1, 1000, 'SNABI AZZOUZ', 'LOT 1199 WIFAK ERAK TEMARA', '037 85 06 57', '05 37 86 34 13', '061 30 99 49', 'TEMARA', 'noble.service2005@gmail.com'),
(390, '54347', 0, 390, 'HTIRAF CONSTRUCTION ET DIVERS (HTCD)', 'B', 1, 4000, 'AQUIL HASSAN', 'N° 39 LOTISSEMENT SKIKINA TEMARA', '05 37 74 73 77', '05 37 64 42 54', '06 61 17 87 19', 'RABAT', 'htcd_1@hotmail.com; hitrav7@menara.ma ;htcd.zouhair@gmail.com'),
(391, '', 0, 391, 'SOGETRA', '0', 1, 1000, 'FARAHI ABDELKHALEK/ LEVY ELI', '3 AVENUE D ALGER HASSAN', '05 37 70 45 22', '05 37 73 29 36', '', 'RABAT', ' '),
(392, '47969', 0, 392, 'MSK', '0', 1, 1000, 'OUBIDAR MUSTAPHA', 'HAY ENNAHDA 1 GROUP EL MAJD N° 438 RABAT', '05 37 63 28 65', '05 37 75 11 72', '061 33 83 42', 'RABAT', 'SECRETAIRE /amina_shou@hotmail.com'),
(393, '', 0, 393, 'VISIOLINK', '', 1, 1000, 'GUESSOUS ADIL', '6 RUE BIN EL OUIDANE AGDAL', '037 68 68 20', '05 37 77 46 04', '068 09 98 63', 'RABAT', 'visiolink@visiolink.net'),
(394, '', 0, 394, '2 IR', '', 1, 1000, 'BENAMARE HASSANE', '2 RESIDENCDE AL MAMOUNE HASSAN RT', '037 73 72 74', '05 37 691925/05 37 ', '061 14 65 66 /', 'RABAT', 'mohammedfaradi@gmail.com;2ir.travaux@gmail.com;isbtp.fathllah.moussaoui@gmail.com;abdelmajidhadrak@gmail.com'),
(395, '', 0, 395, 'COMPAGNIE DE COMMERCIALISATION DE COMPOS', '', 1, 1000, 'BENMEWONEH BENAISSA', '5 SECT 20 RESIDENCE AL WIFAQ HAY RIAD RT', '037 71 77 19', '05 37 71 77 19', '061 67 87 65', 'RABAT', 'ste3ci.maroc@hotmail.com'),
(396, '', 0, 396, '911 SERVICE NDD', '0', 1, 1000, 'GUEMERA OMAR', '16 RUE EL BROUJ APP N° 2 HASSAN', '05 37 86 65 06', '05 37 20 64 11', '', 'RABAT', ''),
(397, '', 0, 397, 'GTCI GENIE DE TRAVAUX CIVILS', '0', 1, 2000, 'AZIZ GUARTETE', 'MASSIRA 1 SECTEUR 4 LOT 24 HA CHEIKH DAOUDI N° 46 TEMARA', '', '05 37 72 97 73', '06 61 22 55 87', 'TEMARA', 'sobretsarl@menara,ma'),
(398, '', 0, 398, 'HT TRAVAUX', '', 1, 1000, 'TIREGUIT SAID', '22 RUE EL JORF HSSAINE (SECTEUR 4) K,O,M SALE', '037 82 81 41', '05 37 82 81 41', '076 98 58 47/061 83', 'SALE', 'tireguitsaid@yahoo.fr'),
(399, '', 0, 399, 'L\'ART DE CONSTRUIRE', '0', 1, 3000, 'BADDI MOHA', 'BP 4271RABAT TOUR HASSAN 10005 RT', '05 37 76 00 72', '05 37 76 00 73', '06 61 39 46 24', 'RABAT', 'art,construire@yahoo,fr//artconstruire@ymail,com'),
(400, '', 0, 400, 'ARHYM', '', 1, 2000, 'REDOUANE AKIMAKH', 'HAY NAHDA 2 EXTENSION 3 N° 31N RABAT', '037 75 38 02', '05 37 75 40 71', '076 66 43 28', 'RABAT', 'aryhmtv@hotmail.com;arhym@gmail.com'),
(401, '', 0, 401, 'ENRG', '', 1, 2000, 'EL HAKMAOUY SALAH', 'BD ATLAS KEBIR HAY SALAM SECT 9 IMM 24 KAMILIA APP 8 SALE', '05 37 80 10 08', '05 37 80 75 69', '06 61 26 21 80/06 6', 'SALE', 'enrg_sarl@menara.ma'),
(402, '', 0, 402, 'CLEMESSY', '', 1, 4000, 'BERNARD FONTAINE', 'bd Abderrahim Bouabid, sect. 15 n°13 bloc A hay Riad', '05 37 57 00 02', '05 37 57 00 06', '', 'RABAT', 'cymaroc@clemessy.fr'),
(403, '', 0, 403, 'STBO', '', 1, 3000, 'OMARI OMAR', 'SECSTEUR C 959 HAY ERRAHMA SALE', '037 86 28 90', '05 37 86 57 40', '061 30 30 72//061 2', 'SALE', 'stb_omari@yahoo.fr'),
(404, '', 0, 404, 'POLYVATECH', '', 1, 3000, 'CONTIE PHILIPPE', '12 RUE OUED FES RABAT', '037 68 08 81', '05 37 68 08 91', '061 16 42 79- AZIZ ', 'RABAT', 'contie2001@yahoo.fr'),
(405, '63723', 0, 405, 'EGTHM (ENTREPRISE GENERALE DES TRAVAUX D\'HYDRAULIQUE ET DE MECANIQUE)', 'BT', 1, 1000, 'EL GOSS CHAFIK', '9 RUE DAYT AOUA I 112 RABAT AGDAL', '05 37 68 60 43', '05 37 68 60 42', '06 61 40 06 69', 'RABAT', 'c_elgoss@yahoo.fr'),
(406, '', 0, 406, 'LAKHLIFI', '', 1, 1000, 'LAKHLIFI HAIRCHI', '220 AVENUE HASSAN 2 APP N° 08 RABAT', '066 16 34 18', '05 37 26 02 19', '', 'RABAT', ''),
(407, '', 0, 407, 'MAN SERVICE', '', 1, 1000, 'SABBAH SERVICES', 'SECT 8 RESIDENCE NASSIM RYAD IM 2 APP 9 HAY RYAD RABAT', '061 29 04 39', '05 37 56 42 66', '037 56 42 66', 'RABAT', 'maabzy@gmail.com'),
(408, '', 0, 408, 'G3P', '', 1, 3000, 'SADIK HJIYEJ', 'ZONE INDUSTRIELLE AIN ATIQ N° 13 TEMARA', '05 37 74 94 90/93 0', '05 37 74 94 99', '037 74 94 99', 'TEMARA', 'g3p@g3p,ma/sadik,hjiyej@g3p,ma// hatim,hjiyej@g3p,ma'),
(409, '', 0, 409, 'AFRICA DEVELOPPEMENT', '', 1, 6000, 'BOUAKHRI YOUSSEF', '49 AV FAL OULED OUMEIR APP N° 5 AGDAL RT', '037 77 93 08', '05 37 77 93 09', '061 34 22 24', 'RABAT', 'africadeveloppement,sarl@gmail,com'),
(410, '63509', 0, 410, 'LES CHANTIERS MAROCAINS MODERNES', '0', 1, 10000, 'ZAHRAOUI ABDELLAH', '10 SECTEUR 3 LOT 24 HECT TEMARA', '05 37 61 43 11', '05 37 60 39 47', '06 61 10 99 13 ', 'RABAT', 'chantier_modernes@yahoo.fr'),
(411, '', 0, 411, 'IDEAL CLIMA', '', 1, 1000, 'TAHAR EL HAMINE', '41 RUE FATIMA FIHRIA APP N° 4 1 ER ETAGE', '037 70 91 49', '05 37 70 91 31', '061 39 16 25', 'RABAT', 'ideal clima@menara,ma'),
(412, '', 0, 412, 'CODEMTHEP', '', 1, 1000, 'BAGUI YOUSSEF', 'AMAL 4 COMPLEMENT 176 BIS CYM RT', '037 79 42 41', '05 37 79 42 41', '061 17 14 98', 'RABAT', 'codemthep@yahoo.fr'),
(413, '', 0, 413, 'AL ORZE', '', 1, 1000, 'AHMED BADIOUI', '172 SECT E HAY RAHMA SALE', NULL, NULL, '06 63 77 73 02', 'SALE', ''),
(415, '', 0, 415, 'AMRHAR TRAITEMENT PAYSAGER', '', 1, 1000, 'AMRHAR ABDELATIF', '7 LOTISSEMENT ALBAHJA MAG 2 ET 3 CYM', '05 37 77 11 86', '05 37 77 11 86', '061 08 34 38', 'RABAT', 'atpsarl@gmail,com'),
(416, '', 0, 416, 'ITCANAT', '', 1, 1000, 'CHIBAN DRISS', '7 LOTISSEMENT ALBAHJA MAG 2 ET 3 CYM', '037 26 02 19', '05 37 26 02 19', '061 94 71 37', 'RABAT', ''),
(417, '', 0, 417, 'SROC( A VERIFIER ADNAN)', '', 1, 3000, 'MOHAMED CHOUKRI LAOUD', '36 avenue al abtal angle rue oum errabie app n) 9 agdal RT', '0537 68 10 22', '05 37 77 65 95', '066 51 879 56', 'RABAT', 'srocrabat@gmail,com / sroc-sarl@menara,ma'),
(418, '', 0, 418, 'LES CHANTIERS MODERNES DE TEMARA', '', 1, 1000, 'FARAJI AHL LAMARA', '( siège) 1 RUE MOULINE AKKARI RABA- bureau 50 av omar ibn khattab app n° 4 agdal RT', '037 77 62 64', '05 37 60 30 15/05 3', '061 39 60 49', 'RABAT', 'leschantiersmodernes@yahoo,fr'),
(419, '', 0, 419, 'TECHNO EXPERTISES ET TRAVAUX', '', 1, 2000, 'M HAMEED EL KAZAL', 'MASSIRA 5 IMMEUBLE 7 APP N° 2 CYM RT', '037 79 02 80', '05 37 79 02 80', '061 30 51 23', 'RABAT', 'elkazal@yahoo,fr'),
(420, '', 0, 420, 'SOJADECOR', '0', 1, 1000, 'JAMALEDDINE LAHBABI', '2 RUE AHMED LOUKILI EX RUE ASSAFI APP 10 RT', '05 37 76 78 56', '05 37 76 78 56', '06 61 07 92 39', 'RABAT', ''),
(421, '', 0, 421, 'PETRADIS', '', 1, 2000, 'DRABLI AHMED', 'AV 6 NOVMENRE RESIDENCE JARDIN DE LA GARE IMM E4 APP N°1 TABRIQUE SALE', '037 85 14 01', '05 37 85 06 89\n05 3', '061 14 87 36', 'RABAT', 'contact@petradis.com;ahmed@petradis.com;zineb@petradis.com'),
(423, '', 0, 423, 'SOTACBAT', '', 1, 1000, 'HAMMOU ABDELAZIZ', '1437 BIS HAY EL FATH MASSIRA CYM RABAT', '037 79 87 94', '05 37 79 87 94', '061 16 47 92/061 40', 'RABAT', 'sotacbat@gmail.com'),
(424, '', 0, 424, 'ETIMAS', '', 1, 1000, 'TIMASLI KAMAL', 'HAY SALAM SECTEUR 8 N° 1143 SALE', '037 80 01 35', '05 37 80 01 35', '06 61 14 54 76 /078', 'SALE', ''),
(425, '', 0, 425, 'ASSOUINIA', '', 1, 1000, 'MOUSTAKIM MOSTAFA', 'RESIDENCE 3 MARS AVENUE PRINCE HERITIER SALE', '037 84 30 34', '05 37 84 30 34', '061 49 15 01', 'SALE', 'contact@assouinia,ma'),
(426, '', 0, 426, 'SOTCOB', '', 1, 1000, 'BELAKBIR MONSIF', 'RESIDENCE BOUREGREG AV DE FES IM 2 APP 2 SALE', '037 76 93 17', '05 37 76 96 58', '061 31 19 63', 'SALE', 'sotcob@hotmail,fr'),
(427, '', 0, 427, 'MACHARIA AL MAMLAKA', '', 1, 1000, 'MOUNIRI EL MOSTAFA', 'RUE AL IJASS IM 13 N° 1 HAY RIAD RT', 'SECRETARIAT 0677 69', '0537 79 91 45/ 05 3', '06 61 10 17 18 / 06', 'RABAT', 'macharimamlaka@gmail.com mambtp@gmail.com'),
(428, '', 0, 428, 'SONOGEC', '', 1, 2000, 'EL GHOUMAJ ABDELHAKIM DG', '753 secteur 2 hay moulay ismail,salé', NULL, NULL, '06 61 33 68 58', 'RABAT', 'abdelhakim_e@yahoo,fr. sonogec@gmail,com'),
(429, '40599', 0, 429, 'RAPIBAT', 'B', 1, 10000, 'DARDAFAA ABDELOUHED ET GOUSALI OMAR', '227 HAY NAHDA 2 EXTENSION 3 RT', '05 37 75 42 47', '05 37 65 94 17', '06 61 15 76 59', 'RABAT', 'sterapibat@yahoo.fr;orchidee-13@hotmail.com;rapibat@rapibat.ma'),
(430, '', 0, 430, 'ARCON', '', 1, 2000, 'KASSAOUI MOSTAPHA', 'HAY OUED EDDAHAB RUE AL ORABITAINE N° 186 HAY ESSALAM SALE', NULL, '05 37 75 27 32', '061 38 54 08', 'SALE', 'kassaoui@mostaha07mail,com'),
(431, '', 0, 431, 'SOSIMAT', '0', 1, 1000, 'CHERKAOUI ABDELAZIZ', 'IMM I APP 11 MABELLA RABAT', '037 63 83 14 ', '05 37 63 83 14', '06 61 30 03 25', 'RABAT', ''),
(432, '', 0, 432, 'TACHMAMOT TRAD', '0', 1, 1000, 'MARGHI LHOUSSINE', '66 LOT AL MOSTAKBAL TATH EL KHER TEMARA', '05 37 74 17 06', '05 37 74 17 06', '06 61 79 60 25', 'TEMARA', 'tachmamat@yahoo.fr'),
(433, '42465', 0, 433, 'HAMASS DE TRAVAUX DIVERS', 'B', 1, 1000, 'AGNAOU', '706 HAY NAHDA 1 RT', '05 37 75 27 32', '05 37 75 27 32', '061 40 50 99', 'RABAT', ''),
(434, '', 0, 434, 'ERREGGUI', '0', 1, 2000, 'ERREGGUI MOHAMED', 'HAY PAM OULMES CENTRE', '06 61 48 84 46', '05 37 52 39 62 ', '06 11 21 86 28', 'RABAT', 'erregali@hotmail.com'),
(435, '', 0, 435, 'GESER', '0', 1, 4000, 'BENANI MOHAMED', 'RESIDENCE ASSABAH ILOT 11 , IMM AZILAL APP N° 4CYM RABAT', '05 37 29 18 44', '05 37 29 18 44', '06 61 39 14 76', 'RABAT', 'gesersarl@yahoo.fr;gesersarl@gmail.com'),
(436, '', 0, 436, 'ELECTRIBA - Entreprise d\'installation él', '0', 1, 10000, 'MOJAB MOHAMED', 'RUE KOWEIT N° 8 RABAT', '05 37 73 22 23', '05 37 72 22 98', '06 61 29 32 50', 'RABAT', 'electriba@gmail.com'),
(437, '', 0, 437, 'COSMATRAV', '0', 1, 2000, 'BELGHITI LAACHACH', 'LOT HAJJI N° 35 ROUTE KENITTRA SALE', '05 37 86 16 16', '05 37 86 16 16', '06 61 46 68 81', 'KENITRA', ' '),
(438, '', 0, 438, 'BENJEBBOUR', '0', 1, 2000, 'BENJEBBOUR HMAD', '157 RUE SIDI YAHYIA HAY INBIAT SALE', '05 37 80 38 32', '05 37 80 38 39', '06 61 39 47 16', 'SALE', ' '),
(439, '', 0, 439, 'HYDRO PRO- TANMIA OMRANIA', '0', 1, 3000, 'BENCHRIFA KHALID', 'IMM 36 APP 3 HAY AL ALAOUIYINE AV MED V TEMARA', '05 37 7477 40', '05 37 64 20 11', '06 12 03 03 10', 'TEMARA', ' '),
(440, '', 0, 440, 'TETRALEC', '0', 1, 1000, 'EL QORCHY MOHAMED// KHAMA BOUGHABA', 'RUE EL HANCHAT N° 45 HAY KARIMA 2 SALE', '05 37 86 33 98', '05 37 86 33 98', ' ', 'SALE', ''),
(441, '', 0, 441, 'L ART DE GENIE CIVIL(ARDEGEC)', '', 1, 4000, 'ALLACH OUIARIACH', '37 RUE SENEGAL APP N° 2 OCEAN RT', '037 70 71 27', '05 37 70 71 27', '061 50 83 05/061 21', 'RABAT', 'cofiduciaire@yahoo,fr'),
(442, '', 0, 442, 'POINT BLEU', '', 1, 1000, 'MHAJIR YOUSSEF', 'CITE IBN SINA IMM 9 APP N° 1 AGDAL RT', '037 65 00 44', '05 37 65 00 44/45', '061 30 37 32', 'RABAT', ''),
(443, '', 0, 443, 'UNIVERS PLOMBERIE CHAUFFAGE', '', 1, 1000, 'ESSABBARI ABDELILLAH', 'BLOC T8 N° 88 CYM KAMRA RABAT', '05 37 89 84 57// 03', '05 37 29 70 87// 05', '06 61 23 86 66', 'RABAT', 'abdelillah26@hotmail,com'),
(444, '', 0, 444, 'BENMOUSSA', '0', 1, 2000, 'BENMOUSSA ABBES', '03 RUE SIDI ABDELLAH BEN HSAIN KARIA SALE', '05 37 82 92 16', '05 24 23 55 19', '', 'SALE', ''),
(445, '', 0, 445, 'AWRACH', '0', 1, 2000, 'HDI ALI', '81 LOT WARDA TIFELT', '05 37 51 34 17', '05 37 51 34 17', '06 61 39 99 13', 'TIFELT', 'awrach,sec@gmail,com/ awrachzemmour@hotmail.com'),
(446, '', 0, 446, 'RAMUZA', '0', 1, 2000, 'MUSTAPHA ZAHIR', 'IM 237 APP 3 HAY KARIMA SALE', '05 37 87 82 63', '05 37 87 82 63', '06 61 13 98 45', 'SALE', 'zahimus@hotmail.com'),
(447, '73217', 0, 447, 'SJS MAROC', 'T', 1, 6000, 'CARLOS JACINIO FERNANDES', 'AV HASSAN II IM SAADA N° 5 APP 566 RT', '037 72 40 00', '05 37 20 34 40', '061 39 12 29', 'RABAT', 'sjsmaroc@sjs-maroc.ma'),
(449, '', 0, 449, 'AZIZ BOUKHLIQ ET FRERES', '0', 1, 2000, 'AZIZ BOUKHLIQ', 'RUE CHELLAOUI BP 4155 TEMARA CENTRE', '06 61 30 42 40', '05 37 61 66 66', ' 06 63 01 08 50 ', 'TEMARA', 'boukhliqaziz@yahoo,fr samounehamza@hotmail,com'),
(451, '68379', 0, 451, 'CAP TP', 'BT', 1, 20000, 'NAAMANE YOUSSEF', 'Résidence Al Mansour, Immeuble n°1, Plateau n°1, CYM,\nRabat\n/ Avenue moulay ali cherif secteur 02 hectare 24 imm 4 app 3 temara', '05 37 29 71 45', '05 37 29 71 31', '06 61 04 20 80', 'RABAT', 'captp@live.fr;captp.talib@gmail.com;'),
(453, '', 0, 453, 'BENMOUNA', '0', 1, 4000, 'BOUCHRA SEFIAT', 'RESIDENCE YASMIN ROUTE DE KENITRA MAGAZIN 04 SALE', '05 37 87 99 86 ', '05 37 87 99 86', '06 61 28 78 69', 'SALE', 'brilcoldeco@gmail,com // wwww,benmouna@menara,com/ sacre-pierre@htomail,com'),
(454, '', 0, 454, 'BMG TRAVAUX', '0', 1, 3000, 'MOHAMED GHANNAM/BENBRAHIM MOHAMED', '66 RUE TENSIFT APPT N° 01 AGDAL RT', '05 37 77 58 04', '05 37 68 28 26', '06 61 17 77 48', 'RABAT', 'mohamed,ghannam@gmail,com'),
(455, '', 0, 455, 'TECH ELEC', '0', 1, 3000, 'OUALLAL LHOUSSAINE', '9 RUE JBEL TOUBKAL APP 7 AGDAL RABAT', '05 37 68 06 26', '05 37 77 63 73', '06 61 22 93 93', 'RABAT', 'tech-elec@hotmail.com'),
(456, '', 0, 456, 'A2TP', '0', 1, 3000, 'MOHAMED ARBANI', 'AV HASSAN 2 MARIAM APP 82 AGDAL RT', '05 37 29 54 01', '05 37 29 54 02', '06 61 19 55 91', 'RABAT', 'MEDARBANI@BCV.MA'),
(457, '', 1, 457, 'SODRET', '0', 1, 2000, 'AZIZ QUARTETE', 'HAY NAHDA N° 374 RUE OURIKA RABAT', '05 37 75 76 64', '05 37 75 76 74', '06 61 22 55 87', 'RABAT', 'sodret,sarl@menara,ma; sodret.sarl@gmail.com'),
(458, '', 0, 458, 'RITEL', '0', 1, 2000, 'BARGACH MOHAMED', '88 AV FAL OULED OUMEIR AGDAL RT', '05 37 67 44 14', '05 37 67 44 15', '06 61 24 35 24', 'RABAT', 'mi,bargach@gmail,com'),
(459, '', 0, 459, 'BELYOU', '0', 1, 2000, 'AHMED BELHASSAN', '14 BIS RUE AIT YADINE HAY ZEMERMANE KHEMISSET', '06 62 85 35 47 ', '05 37 55 02 39', '06 61 60 55 45', 'KHEMISSET', 'ste-belyou@hotmail,fr'),
(460, '46747', 0, 460, 'BELECTRABAT', 'B', 1, 6000, 'BEN ALI OULAHCEN MOHAMED', '74 AV AL MAGHRIB AL ARABI LA RESISTANCE RABAT', '05 37 70 42 07', '05 37 70 42 07', '06 61 19 33 17 ', 'RABAT', 'info@belectrabat,com'),
(461, '', 0, 461, 'INDRASS SISTEMAS MAGREB', '0', 1, 2000, 'ABDELGHANI BENDIAR', 'ESPACE SAADA KM 3,4 AVENUE MOHAMED VI 10000 RABAT', '05 38 01 42 00', '05 38 01 42 02 ', '06 61 42 98 61', 'RABAT', 'abendiar@indracompany,com// srouaji@indracompany.com'),
(462, '', 0, 462, 'SOMMANE FATHI', '0', 1, 2000, 'SOMMANE FATHI', '63 RUE CHANA OMAR HAY SALAM KHEMISSET', '05 37 55 41 32', '05 37 55 61 00', '06 18 50 18 91', 'KHEMISSET', 'mahdisommane@gmail.com'),
(463, '53561', 0, 463, 'ENTREPRISE NCIRI', 'BT', 1, 4000, 'NCIRI KHALID', '10 RUE LAGHOURT APP 10 HASSAN', '05 37 70 63 34', '05 37 70 63 39', '06 61 19 85 24', 'RABAT', 'entreprisenciri@yahoo.fr'),
(464, '', 0, 464, 'SARFOUTRAV', '0', 1, 2000, 'BOUSHABA ABDESSELAM', 'RUE 3 N° 8 CITE EL MOUNA KHEMISSET', '05 37 55 44 46', '05 37 55 59 14', '06 61 49 92 52', 'KHEMISSET', 'pas d email'),
(465, '', 0, 465, 'AL JIHAOUIA CONSTRUCTION', '0', 1, 2000, 'EL HANOUNI ILHAM', '22 RUE DAKAR N° 1 OCEAN RT', '05 37 73 46 32', '05 37 70 78 62', '0661379942/06616440', 'RABAT', 'pas d email'),
(466, '', 0, 466, 'RIEGONOR', '0', 1, 6000, 'GONSALER FRNCISCO', '1609 MAGHRIB AL JADID', '05 37 36 02 22', '5 37 36 02 08', '06 61 16 46 48', 'KENITRA', 'riegonor@riegonor.com'),
(467, '', 0, 467, 'AL RYANE', '0', 1, 2000, 'AYAD ET M ABDELILAH', '766 GR AL AHDE HAY NAHDA 1 RT', '05 37 63 43 20', '05 37 36 02 08 ', '06 61 76 84 42', 'RABAT', 'alryane86@gmail.com'),
(468, '', 0, 468, 'TIPE HOLDING', '0', 1, 4000, 'SAID KHOUKHOU', 'IMM F APP 25 IKHLIL 2 BETHOVEN HARHOURA TEMARA', '05 37 62 67 63', '05 37 62 67 64', '0661158033/06601580', 'TEMARA', 'tipeholding@gmail.com ; tipeholding_said@hotmail.com'),
(469, '73353', 0, 469, 'GECITRAM', 'BT', 1, 2000, 'ADARDOUR LHOUSSINE', '6 RUE AL KHALIL N° 30 BP 1722 RT', '05 37 26 21 96', '05 37 26 21 96', '06 68 27 10 10', 'RABAT', 'gecitram@live.fr  '),
(470, '', 0, 470, 'MAZATRASO', '0', 1, 1000, 'ELMOUSADIANI ABDELAZIZ', 'N° 116 GOURPE EL AORAAR TAKADOUM RT', '05 37 63 14 75', '05 37 63 14 75', '06 61 39 66 70', 'RABAT', 'mazatraso@wanamail.ma'),
(471, '', 0, 471, 'LABINATE', '0', 1, 3000, 'RAFI MOHAMMED AMINE', 'AVENUE LALLA ASMAE LOT HAJJIA 6 TABRIQUET SALE', '05 37 86 32 03', '05 37 77 11 86', '06 61 36 79 00', 'SALE', 'labinate@gmail.com'),
(472, '', 0, 472, 'ETRIBEN', '0', 1, 3000, 'RADI LAHCEN', '1052 LOTISSEMENT DES VILLAS SALE AL JADIDA', '05 37 53 42 44', '05 37 53 42 43', '06 61 25 20 14', 'SALE', 'etriben@hotmail.fr'),
(473, '', 0, 473, 'RABAT CHANTIER', '0', 1, 2000, 'BOUBKER ENNANI', 'N° 7 APP N° 1 BOULEVARD IV HAY KARIMA', '', '05 37 81 21 96', '06 61 48 90 51', 'SALE', 'rabat-chantier@hotmail.fr'),
(474, '', 0, 474, 'SANI SHOP', '0', 1, 3000, 'EL BOUHALI JAMAL', 'AVENUE LALLA ASMAE LOT HAJJIA 6 TABRIQUET SALE', '05 37 86 32 03', '05 37 86 42 76', '06 61 16 82 75', 'SALE', '  sanishop1@gmail.com'),
(475, '', 0, 475, 'TRINGET', '0', 1, 2000, 'BENOMAR NOUREDDINE', '248 BIS AMAL 4 CYM RABAT', '05 37 79 61 04', '05 37 79 61 04', '06 61 46 29 46', 'RABAT', 'n.benomar@menara.ma'),
(476, '51645', 0, 476, 'AZ-NET', 'B', 1, 4000, 'MOHAMED ADIL ZELLOU', '11 RUE DAYET EROUMI APP 9 AGDAL RABAT', '0537776460', '05 37 77 64 56', '', 'RABAT', 'aznet@aznet.co.ma; ilham@aznet.co.ma'),
(478, '', 1, 478, 'MZOUDA', '0', 1, 2000, 'BELKASSI M HAME D', '18 AVENUE MED 5 TABRIQUEET SALE', '0537853046', '05 37 85 30 46', '06 61 20 92 47', 'SALE', ''),
(479, '', 0, 479, 'ETTOLBA', '0', 1, 50000, 'LAHCEN ETTOLBA', 'LOT 27-28 ZONE INDUSTRIELLE AIN ATIQ TEMARA', '05 37 74 92 0713', '05 37 74 92 09', '06 61 35 55 06', 'TEMARA', 'chadia : c,diane@ettolba,com// ettalmy@yahoo.r ;a_dahbi66@hotmail.com // meriem@ettolba,ma;youssef@univers-plancher.ma'),
(480, '', 0, 480, 'TIMIDER', '0', 1, 3000, 'TIMIDER ABDERRAHMANE', 'N° 191 HAY RIAD KHEMISSET BP 752', '06 77 68 47 36', '05 37 55 47 17', '06 77 68 47 36', 'KHEMISSET', ''),
(481, '', 0, 481, 'PUR SANG', '0', 1, 2000, 'OUZAKAL ZAID', 'BLOC L N° 6 DOUAR AL GARAA CYM RT', '05 37 29 80 08', '05 37 29 80 08', '06 61 65 42 20', 'RABAT', 'zaid_oz@yahoo.fr; zaid.ouzaqel@gmail.com'),
(482, '', 0, 482, 'L\'INVENTEUR', '0', 1, 2000, 'EL MASSIJALLA EDDINE', 'IMB24 N° 20 RESIDENCE RYAD II TEMARA', '06 61 18 96 64', '06 61 13 45 51', '', 'TEMARA', ''),
(483, '', 0, 483, 'SUFT', '0', 1, 3000, 'AZELARAB HAMIDI', '7 MY IDRISS AVENUE MY MED V SALE', '05 37 87 11 89', '05 37 87 00 02', '06 61 28 10 79', 'SALE', 'suftsuft@yahoo.fr;  azelarabh@hotmail.com'),
(484, '', 0, 484, 'ENNASR ASCENSEUR', '0', 1, 6000, 'BENTALEB AZZEDDINE', '6 RUE AIN ASERDOUNE APP 4 AGDAL RT', '05 37 68 05 37', '05 37 68 19 26', '', 'RABAT', 'ennasrascenseurs1@gmail.com'),
(485, '', 0, 485, 'HUB DE GENIE CIVIL', '0', 1, 4000, 'ABDELLAH HAMZAOUI', '145 NAHDA 1 COMPLEMENT RT', '05 37 75 45 35', '05 37 75 45 35', '06 74 28 72 87', 'RABAT', 'habdellah2@gmail.com'),
(486, '42501', 0, 486, 'BATIVERT', 'BT', 1, 4000, 'MED KARIM ET MED HAJJI', 'ANGLE RUE BRUXELLE AUTAWA RESIDENCE SAADA IM 14 N° 4 OCEAN RT', '05 37 20 43 46', '05 37 20 43 47', '06 61 17 13 60', 'RABAT', 'bativert2007@'),
(487, '', 0, 487, 'OCTATRAV', '0', 1, 2000, 'EL MAKOUDI BADREDDINE', '17 CENTRE ERRABIE ENNAHDA RT', '05 37 63 19 48', '08 08 39 45 00', '06 61 39 62 01', 'RABAT', 'octatrav@menara.ma'),
(488, '', 0, 488, 'GENSAV TRAV', '0', 1, 2000, 'ECHCHAFI MUSTAPHA', 'HAY NADHDA 1 N° 419 RABAT', ' ', ' ', '06 61 60 09 59', 'RABAT', 'gensavtrav@hotmail,fr'),
(489, '', 0, 489, 'ADCO', '0', 1, 2000, 'ABDELMAJID BIHI', '1 JENANE HASSAR IM 49 HAY CHEMAOU SALE', '05 37 88 02 21', '05 37 88 02 21', '06 61 19 18 43', 'SALE', ''),
(490, '', 0, 490, 'STBR', '0', 1, 6000, 'MOHAMED HICHAM BICHARA', '1 BIS RUE MAARIF AVIATION RT', '05 37 64 53 05', '05 37 64 52 62', '06 61 24 63 20', 'RABAT', 'info@stbrmaroc.com; h.bichara@stbrmaroc.com; m.idmbark@stbr.com'),
(491, '', 0, 491, 'WORK ET AM', '0', 1, 4000, 'AL MAZOUARI LAHCEN', '12 RUE DU SENEGAL', '05 37 26 47 85', '05 37 26 05 03', '06 61 20 01 91', 'RABAT', 'mork-am@hotmail.com'),
(492, '', 0, 492, 'LES CHANTIERS DU CAPITAL', '0', 1, 2000, 'LAHBABI TAIBI', 'RESIDENCE YAZAMANE 1 BLOC 3 N° 6 SIDI MOUSSA SALE', ' ', ' ', '06 70 94 96 25', 'SALE', ''),
(493, '', 0, 493, 'SEVEN TECHNIQUE', '0', 1, 3000, 'RAOUI RACHID', 'N° 58 TALAA 10 HAY OUED EDDAHAB TEMARA', '05 37 74 73 82', '05 37 61 14 69/0537', '06 62 14 54 52', 'TEMARA', 'seventechnique@gmail.com'),
(494, '', 0, 494, 'TRAVES', '0', 1, 2000, 'ERRIAH EL MOSTAFA', 'RUE AIN ASSERDOUN MAG 2 IM 3 HAY GHAZALI TEMARA', '05 37 64 47 74', '05 37 64 47 74', '', 'TEMARA', ''),
(495, '64061', 0, 495, 'ALTATRAV', 'BT', 1, 4000, 'BA MOHAMED TARIK', 'N° 2 PRES DE MOSQUEE MED VI CYM EL MENZEH RABAT', '', '05 37 79 87 35', '06 61 10 07 43', 'RABAT', 'tarik_go@hotmail.com'),
(496, '', 0, 496, 'EL MOUSSAOUI MED', '0', 1, 2000, 'EL MOUSSAOUI MED', '527 SECT D HAY ERRAHMA SALE', ' 06 61 37 53 50', ' ', '06 61 37 53 50', 'SALE', ''),
(497, '', 0, 497, 'DOUSSOU- SODOCO-', '0', 1, 2000, 'SOUSSI JAMAL', 'BLOC 21 N° 599 HAY SALAM SALE', '05 37 80 73 61', '05 37 80 73 61', '06 42 61 69 57', 'SALE', 'doussou.sarl2010@gmail.com'),
(498, '', 0, 498, 'ERE MAROC', '0', 1, 3000, 'BAOUZA', 'AVENUE LALLA AMINA N° 53 APP 8 TABRIQUET SALE', ' ', ' ', '', 'SALE', 'eremaroc@gmail.com'),
(499, '', 0, 499, 'TECHLAND', '0', 1, 6000, 'MOSTAFA EL MELHAOUI', '180 CITE OLM RUE EZZOUBIR IBN AL AOUAM', '05 37 75 52 53', '05 37 75 26 27', '06 61 39 93 56', 'RABAT', 'techland@menara.ma'),
(500, '', 0, 500, 'SOCLIMAT', '0', 1, 2000, 'KHORSSA ALLAL', 'IMM 20 APP 5 AV MADAGASCAR OCEAN RT', '06 61 18 49 02', '05 37 74 00 09', '06 61 18 49 02', 'RABAT', 'soclimat@menara.ma'),
(501, '', 0, 501, 'LOUKILI BOUCHTA', '0', 1, 3000, 'LOUKILI BOUCHTA', 'HAY AL OMYINE IMM 5 APPT N° 6 TEMARA', '06 58 93 84 98', ' ', '06 58 93 84 98', 'TEMARA', '   tireguitsaid@yahoo.fr'),
(502, '', 0, 502, 'AHMED SAAD TRAVAUX', '', 1, 2000, 'MOURAD BENNANI', 'MARJANA 3 BLOC 35 IMM 41 APP 8 SALE', '05 37 74 45 47', '05 37 74 45 47', '06 61 37 19 66', 'SALE', 'mouradsaleh66@yahoo.fr'),
(503, '80419', 1, 503, 'AMANCOM ( AMAN CONDUITES MODERNES)', 'T', 1, 2000, 'NOUARA MED (NIHAL LMRABTI D FINANCI', 'RES ZAITOUNA B APP 33 HAY NAHDA 2 RT', '0661185443', '05 37 65 92 03', '06 61 18 54 43', 'RABAT', 'amancom.sarl@gmail.com'),
(504, '', 0, 504, 'FREYSSIMA', '0', 1, 20000, 'GUY SEVOZ - DG-', '7 RUE JANAE RESIDENCE AL IDRISSIA APP N° 1 SECT 8 HAY RIAD RT', '05 37 56 44 35', '05 37 56 39 48', '06 61 20 94 24', 'RABAT', 'gsevoz@freyssinet.com; sara;rouijel@freyssinet.com soumia.adili@freyssinet.com'),
(505, '', 0, 505, 'LOGISOFT', '0', 1, 6000, 'MOURAD MED GHANNA/ MME BENOMAR', '19 RUE DAYET IFRAH AGDAL RABAT', '05 37 26 28 71', '05 37 26 29 22', '06 61 14 43 61', 'RABAT', ''),
(506, '', 0, 506, 'SEEA', '0', 1, 2000, 'AMRANI HANCHI ABDELHAI', '8 RUE IBN HAYTAM AGDAL', '05 37 77 21 00', '05 37 77 21 00', '06 61 30 84 42', 'RABAT', 's.e.e.a@htomail.com'),
(508, '', 0, 508, 'DIMAH MACHINERY', '0', 1, 2000, 'RACHID ASSAIDI', 'N° 19 IMM27 LOT YASMINE TABRIQUET SALE', '06 62 19 30 53', '', '06 62 19 30 53', 'SALE', 'larosedestables@hotmail.fr'),
(509, '', 0, 509, 'AFKIR -IBRAHIMI BOUCHTA-', '0', 1, 3000, 'IBRAHIMI BOUCHTA', 'APPT 1 IM E RESIDENCE BELLEVUE SALA AL JADIDA', '06 61 23 38 94', '', '06 61 23 38 94', 'SALE', ''),
(510, '', 0, 510, 'TIMZRAY', '0', 1, 2000, 'HAMYOUY MOHAMED ET HADAFI FATIHA', 'BLOC 23 N° 1057 HAY SALAM SALE', '05 37 82 82 42', '05 37 82 82 42', '06 68 35 61 93', 'SALE', 'timzray@gmail,com'),
(511, '', 0, 511, 'DOKA', '0', 1, 2000, 'Harry BEUTEL', '18 RUE AL AKHILYA QUARTIER DES MARGUERITES RYAD RT', '05 38 00 40 90', '', '06 61 47 47 02', 'RABAT', 'sanae,talouni@doka,com haraldbeutel@doka,com/ mounia.mouhoub@doka.com // laila,el_idrissi@doka,com'),
(512, '', 1, 512, 'OULAD ZERRAD', '0', 1, 10000, 'CHRIQI RAHHAL', 'LOT JEANMARIE N° 24 TEMARA', '05 37 64 49 57', '05 37 61 21 68', '06 61 23 10 34', 'TEMARA', 'entreprise.oulad.zarrad@menara.ma; rahhal65@gmail.com;ouladzerrad@gmail.com;ouladzerrad@gmail.com;ouladzerrad@gmail.com;'),
(513, '63255', 0, 513, 'SASMA CONSULTING', 'B', 1, 6000, 'FAHMI MOHAMED ET ANTRI MOHAMED', 'RUE TOUDGHA RESIDENCE AL ANDALOUS N° 4 AAPP 10 AGDAL RT', '05 37 77 66 19', '05 37 77 28 19', '06 61 17 94 99', 'RABAT', 'sasmaconsulting@gmail.com'),
(514, '', 0, 514, 'TANSIFT CONTRACTOR', '0', 1, 4000, 'SAID GRIOUITTE', 'LOT JNANE JBILOU IMM 1VAPP 9 ROUTE DE KENITRA SALE', '05 37 88 23 12', '05 37 88 23 12', '', 'RABAT', 'stetansift@gmail.com ;  tansiftsarl@gmail.com'),
(515, '', 0, 515, 'SECOMATUBE', '', 1, 2000, 'ACHELACHOUNE ABDESSELAM', 'GROUPE 4 C21 HAY AL MAGHREB ALARABI MASSIRA 2 TEMARA', '05 37 60 33 34', '05 37 60 33 34', '06 61 49 56 60/06 6', 'TEMARA', 'secomatube@menara,ma'),
(516, '', 0, 516, 'LANNET', '', 1, 4000, 'BOUDI MOHAMMED', '23 AV SAKIAT HAMRA BETTANA SALE', '05 37 88 04 69/05 3', '05 37 77 98 90/ 05 ', '06 61 20 92 27', 'SALE', 'boudi@lannet.ma ;lannet@lannet.ma'),
(517, '', 0, 517, 'RR HOLDING /BGI CONSTRUCTION', '', 1, 20000, 'ANOUAR BENBRAHIM', 'KM 15 ROUTE PRINCIPALE N° 1 AVENUE HASSAN 2 TEMARA', '05 37 61 07 84', '05 37 61 07 86', '06 61 19 46 05/06 6', 'TEMARA', 's.bezzaa@bsinvestment.ma;anouarbenbrahim@hotmail.com'),
(518, '', 0, 518, 'GHAIT DEVELOPPEMENT', '', 1, 2000, 'LOURIDI TAREK', 'SECT 1 LOT 209 RUE SAHL MELYOUIYA HAY LOUDAYA TEMARA', NULL, NULL, '06 61 15 52 20', 'TEMARA', 'tlouridi@gmail,com'),
(519, '', 0, 519, 'MPIM', '', 1, 10000, 'AKALLAZ KARIM', '52 AV PATRICE LUMUMBA APP 15 RT', '05 37 70 52 42', '05 37 70 51 94', '06 61 15 59 90', 'RABAT', 'mpimaroc@gmail.com'),
(521, '', 0, 521, 'NADHIS', '', 1, 6000, 'SMAILI HASSAN', '51 RUE JBAL AYACHI N° 11 AGDAL RABAT', '05 37 67 06 70', '05 37 67 24 29', '06 61 30 37 02 (06 ', 'RABAT', 'nadhis@menara.ma'),
(522, '', 0, 522, 'MOBATRAV', '', 1, 2000, 'SABBAH MOHAMED', 'AMAL 5 N° 1329 HAY MASSIRA RABAT', NULL, '05 37 56 42 66', '06 61 29 04 39', 'RABAT', 'mobatrav@gmail.com'),
(523, '', 0, 523, 'RAKKAZ TRVAUX DIVERS', '0', 1, 2000, '', 'N° 179 RUE LABRACHOUA HAY LINBIAT PAR LA ROUTE DU 1ER (BAFRA)', '05 37 37 37 46', '05 37 37 37 46', '06 18 94 44 10', 'SALE', 'rakkaz@hotmail.it'),
(524, '51461', 0, 524, 'DDM (DIMENSION DATA MAROC)', 'B', 1, 20000, 'REDA MEZIANE ET CHRISTIAN JONNIAUX', 'LOT 30 ZONE INDUSTRIELE ASSINAIA', '05 37 60 68 68', '05 37 60 69 69', ' ', 'RABAT', 'reda.meziane@dimensiondata.com ;kawtarmouzdahir@dimensiondata.com'),
(525, '', 0, 525, 'AGC GESTION GENIE ET CONSTRUCTION', '0', 1, 2000, 'IAZHARI DIREXT Mme IDALINA ALEXANDR', '12 RUE JEBEL EL AYACHI APT 2 AGDAL 10080', '05 30 300 370', '05 37 68 15 36', '06 14 000 371', 'RABAT', 'asibel.maroc@asibel.net;idalina.jorge@asibel.net'),
(526, '', 0, 526, 'RIDAMINE TRAVAUX', '0', 1, 3000, 'ABOURI MY LAHOUSSINE', '632 SECT C HAY RAHMA SALE', '', '05 37 86 31 91', '06 67 35 51 41', 'SALE', 'ridamine2@yahoo.fr'),
(527, '', 0, 527, 'MEGA CHANTIER', '0', 1, 3000, 'ADIL BAKHIR', 'N° 175 SECT 5 LOT 24 HA BP 4722 MASSIRA TEMARA', '', '05 37 60 65 21', '06 74 02 30 46', 'RABAT', 'megachantier@gmail.com'),
(528, '', 0, 528, 'BEN AHMED', '0', 1, 4000, 'OUJAA OMAR ET OUJAA MONCEF', '20 RUE MOULAY RACHID RABAT', '05 37 73 18 27', '05 37 73 51 15', '06 61 22 35 56', 'RABAT', 'ent.benhmed@gmail.com'),
(529, '', 0, 529, 'DOSSOUR', '0', 1, 2000, 'ZAAFRANI RABIA', 'AV HASSAN 2 IM D RES AHSAN DAR MAG 6 AGDAL', '05 37 69 29 73', '05 37 69 29 73', '06 61 39 07 44', 'RABAT', 'dossour_travaux@yahoo.com;dossourtravaux@gmail.com'),
(530, '', 0, 530, 'AMCM TRAD', '0', 1, 2000, 'MOUSSEYIR ABDERRAHIM', 'DOUAR LBRAHMA BOUKNADEL', '06 18 53 58 51', '05 37 53 41 53', '06 18 53 58 51', 'TIFELT', 'amcm.contact@gmail.com'),
(531, '', 0, 531, 'MABEF MARBRE', '0', 1, 3000, 'MOURAD BELHOUCINE', 'HAY AL MAGHRIB AL ARABI N° 13 SECT 4 TEMARA', '05 37 60 43 44', '05 37 60 43 56', '06 61 45 61 64', 'TEMARA', 'mabef@hotmail.fr'),
(532, '', 0, 532, 'SUD AFRICAIN D ELECTRICITE GENERALE ET T', '0', 1, 3000, 'OUZIDANE BOUMEHDI', '1 BIS AV MOHEMED VI RUE BOUSKOURA RT', '05 37 75 85 07', '05 37 75 85 08', '06 61 15 30 43', 'RABAT', 'sudalec@gmail.com'),
(533, '', 0, 533, 'ING TRAVAUX', '0', 1, 2000, 'SAID BOUAZZA', 'HAY NACR SECT 2 N° 122 AIN AOUDA TEMARA', '06 45 80 29 41', ' ', '06 67 81 29 70', 'TEMARA', 'ing-travaux@hotmail.fr'),
(535, '', 0, 535, 'DREAM VIEW', '0', 1, 2000, 'BENZAKI MED ET MOUNTASSIR', 'RESIDENCE YASMINA RDC RUE ANGLE HACHIMI KOSTALI ET RAIS ACHOUR KBIBAT RT', '05 37 70 88 00', '05 37 70 88 88', '06 61 33 01 12', 'RABAT', 'halaba.habib@gmail.com; dreamview8@yahoo.com'),
(536, '', 1, 536, 'BOULMACO', '0', 1, 2000, 'FAOUZI BOULMAROUF ', 'IMM 1 AV MED V RESIDENCE ELKOUMIR APPT 4/8 TABRIQUET', '05 37 86 63 76', '05 37 86 63 76', '06 61 20 17 18 ', 'RABAT', 'faouzi@boulmaco.com ; abdelghani@boulmaco.com'),
(537, '', 0, 537, 'AHAME ALACHGHAL', '0', 1, 2000, 'MOHMAMED EL HAROUNI', 'HAY ERRAHMA N° 363 SECT E SALE', '', '', '06 15 67 52 31', 'SALE', '   ahamme.alachghal@gmail.com'),
(538, '', 0, 538, 'MAROCAINE DE CONSTRUCTION ET EQUIPEMENT ', '0', 1, 2000, 'ESSADIK BOUCHAIB', 'LOT YASSMINE IMM 43 APP 1 AV MED V TABRIQUET SALE', '05 37 86 21 16 ', '05 37 85 17 83', '06 62 16 48 57', 'SALE', 'stade.essadik@gmail,com'),
(539, '', 0, 539, 'AIT LKHEIR', '0', 1, 4000, 'BOURIALE SAID', 'AMAL 2B 511 CYM', '05 28 83 47 13', '05 28 83 22 07', '06 61 23 04 07', 'RABAT', 'aitlkeir@gmail.com dahdah,abdellah@gmail.com'),
(541, '', 1, 541, 'GCB', '0', 1, 2000, 'MESSAOUDI YAHYA', 'RUE PIERRE PARENT IMM 3 APP N° 2 HASSAN', '05 37 66 11 85', '05 37 66 11 85', '06 62 61 64 79', 'RABAT', 'gcbtravaux@gmail.fr'),
(543, '', 139654, 543, 'NIGROU LARBI', '0', 1, 2000, 'LARBI NIGROU', '13 SECT 2 LOT 24 HA TEMARA', '06 57 22 15 06', ' ', '06 57 22 15 06', 'TEMARA', 'nigrou.l@hotmail.fr;Inbatiment-In@hotmail.fr'),
(544, '', 0, 544, 'CAPITAL', '0', 1, 2000, 'CHEBIHI YOUSSEF ET LAMZIBRI YASSINE', '8 RUE MOULAY RACHID RT', '05 37 64 54 67', '05 37 64 54 67', '06 59 51 31 88', 'RABAT', 'capitalalu@gmail ,com'),
(545, '', 0, 545, 'BELECTROTEC', '0', 1, 4000, 'BOUZGHUAR SALAH', '50 RUE ZANJIBAR MAGAZIN N° 1 OCEAN RT', '05 37 72 34 38', '05 37 73 11 56', '06 61 98 92 41', 'RABAT', 'belectrotec@yahoo.fr'),
(546, '', 0, 546, 'SONOTAC', '0', 1, 3000, 'NASSIM AJJAGHD', '16, Résidence Jenane Nahda, Appt N°3, 1ér étage, Hay Nahda 1 EXT, Rabat', '06 52 27 45 28', '05 37 65 19 11', '06 62 27 45 25', 'RABAT', 'sonotac.sarl@gmail.com'),
(547, '79731', 0, 547, 'FOMELEPE', 'B', 1, 2000, 'HANI MUSTAPHA', '959 HAY NAHDA 2 GROUPE AL MAJD RABAT', '06 66 17 65 67', '05 37 65 16 05', '06 66 17 65 67', 'RABAT', 'fomelepe.hani@gmail.com'),
(549, '', 0, 549, 'TOLBA VERRE SARL', '0', 1, 10000, 'ETTOLBA MERIEM', 'LOT 27 ZONE INDUSTRIELLE AIN ATIG TEMARA', '05 37 74 92 07', '05 37 7492 09', '06 61 44 42 42 ', 'TEMARA', 'ahmedelgharbaoui@yahoo.fr;meriem@ettolba.ma;b.elmahi@ettolba.com;contact@ettolbainvest.com;'),
(550, '', 0, 550, 'FINITION DESIGN', '0', 1, 4000, 'MME.NORA ATTAS', '16 BIS RUE IBN ABDOUNE LES ORANGERS AGDAL RABAT', '05 37 73 12 80 ', '05 37 73 12 89', '06 29 17 00 28', 'RABAT', 'finition@finitiondesign.com; contacts@finitiondesign.com'),
(551, '', 0, 551, 'ASSABBANE HELEC', '0', 1, 3000, 'MR ASSABBANE HFID', 'GROUPE 18 IMM 5 APPT 05 N°131 AIN ATIQ TEMARA', '06 61 46 48 46', '', '06 71 41 68 59', 'TEMARA', 'driouiche.kaoutar@gmail.com; assabanehelec44@gmail.com'),
(552, '', 0, 552, 'CONTRADIS SARL', '0', 1, 4000, 'MR KHALID EL IDRISSI', '1ER ETAGE 11 AV AL MAJD ZONE INDUSTRIEL CYM RABAT', '05 37 79 09 99', '05 37 79 09 57', '06 65 10 34 34', 'RABAT', 'contradis,ma@gmail,com'),
(553, '66347', 0, 553, 'ALL PROJECTS', 'B', 1, 2000, 'MR KHALID AIT BELHOUSSEIN', 'BP 26706 HAY EL MENZEH RABAT', '0537 79 00 82', '0537 79 00 82', '0652 39 56 25', 'RABAT', 'all.projects1@gmail.com'),
(554, '', 0, 554, 'VALUSTRAD', '0', 1, 500, 'MR GUEDIRA SIFEDDINE', '2 PLACE ABOU BAKER ESSADIQ APT 6 AGDAL RABAT', '05 37 60 64 54', ' ', '06 61 40 68 11', 'RABAT', 'sf.guedira@gmail.com'),
(555, '', 0, 555, 'SODICOTRA', '0', 1, 500, 'MR SOURY ABDALLAH', 'AV ABDELKRIM AL KHATTABI KISSARIAT LOCEAN N° 25 OCEAN RABAT', '05 37 72 69 98', '05 37 72 63 26', '06 61 30 10 23', 'RABAT', 'sodracotra.sarl@gmail.com'),
(556, '68933', 0, 556, 'NAROUZE TRAVAUX SARL', 'B', 1, 2000, 'NAROUZE ABDERRAHMAN', '13, RUE DORAN, APT N° 6 HASSAN RABAT', '05 37 73 28 26', '05 37 73 28 41', '06 61 42 95 91', 'RABAT', 'narouzetravaux@gmail.com; narouze.noura@gmail.com'),
(557, '', 0, 557, 'INAJA BAT CO NEGOCE SARL AU', '0', 1, 500, 'DRISS EL BAZ', 'N° 15 AVENUE ALABTAL APP N° 4 AGDAL RABAT', '06 12 13 12 53', ' ', '06 10 23 80 15', 'RABAT', 'drisselbaz909@yahoo.fr'),
(558, '', 0, 558, 'LES TRAVAUX', '0', 1, 500, 'ABDALLAOUI AMINE', '15 AV AL ABTAL N° 4', ' ', ' ', '06 73 99 11 52', 'RABAT', 'lestravaux2@gmail.com'),
(560, '', 0, 560, 'MAROUF BTP', '0', 1, 500, 'ABDERRAHIM BOULMAROUF', 'IMM 30 APPT 8 RUE MOULAY AHMED LOUKILI HASSAN RABAT', '06 79 26 27 59', ' ', '', 'RABAT', 'abderrahim.boulmarouf@gmail.com'),
(561, '27441', 0, 561, 'COBATIP', 'B', 1, 2000, 'M.Hicham BOUSSAYRI', 'Sect 8 Res Nassim Ryad Imm\n5 Apt 6 H R Rabat', '06 61 07 48 84', ' ', '06 61 07 48 84', 'KENITRA', 'boussayrihi@hotmail.fr'),
(562, '27217', 0, 562, 'COPREF', 'B', 1, 20000, 'M.ADIL KADIRI YAMANI HASSNI', 'Lottissment Jaouhaar NR 37\nBir Rami Est Kenitra', '06 61 18 64 92', ' ', '06 61 18 64 92', 'KENITRA', 'copref@gmail.com ; adilkadiriyamani@gmail.com'),
(563, '132571', 0, 563, 'HTTC', 'BT', 1, 2000, 'M.BOUNJOUA Ayman', '12 AVENUE MICHLIFEN 4 EME ETAGE APT N 9 AGDAL , Rabat', '', '05 37 67 51 44', '06 63 62 08 02', 'RABAT', 'contact@httc.ma'),
(564, '', 0, 564, 'EAM SERVICES', '0', 1, 10000, '', '', ' ', ' ', '', 'RABAT', ''),
(565, '', 0, 565, 'ETABLISSEMENT AHOUZI MOHAMED TRAVAUX', '0', 1, 1000, 'AHOUZI AHMED', 'IMM 43 N° 2 AV HASSAN KENITRA', '05 37 67 01 15', '05 37 67 01 15', '06 61 15 83 91', 'KENITRA', ''),
(566, '', 0, 566, 'PECARE ESPACES VERTS', '0', 1, 1000, 'HADDANE HAMID', '', '06 61 22 62 06', '', '06 61 22 62 06', 'RABAT', ''),
(567, '', 0, 567, 'SONAFIA', '0', 1, 6000, 'boughroud abderrahmane', '', '06 67 08 24 15', '', '06 67 08 24 15', 'RABAT', 'boughroud@hotmail.com'),
(568, '', 0, 568, 'SOCOMBUS SARL', '0', 1, 1500, 'KHAIREDINE OMAR', 'KM 16 ZONE INDUSTRIELLE TEMARA', '05 37 74 79 86', '', '06 61 91 02 46', 'RABAT', ''),
(569, '', 0, 569, 'SAVOIR VERT SARL', '0', 1, 1000, 'NOUBAIHI MOUNIR', 'AV AHMED CHAWKI IMPASSE VALTHOM RES ROSARIO-MARRIE APPT N° 6 KENITRA', '06 61 80 05 06', '', '06 61 80 05 06', 'KENITRA', ''),
(570, '', 0, 570, 'ECO VERT', '0', 1, 1000, 'FDILI CHERIF', '148 RUE MY ABDELLAH RESIDENCE AL FATH 1ER ETAGE BUREAU N°1 KENITRA', '06 61 43 72 17', '', '06 61 43 72 17', 'KENITRA', 'm.fadou@hotmail.com'),
(571, '', 0, 571, 'AHOUZI TRAVAUX', '0', 1, 10000, '', '', ' ', ' ', '', 'RABAT', ''),
(577, '67845', 0, 572, 'TR3F (ENTREPRISE 3 F DE REVETEMENT ROUTIER ET TRAVAUX DIVERS)', 'T', 0, 0, '', 'Villa N°38 LOTISSEMENT LAAYOUNE, HARHOURA – TEMARA', '0537611212', '0537611221', '', 'RABAT', 'tr3f@menara.ma'),
(578, '53431', 0, 573, 'JET CONTRACTORS', 'BT', 0, 250000, 'Adil RTABI / TADLAOUI OMAR ', 'Quartier Industriel, N° 78 TAKADOUM', '0537749292', '0537749230', '06 61 29 31 57', 'RABAT', ''),
(579, '57573', 0, 574, 'RAGHAY LITAAMIR', 'BT', 0, 0, '', '6 RUE EL HACHIMI KOSTALI APPT N° 1 AV DE LA RESISTANCE', '0537707775', '0537661465', '', 'RABAT', ''),
(580, '77667', 0, 575, 'EMACOTRA', 'T', 0, 0, '', '20 RUE AL KAKI ILOT 19 IMM A APPT N° 10 HAY RIAD', '0537564590', '0537593153', '', 'RABAT', ''),
(581, '79447', 0, 576, 'EUROLOGISTIQUE', 'T', 0, 0, '', 'HAY ALANDALOUSSSE RUE PRINCIPALE N 76', '0537612802', '0537612801', '0537612802', 'RABAT', ''),
(582, '99623', 0, 577, 'CAMPEZO', 'T', 0, 0, '', 'Secteur 21, Rue Alyanbout Bloc S Lot 10 Hay Riad', '0537693173', '0537693175', '', 'RABAT', ''),
(585, '29085', 0, 580, 'SUMC (S\'UNITE MAGHREBINE DE CONSTRUCTION)', 'B', 0, 10000, 'M.Nabil RTABI', '17, quartier industrielle Takadoum estention 10 000 youssoufia Rt', '0537631895', '0537754264', '', 'RABAT', 'zitouni@menasteel.ma'),
(587, '41189', 0, 581, 'GCR- Les Grands Chantiers Routiers ', 'T', 0, 30000, '(SABONI RACHID DG) TMUSTAPHA FAHIM', 'Complexe Skhirat, Angle Av Hassan II et Route de la plage', '0537742211', '0537742371', '', 'RABAT', 'contact@gcr.ma; KHADIJA BOUCETTAdat@gcr.ma; sec@gcr.ma ; benhmida@gcr.ma / '),
(588, '57541', 0, 582, 'ALEQ -ALAM EQUIPEMENT ', 'BT', 1, 10000, 'GUERI MOHAMED', '10 RUE AL YAMAMA ESC B APPT 10', '05 37 20 25 33', '05 37 73 29 79', '06 65 15 48 35 ', 'RABAT', 'alam.equipe@menara.ma // aleqbtp@gmail,com; contact@aleq.ma;'),
(589, '25019', 0, 583, 'SETRAT (SOCIETE D’ETUDES ET TRAVAUX D’AMENAGEMENT DU TERRITOIRE) ', 'BT', 1, 30000, 'BOUDALI BOUJEMAA', '4,RUE ELRAICH RABAT', '0537765862', '0537766412', '', 'RABAT', 'youssef,boudali@setrat.com //setrat2@gmail,com. Sara,imejjat@setrat,com;contact@seta.ma;hanane.zeddoug@setrat.com;'),
(590, '65185', 0, 584, 'ELECTRO SAHTOUT INDUSTRIEL', 'B', 0, 0, '', 'RUE TADLA MABELLA N° 36 FRACTION N° 24', ' ', ' ', '0661180052', 'RABAT', ''),
(591, '49481', 0, 585, 'GRIMM (GROUPEMENT INDUSTRIEL DE MANUFACTURES DE MENUISERIE)', 'B', 0, 3000, 'ABDEMLHAQ LAFHAILI', 'LOT S 1 ZONE INDUSTRIELLE PARTIE HAUTE LAAOUIL LAHMIRAT HAY ENNAHDA', '0537655692', '0537651950', '06 61 18 94 87', 'RABAT', 'gr.i.m.m@hotmail.com'),
(592, '61329', 0, 586, 'ORTIS MAROC', 'B', 0, 0, '', '942 HAY NAHDA LOT ALAHD', '0530120213 ', '0537632872', '', 'RABAT', ''),
(593, '89919', 0, 587, 'LA LIGNE BLANCHE', 'T', 0, 0, '', 'COMPLEXE SKHIRAT ANGLE AVENUE HASSAN II ET ROUTE DE LA PLAGE-SKHIRAT', '0537372385', '0537370134', '', 'RABAT', ''),
(594, '90629', 0, 588, '2HSC', 'B', 0, 0, '', '374 HAY NAHDA 1 IDAFI GROUP AL AHD', '0661291350', '0537651309', '', 'RABAT', ''),
(595, '57001', 0, 589, 'LABERAGA TRAVAUX', 'T', 0, 6000, 'FAKHREDDINE HICHAM', '54 AVENUE MOHAMED V TALAA 6 TEMARA', '0537747587', '0537611690', '', 'RABAT', 'laberaga@hotmail.fr'),
(596, '75213', 0, 590, 'PLATRE STAFF MAZAGAN', 'B', 0, 0, '', 'LOT EL KOURA VILLA 27 CYM', '0537696912', ' ', '', 'RABAT', ''),
(597, '53435', 0, 591, 'AVANZIT TECHNOLOGIE MAROC', 'BT', 0, 3000, 'NAOUI Ali ', 'N° 3 RUE ZERHOUN SOUISSI', '0537639664', '05 37 77 51 42', '', 'RABAT', ' avanzit@menara.ma ; a-naoui@menara.ma '),
(598, '56695', 0, 592, 'OXAIR', 'B', 0, 0, '', 'COMPLEXE DE SKHIRAT ANGLE AVENUE HASSAN II ET ROUTE DE LA PLAGE', '0537620218 ', '0537620220', '', 'RABAT', ''),
(599, '62159', 0, 593, 'NOMATIS', 'B', 0, 0, '', '32 AV EL HATIMI LES ORANGERS', '0537262503', ' ', '', 'RABAT', ''),
(600, '87305', 0, 594, 'HAY 2010', 'BT', 0, 0, '', 'M2/4 RIBAT EL FATH', '0537281111', '0537794070', '', 'RABAT', ''),
(601, '49107', 0, 595, 'SOPHIA INGENERY', 'B', 0, 0, '', 'Résidence Ennakhil 1 Imm 6 Appt 4 Hay Nahda 1', '0666039006 ', '0537656440', '', 'RABAT', ''),
(602, '62069', 0, 596, '3GCOM', 'B', 0, 0, '', 'N11 BLOC G SECTEUR 22 HAY RYAD', '0661315002 ', '0537566782', '', 'RABAT', ''),
(603, '113635', 0, 597, 'NEWERACOM', 'B', 0, 0, '', 'Rue Al Hodal secteur 10 bloc O Lot n° 7 Hat Ryad Rabat', '0537717014 ', '0537716462', '', 'RABAT', ''),
(604, '42241', 0, 598, 'NOUVELLE DE CHAUDRONERIE ET HYDROMECANIQUE', 'T', 0, 0, '', 'RESIDENCE KAYS PLACE RABEA EL ADOUIA AGDAL', '0537741458 ', '0537741458', '', 'RABAT', ''),
(605, '66695', 0, 599, 'GMT NEW LIGHTING', 'BT', 0, 0, '', 'N° 20 AV MLY ISMAIL HASSAN', '0537264740 ', '0537264742', '', 'RABAT', ''),
(606, '129111', 0, 600, 'INJAZ WORKS', 'T', 0, 0, '', '20 RUE AGUELMANE SIDI ALI APP N 2 AGDAL', '0661059880', '0537353845', '', 'RABAT', ''),
(607, '122807', 0, 601, 'LIGNO VERT', 'B', 0, 0, '', 'SECTEUR 11 RUE ARROUZ 1ER ETG B N°24 CA HAY RIAD RABAT', '0537771249', '0537773467', '', 'RABAT', ''),
(608, '45585', 0, 602, 'STE MP PROJECT', 'BT', 0, 0, '', 'KM 14 DOUAR LAMNACIR LOULALDA TEMARA', '0665185057 ', '0537641164', '', 'RABAT', ''),
(609, '157573', 0, 603, 'HARANITRAV', 'BT', 0, 0, '', 'Appt N°6, sis au n° 68 bis, Avenue Fal Ould Oumeir, Agdal, Rabat, Maroc.', '0537772605 ', '0537774204', '', 'SALE', ''),
(610, '150015', 0, 604, 'AL MOKAYADA', 'B', 0, 0, '', 'IMM 34 RUE ALADARISSA 3EME ETAGE N 4 HASSAN', '0537709116', '0537722804', '', 'SALE', ''),
(611, '57731', 0, 605, 'BRAZER INGENIERIE', 'B', 0, 0, '', 'LOT SANCHEZHAY IBN SINA RUE SOMALIE N°39 TEMARA', '0661260561', ' ', '0661260561', 'TEMARA', ''),
(612, '54867', 0, 606, 'ENTREPRISE DE BATIMENT ANANA', 'B', 0, 0, ' ', 'LOT FATH EL KHEIR SMIRIA N° 49 , Temara', '0673266579', '0537641135', '', 'RABAT', ''),
(613, '128849', 0, 607, 'ATLAS GT', 'T', 0, 0, ' ', 'avenue hassan II N° 19 IMM A.G 019026 APPT N° 26 AGDAL', '0524205349', '0524205349', ' ', 'RABAT', ' '),
(614, '73651', 0, 608, 'CAVO', 'T', 0, 0, '', 'AVENUE AL MAGHRIB AL ARABI IMM N° 60 APPT N° 1 DIOUR JAMAA', '0537701655', '0537700745', '', 'RABAT', ''),
(615, '76377', 0, 609, 'ALTER DECO', 'B', 0, 0, '', 'S2 Aile Sud Arriad Business Center Hay Riad - Rabat', '0661964585', ' ', '', 'RABAT', ''),
(616, '68183', 0, 610, 'ATPLUM', 'B', 0, 0, '', '6 ZANKAT EL KHALIL APPT N°14 CENTRE VILLE, RABAT', '0661083438', ' ', '0661083438', 'RABAT', ''),
(617, '139743', 0, 611, 'B COMME PEINTURE', 'B', 0, 0, '', '80 RUE PATRICE LUMUMBA – APT N° 5 – 10010 RABAT', '0537767090', '0537767091', '', 'RABAT', ' '),
(618, '40261', 0, 612, 'ETD (ELECTRICITE ET TRAVAUX DIVERS DE BATIMENTS)', 'BT', 0, 0, '', 'SECTEUR HAY FATH AL MASSIRA AMAL 5 N° 249 CYM', ' ', ' ', '', 'RABAT', ''),
(619, '78851', 0, 613, 'FACILITY PROPERTY MANAGEMENT', 'BT', 0, 0, '', 'HAY RYAD AVENUE ANNAKHIL SECTEUR 17 BLOC H N° 5', '0618534389', '0537566409', '', 'RABAT', ''),
(620, '71445', 0, 614, 'FTPR (FILALI TRAVAUX PUBLIC ET REBOISEMENT)', 'T', 0, 0, '', '127 RUE FARHAT HACHAD APPT N° 10 OCEAN', '0537513800', '0537510298', '', 'RABAT', ''),
(621, '102111', 0, 615, 'GMCG (Groupe Marocain de Construction Générale)', 'BT', 0, 0, '', '131 AVENUE ALLAL BEN ABDELLAH N°8', '0537728845', '0537728859', '', 'RABAT', ''),
(622, '131609', 0, 616, 'GROUPE SOYAZID SARL', 'BT', 0, 0, '', 'Secteur 14 bloc x rue Aladkhir Hay Riad Rabat', '0661088898', ' ', '', 'RABAT', ''),
(623, '41653', 0, 617, 'GROUPEMENT D\'ETUDES SERVICES ET REALISATIONS', 'T', 0, 0, '', 'RESIDENCE ASSABAH ILOT 11,IM AZILAL APP4', '0537291844', '0537291844', '', 'RABAT', ''),
(624, '85555', 0, 618, 'INNOVATIVE BUILDING SOLUTIONS', 'BT', 0, 10000, 'OMAR EL MOUJAREB', '35 RUE LOUBNANE 291 BR 26 5EME ETAGE OCEAN', '0666010202', '0537736086', '', 'RABAT', 'elmoujareb@gmail.com'),
(626, '57665', 0, 619, 'RABAT VERDURE', 'B', 0, 0, ' ', 'Témara Centre Lotissement Samir Imm 2 Appartement n° 3', '0537613666', '0537613666', '', 'RABAT', ''),
(627, '91771', 0, 620, 'VERDURA', 'B', 0, 0, '', 'N°76 1ER ETAGE HAY EL MASSIRA AMAL 5 CYM', '0662782785', '0537796499', '', 'RABAT', ''),
(628, '79459', 0, 621, 'MBI SCAVI', 'T', 0, 0, ' ', 'BOULVARD MOHAMED V IMM15 APPT 03 HAY NAHDA 1 TEMARA', '0537402064', '0537402064', '', 'RABAT', ''),
(629, '29867', 0, 622, 'INTER-PLOMBERIE MAROCAINE', 'BT', 0, 0, '', 'REISDENCE EL MOUAHIDINE MAGASIN N° 3 HASSAN', '0661404855 ', ' ', '', 'RABAT', ''),
(630, '76175', 0, 623, 'KLASS I TRAVAUX', 'B', 0, 0, ' ', '30 PLACE RABIA AL ADAOUIYA N2 AGDAL ', '0661481824', ' ', '', 'RABAT', ''),
(631, '73269', 4, 624, 'GECOMAR (LA GENERALE DES CONDUITES DU MAROC)', 'T', 1, 4000, 'GAHOUZ MED	', 'RES AL BOUSTANE B2 N° 5 HAY NAHDA 1 RABAT', '0661401025', '0537753994', '06 66 14 01 025', 'RABAT', 'gahouz@yahoo.fr;  gecomar.sarl1@gmail.com'),
(632, '70223', 0, 625, 'MIAH WA KANAWAT CHAMAL', 'T', 0, 0, '', '27 AV MOHAMED V LOT AL KASBAH APP 5 Temara', '0537643381', '0537643381', '0661045040', 'RABAT', ''),
(633, '84127', 0, 626, 'MOUNEZ', 'T', 0, 0, '', 'IMM 6 APPT N° 4 RUE MLY IDRISS HASSAN', '0537703050', '0537703051', '', 'RABAT', ''),
(634, '7331', 0, 627, 'MOUZOBAT', 'BT', 0, 0, '', 'AVENUE LALLA AMINA N° 53 APPT N°6 TABRIQUET,Salé', '0661305434', '0537856555', '', 'RABAT', ''),
(635, '107271', 0, 628, 'PASKARED SERVICES', 'B', 0, 0, ' ', 'LOT KOUTOUBIA IM N°9 AP1 -TEMARA', '0662026663', ' ', ' ', 'RABAT', ' '),
(636, '66975', 0, 629, 'PROMOWEST', 'BT', 0, 0, '', 'RESIDENCE VACCUM OIL COMPANY 13 IMM A 1ER ETAGE APPT 1 AV HASSAN II AGDAL', '0537699597', '0537699598', '', 'RABAT', ''),
(637, '65525', 0, 630, 'SAB TRAVAUX', 'B', 0, 0, '', '7 MOSQUÉE MED VI HAY EL MENZEH CYM RABAT', '0661158673', ' ', '', 'RABAT', ''),
(638, '136965', 0, 631, 'SELECT CONTRACTORS', 'BT', 0, 0, '', 'RUE ANNAROUJ RESID RAHMA APPT N6 HAY RYAD , Rabat', '0667630386', ' ', '', 'RABAT', ''),
(639, '85409', 0, 632, 'SERVICES A VALEURS AJOUTEES', '0', 0, 0, '', 'N°13 Imm 11, Jnnane Nahda, Rabat 10210 - Maroc', '0537755861', '0537657144', '', 'RABAT', ''),
(640, '53605', 0, 633, 'SOBANET', 'B', 0, 0, '', 'RABAT SOUISSI RUE CADI ALI DINIA LA PINEDE N° 8', '0661208196', '0537757893', '', 'RABAT', '');
INSERT INTO `societe` (`Id`, `registre`, `nb_national`, `nb_regional`, `ENTREPRISE`, `secteur`, `adher`, `MONTANT_COTISATION`, `Responsable`, `Adress`, `Téléphone`, `Fax`, `GSM`, `VILLE`, `E-MAIL`) VALUES
(641, '49101', 0, 634, 'SOCASSELEC', 'BT', 0, 0, '', '29 BIS LOTS MARHAT TEMARA', '0661373431', '0532613303', '', 'RABAT', ''),
(642, '91655', 0, 635, 'SOCIETE GENERALE DE CONSTRUCTION JARQUIL MAROC', 'B', 0, 0, '', '14 RUE IBN HAJAR ANGLE RUE AGUELMANE SIDI ALI AGDAL , Rabat', '0537770141', '0537770141', '', 'RABAT', ''),
(643, '137205', 0, 636, 'SOZARTIZAN', 'B', 0, 0, '', 'BLOC 6 N°YOUSSOUFIA OUEST , Rabat', '0661574289', ' ', '', 'RABAT', ''),
(644, '145889', 0, 637, 'IBLH TRAVAUX DIVERS ET CONSTRUCTION', 'BT', 0, 0, '', '924 GROUPE EL MAJD HAY NAHDA 2 , Rabat', '0537723005', ' ', '', 'RABAT', ''),
(645, '85819', 0, 638, 'IBTP', 'BT', 0, 0, '', 'N° 942, GROUPE AL AHD NAHDA 1 YOUSSOUFIA', '0661395469', '0537657996', '', 'RABAT', ''),
(646, '126871', 0, 639, 'A3-CO', 'B', 0, 0, '', 'N° 358 GROUPE AL MAJD HAY NAHDA II RABAT', '0661050342', '0537709043', '0661050342', 'RABAT', ''),
(647, '137299', 0, 640, 'HNW', 'BT', 0, 0, '', 'SIS IMM 30 APPT 8 RUE MOULAY AHMED LOUKILI HASSAN', '0661337951', ' ', '', 'RABAT', ''),
(648, '158183', 0, 641, 'KAMOT', 'BT', 0, 0, '', '5, Rue Figuigue, Appt N°9 en 3ème étage PP-Rabat', '0661214703', ' ', '', 'RABAT', ' '),
(649, '61311', 0, 642, 'SMAFI (MENUISERIE ALUMINIUM FERRONNERIE IFRIQUIA)', 'BT', 0, 0, '', 'DHAR TATA LOULALDA OULAD ALIANE EL MERS EL KHEIR , Temara', '0661969874', '0537747025', '', 'RABAT', ''),
(650, '136291', 0, 643, '3DC', 'BT', 0, 0, '', '30.APP N 08 RUE MOULAY AHMED LOUKILI HASSAN RABAT', '0661260710', ' ', '', 'RABAT', ''),
(651, '94953', 0, 644, 'ACHARIKA AL MAGHARIBIA LITTACHIID WALBINAA', 'B', 0, 0, '', 'N° 209 RESIDENCE LA CIGONE II RUE BRAHIM ROUDANI OCEAN', '0537601442', '0537601442', '', 'RABAT', ''),
(652, '83377', 0, 645, 'ACHGHAL TEMARA', 'BT', 0, 0, '', 'LOT AL KASBA N° 146 TEMARA', '0661527882', '0537417810', '', 'RABAT', ''),
(653, '154855', 0, 646, 'ADNANE INJAZ', 'BT', 0, 0, '', 'imm11 bur 5 2eme étagé rue dayet aoua agdal rabat', '0661788371', ' ', '', 'RABAT', ''),
(654, '75897', 0, 647, 'AFATAR CONSTRUCTIONS', 'B', 0, 0, '', '5 RUE DADES APP 3', '0537776644', ' ', '', 'RABAT', ' '),
(655, '87973', 0, 648, 'AFRICTRA', 'B', 0, 0, '', '1 IMM 9, RUE MLY RACHID HASSAN', '0537705276', ' ', '', 'RABAT', ''),
(656, '93773', 0, 649, 'AIDAN', 'BT', 0, 0, '', 'Bloc 6 n° 43 bis youssoufia est, Rabat', '0661263199', '0537773844', '', 'RABAT', ' '),
(657, '58329', 0, 650, 'AIT LHADJ BEN AMOUCH DE TRAVAUX', 'B', 0, 0, '', 'N° 2857 MERS EL KHEIR TEMARA', '0661187693', '0537616448', '', 'RABAT', ''),
(658, '41311', 0, 651, 'ALETTISAL DE TRAVAUX DIVERS', 'B', 0, 0, '', '892 HAY NAHDA II GR EL MAJD', '0661248736', '0537774852', '', 'RABAT', ''),
(659, '146351', 0, 652, 'AOUL TRAVAUX', 'BT', 0, 0, '', '15 AV AL ABTAL APPT N 4 AGDAL, Rabat', '0667281204', ' ', '', 'RABAT', ' '),
(660, '69171', 0, 653, 'ASCOMED', 'BT', 0, 0, '', 'N° 60 APPT 60 APPT N° 1 BIS RDC RUE OUKAIMEDEN AGDAL', '0537776504', '0537776504', '', 'RABAT', ' '),
(661, '146443', 0, 654, 'ATLAS CIVIL', 'BT', 0, 0, '', '18 AV OMAR IBN KHATTAB APP N 02 AGDAL Rabat', '0661702833', ' ', '', 'RABAT', ' '),
(662, '162851', 0, 655, 'AXE BUILDING', 'BT', 0, 0, '', '200 HAY NAHDA 1 COMPLEMENT APP 1 Rabat', '0661395469', ' ', '', 'RABAT', ' '),
(663, '102389', 0, 656, 'AYOUBSAR', 'BT', 0, 0, '', '64 AMAL 5 IDAFI MASSIRA CYM RABAT', '0661568223', '0537294244', '', 'RABAT', ' '),
(664, '87753', 0, 657, 'BENHAMZA SAAD TRAVAUX PUBLICS', 'T', 0, 0, '', 'RESIDENCE MOUNIK IMM E APPT N° 1 HARHOURA', '0661214394', '0537617129', '', 'TEMARA', ''),
(665, '158087', 0, 658, 'BERFUCTO', 'B', 0, 0, '', 'IMM 30 APT 08 RUE MLY AHMED LOUKILI HASSAN', '0627491090', ' ', '', 'RABAT', ''),
(666, '148501', 0, 659, 'BEST SOLUTIONS ELEC', 'B', 0, 0, '', 'N°2 BLOC K SECTEUR 6 HAY RIAD - RABAT', ' ', ' ', '', 'RABAT', ''),
(667, '157987', 0, 660, 'BESTRAG', 'B', 0, 0, '', 'IMM 30 APT 08 RUE MLY AHMED LOUKILI HASSAN , Rabat', '06 61 26 17 75', ' ', '', 'RABAT', ''),
(668, '140233', 0, 661, 'BEVTRA', '0', 0, 0, '', 'CHEZ APIMO 15 AVENUE AL ABTAL N° 4 AGDAL RABAT', '06 66 94 93 29', ' ', '', 'RABAT', ''),
(669, '61269', 0, 662, 'BEYOND PRACTICE', 'B', 0, 0, '', 'RUE 46 N° 19 HAY AL BARID CYM', '0661434549', '0537299217', '', 'RABAT', ''),
(670, '108681', 0, 663, 'BICHOU SERVICES', 'BT', 0, 0, '', 'RUE ANKARA IMM 30 APP 9', '06 61 30 57 70', ' ', '', 'RABAT', ''),
(671, '6885', 0, 664, 'BIGNOR', 'BT', 0, 0, '', 'IM 28.AV MY ISMAIL APP 19 ETAGE 4 HASSAN RABAT', '0661057352', '0537752843', '', 'RABAT', ''),
(672, '140827', 0, 665, 'BRIGAD 2E', 'BT', 0, 0, '', 'GROUPE AL MAJED N° 34D HAY ENNAHDA 2 , Rabat', '0661382761', '0537638155', '', 'RABAT', ''),
(673, '59459', 0, 666, 'BRITRAD', 'B', 0, 0, '', 'HAY MASSIRA II A COTE DE MOSQUEE OMAR IBN AL KHTTAB N° 2 TEMARA', '0661184868', '0537601133', '', 'RABAT', ''),
(674, '54033', 0, 667, 'CCGT (CONSORTIUM POUR LES CANALISATIONS, LES GRANULATS ET LES TRAVAUX)', 'T', 0, 20000, 'Said BELAITER// YOUSSEF TAZI', 'RUE AIT BAHA SOUISSI N 41', '0537759416', '0537658433', '', 'RABAT', ' ccgt consort@hotmail.com / ccgtcanal@gmail.com/ccgtcanal1@menara.ma ccgtsiege@gmail.com'),
(675, '153967', 0, 668, 'CEDRAT UNIVERS STRUCTURE', 'BT', 0, 0, ' ', '82 BLOC J 3eme ETAGE DIOUR EL HOMR CYM', '0661381411', ' ', '', 'RABAT', ' '),
(676, '135817', 0, 669, 'CHANIZ', 'BT', 0, 0, ' ', '30 APPT N° 8 RUE MLY AHMED LOUKILI HASSAN', '0661693976', ' ', '', 'RABAT', ' '),
(677, '156209', 0, 670, 'CHHAIMA SERVICE', 'BT', 0, 0, ' ', 'IMM 30 APT 08 RUE MLY AHMED LOUKILI HASSAN', '0660281305', ' ', '', 'RABAT', ' '),
(678, '94501', 0, 671, 'CITOYENNE DE RABAT', 'B', 0, 0, ' ', 'RUE SEBTA MAG N° 7 HASSAN , Rabat', '0660184851', '0537700025', '', 'RABAT', ' '),
(679, '73683', 0, 672, 'COMPANY GENERAL DE TRAVAUX ET SERVICES', 'B', 0, 0, ' ', 'Riad Al Andalous, GHFB5, Appt n°05, Imm 54, Hay Riad, Rabat', ' ', ' ', '', 'RABAT', ' '),
(680, '144533', 0, 673, 'CONTIVAL', 'BT', 0, 0, ' ', '79 AVENUE IBN SINA APP N° 6 AGDAL', '06 61 83 66 86', ' ', ' ', 'RABAT', ' '),
(681, '160429', 0, 674, 'CONTRASEA', 'BT', 0, 0, '', '15 av al abtal appt n°4 agdal, rabat\n', '06618496127', ' ', '', 'RABAT', ''),
(682, '80545', 0, 675, 'COORDI TRAD', '0', 0, 0, '', 'MASSIRA 1 IMM 6 N° 2 BIS TEMARA', '0661787274', '0537609448', '', 'TEMARA', ''),
(683, '', 0, 676, 'D&K BATHROOM', '0', 0, 0, ' ', 'RIAD OULAD METAA SECTEUR 1 569 AV SAHL RHONE, Temara\n', '0661667400', ' 0661667400', '', 'TEMARA', ''),
(684, '156039', 0, 677, 'DEUX STEEL', '0', 0, 0, '', 'IMM 30 APPT 08 RUE MLY AHMED LOUKILI HASSAN RABAT\n', '0661918066 ', ' ', '', 'RABAT', ''),
(685, '90399', 0, 678, 'DIGI NET SYSTEME', '0', 0, 0, '', '6 RUE DAYET AOUA APP N° 16 AGDAL\n', '06 68 78 29 48', ' ', '', 'RABAT', ''),
(686, '', 0, 679, 'DIVATEL', '0', 0, 0, '', '35 BLOC N 2EME ETAGE KAMRA NORD N°3 CYM, Rabat\n', '06 61 45 95 26', ' ', '', 'RABAT', ' '),
(687, '150887', 0, 680, 'EL AMRANI B.T.P', '0', 0, 0, ' ', '12 RUE EL MAZRAOUI SECT ALMAJD LAAYAYDA , SALE\n', '0662665439 ', '0534940445', '', 'SALE', ' '),
(688, '159897', 0, 681, 'EL MOUDNI TECHNOTRADIS HOLDING', '0', 0, 0, ' ', 'TE MOUDNI TECHNOTRADIS A BLOC H ACHARKYA N 61 62 HAY ARRAJAE FALLAH CYM RABAT YACOUB EL MANSOUR , Rabat', '0667630386', ' ', '', 'RABAT', ' '),
(689, '152017', 0, 682, 'ELITE CHANTIER', '0', 0, 0, ' ', '15 AV AL ABTAL APPT N°4 AGDAL, Rabat\n', '0661469182', ' ', '', 'RABAT', ''),
(690, '74655', 0, 683, 'EMATCO', '0', 0, 0, ' ', '1222 HAY AL MANZAH CYM RABAT ', '0661222479', '0537280251', '', 'RABAT', ''),
(691, '103619', 0, 684, 'ENTREPRISE D\'ELECTRICITE ABDELOUARET ET TRAVAUX DIVERS', 'B', 0, 0, '', 'MASSIRA v IMM N 03 MAG 4 AVENUE AL MAJD CYM RABAT ', '0661297858 ', ' ', '', 'RABAT', ''),
(692, '155821', 0, 685, 'ENTREPRISE D\'ELECTRICITE RESEAU ET GENIE CIVIL', '0', 0, 0, ' ', '45 AVENUE DE FRANCE APPT N° 8 AGDAL - RABAT\n', '0637864862', ' ', '', 'RABAT', ' '),
(693, '55431', 0, 686, 'ENTREPRISE MLY AHMED RADI', 'B', 0, 0, ' ', '121 BLOC N 2 GROUPE AL WARD HAY TAKADDOUM 1ERE ETAGE N 1', '0537631226', '0537631226', '', 'RABAT', ' '),
(694, '46893', 0, 687, 'ETABLISSEMENT RAMDANI', 'BT', 0, 0, ' ', '13 LOTS ISKANE MAGASIN N 8 GUICH OUDAYAS , Temara\n', '0537562929', '0537562930', '', 'RABAT', ''),
(695, '9407', 0, 688, 'ETUDES ET TRAVAUX D\'INFRASTRUCTURES DE BASE ET DE L\'ENVIRONNEMENT', 'BT', 0, 0, ' ', 'N° 1052, Appt.n° 2, 2ème éatge, Lotissement des Villas, Sala Al Jadida', ' 0661252014', '0537531171', '', 'RABAT', ''),
(696, '159241', 0, 689, 'EZ ZAIYM TDC', 'BT', 0, 0, '', '5, Rue Figuigue, Appt N°9 en 3ème étage PP-Rabat', '0661921134', ' ', '', 'RABAT', ''),
(697, '68721', 0, 690, 'EZAYAT CONSTRUCTION', 'BT', 0, 0, '', 'N° 892 HAY NAHDA2 GROUPE ELMAJD', '0707779397', ' ', '', 'RABAT', ''),
(698, '40135', 0, 691, 'FADEC', 'B', 0, 0, ' ', '32 SAHAT ABOU BAKR ESSIDDIK APPT N°6 AGDAL', '0661227867', '0537777816', ' ', 'RABAT', ''),
(699, '149175', 0, 692, 'FAGOS DU TRAVAUX PUBLIC', 'BT', 0, 0, '', '5, Rue Figuigue, Appt N°9 en 3ème étage PP-Rabat', '0660169843', ' ', '', 'RABAT', ''),
(700, '162387', 0, 693, 'FBM BUILDING', 'BT', 0, 0, '', 'NADIM 3 APT 11 AV SIDI MOHAMED BEN ABDELLAH AKKARI , Rabat', '0777000888', ' ', '', 'RABAT', ''),
(701, '122755', 0, 694, 'FKIRI BUILDING', 'B', 0, 0, ' ', '1 RUE HOUSSEIN 1er ,2eme ETAGE .HASSAN –RABAT', '0663650121', ' ', '', 'RABAT', ''),
(702, '143003', 0, 695, 'FULL Y MANAGED SERVICES', 'BT', 0, 0, '', '15 AVENUE AL ABTAL N 4 AGDAL RABAT, Rabat', ' ', ' ', '', 'RABAT', ''),
(703, '130341', 0, 696, 'FUTURE UP', 'BT', 0, 0, ' ', 'AVENUE HASSAN II N°29 QUARTIER INDUSTRIEL\n', '0537799760', '0537799755', '', 'RABAT', ''),
(704, '116795', 0, 697, 'GARENOV SARL', 'BT', 0, 0, ' ', '19 LOT BELHASSAN APT N°5 , Temara\n', '0661522450', ' ', ' ', 'TEMARA', ' '),
(705, '151857', 0, 698, 'GENIDIX TRAV', 'BT', 0, 0, '', '14 RUE ZALAGH BUREAU 4 AGDAL , Rabat\n', ' 0661336166', ' ', '', 'RABAT', ''),
(706, '117009', 0, 699, 'GRCT (GENIE RURAL ET CIVILE DE TRAVAUX)', 'BT', 0, 0, ' ', 'N°327 2EME ETG SECT 2 OULAD MTAA , Temara', '0666164195', ' ', '', 'RABAT', ''),
(707, '148985', 0, 700, 'GLOBAL BUILDERS', 'BT', 0, 0, ' ', 'N° 4 RUE OUED ZIZ 3EME ETAGE APPT 7 AGDAL RABAT\n', '0661409534 ', ' ', ' ', 'RABAT', ' '),
(708, '121235', 0, 701, 'GOOD EDIFICE', 'B', 0, 0, '', 'AGDAL N° 14 AVENUE AL ATLAS APPT 6 RABAT\n', '0661055694', ' ', '', 'RABAT', ''),
(709, '146713', 0, 702, 'GREENWOOD CONSTRUCTION', 'BT', 0, 0, ' ', 'RUE SIAM IMM N6 APPT N3, Rabat\n', '0661391132', ' ', ' ', 'RABAT', ' '),
(710, '158131', 0, 703, 'GROUP MAACHI INVEST', 'BT', 0, 0, '', '45 AVENUE DE FRANCE APPT N° 8 GDAL , Rabat\n', '0661262843', ' ', '', 'RABAT', ''),
(711, '83819', 0, 704, 'H.T.S NEGO', 'BT', 0, 0, '', '15 BIS JBEL TOUBKAL APPT N° 26 2EME ETAGE AGDAL', '0661375635', ' ', '', 'RABAT', ''),
(712, '89769', 0, 705, 'HALLIS', 'B', 0, 0, ' ', '33, AV AL ABTAL AGDAL RABAT', '0662622665', '0537200309', '', 'RABAT', ''),
(713, '25635', 0, 706, 'AIC METALLURGIE', 'BT', 0, 0, '', ' Adresse Zone Industrielle Bir Rami N3 Impasse N1 14000 - Kénitra\n', '05-37-37-24-86', '05-37-37-38-27 ', '0537378937', 'KENITRA', 'aicm@aicmetallurgie.ma'),
(714, '155945', 0, 707, 'HARMONY', 'B', 0, 0, '', 'Imm.45, Avenue de France App.8,Agdal – Rabat\n', '0661365057', '0537643622', '', 'RABAT', ''),
(715, '142737', 0, 708, 'HEC-ER', 'BT', 0, 0, '', 'N°464, Nahda 1 Extension, Rabat\n', '0537656944', '0537656936', '', 'RABAT', ''),
(716, '100949', 0, 709, 'IDIAL CONTRACTOUR', 'BT', 0, 0, '', '55 RUE BRAHIM ROUDANI, RABAT', '0661182105', ' ', '', 'RABAT', ''),
(717, '136361', 0, 710, 'IH MAROC', 'BT', 0, 0, '', 'N° 19 LOT LES JARDINS DE TEMARA EL HARHOURA, Temara\n', '0661472403', ' ', '', 'TEMARA', ''),
(718, '84967', 0, 711, 'IHM CONSTRUCTION TRAVAUX DIVERS', 'B', 0, 0, '', '365, secteur Hay Al Firdaous T/141, RDC Temara Maroc\n', '0666615124', ' ', '', 'RABAT', ''),
(719, '146457', 0, 712, 'IKHBA BUILDINGS SARL', 'BT', 0, 0, '', '37 RUE IDRISS AL AKBAR APPT 06 3ETG QUARTIER HASSAN , Rabat', '0662544752', ' ', '', 'RABAT', ''),
(720, '99817', 0, 713, 'IMINIFRIT', 'BT', 0, 0, '', 'LOT INSAF N° 22 TEMARA, Temara', '0661340749', ' ', '', 'RABAT', ''),
(721, '144021', 0, 714, 'IRAME CONSTRUCTION', 'BT', 0, 0, '', '\nGROUPE AL WARD N 123 TAKADOUM RABAT RABAT-ELYOUSSOUFIA', '0661592881 ', '0537754566', '', 'RABAT', ''),
(722, '161803', 0, 715, 'iusso construction', 'BT', 0, 0, '', 'AMAL 5 AL MASSIRA N 669 ETG 1 CYM RABAT', '0661706450', ' ', '', 'RABAT', ''),
(723, '157019', 0, 716, 'J.A.D CONTRACTORS', 'BT', 0, 0, '', 'AMAL 4 COMPLEMENT N 205 CYM, Rabat\n', '0663402079', ' ', '', 'RABAT', ''),
(724, '93895', 0, 717, 'K.BURG', 'BT', 0, 0, '', '9 RUE KSAR ESSOUK APP N 5\n', '0661095128', ' ', '', 'RABAT', ''),
(725, '136833', 0, 718, 'KABCOS', 'BT', 0, 0, '', 'IMM 01 APP 24 TRANCHE H JENANE EL MANSOUR 02 TAMESNA, Temara\n', '0667630386 ', ' ', '', 'TEMARA', ''),
(726, '126613', 0, 719, 'KAMCOTRA', 'BT', 0, 0, '', 'AVENUE ABDELKARIM AL KHATTABI N°25 OCEAN, Rabat\n ', '0537726998', '0537726326', '', 'RABAT', ''),
(727, '122593', 0, 720, 'KAMEROBSE', 'B', 0, 0, '', '4 RUE OUAD ZIZ 3EME ETAGE APPT N°7 AGDAL RABAT\n', '0661892211', ' ', '', 'RABAT', ''),
(728, '95187', 0, 721, 'KIGHLAN CONSTRUCTION SARL', 'BT', 0, 0, '', '03 RUE SEFFROU N 3 QUARTIER HASSAN RABAT', '0661153021 ', ' ', '', 'RABAT', ''),
(729, '123083', 0, 722, 'L.N BATIMENT', 'B', 0, 0, '', 'APT N° 1 IMM N°89 LOT FOUTOUH\n', '0657221506', '0537642624', '', 'RABAT', ''),
(730, '59353', 0, 723, 'LA TURQUOISE DE PROMOTION IMMOBILIERE', 'B', 0, 0, '', 'N° 411 SECTEUR 1 MASSIRA II SKHIRATE TEMARA\n', '0694142082', '0537601063', '', 'TEMARA', ''),
(731, '101165', 0, 724, 'LAMAT SARL', 'B', 0, 0, '', '4 RUE OUAD ZIZ 3EME ETAGE APP N°7\n', '0537682820', ' ', '', 'RABAT', ''),
(732, '43883', 0, 725, 'LAMNARA CONSTRUCTIONS', 'B', 0, 0, '', '81 AVENUE ABDELKRIM AL KHATTABI AP 2\n', '0537264842', '0537700890', '', 'RABAT', ''),
(733, '68781', 0, 726, 'LAZRAK INDUSTRIE MENUISERIE', 'B', 0, 0, '', 'LOT INDUSTRIEL DOUKKALA LOT MUSTAPHA 14 AIN ATIQ, Temara\n', '0537749640', '0537749010', '', 'TEMARA', ''),
(734, '131965', 0, 727, 'LE PALAIS D\'AMENAGEMENT', 'B', 0, 0, '', 'rue Madagascar immeuble N°49 app 15 Diour Jamaa Rabat\n', '0660557819', '0537704222', '', 'RABAT', ''),
(735, '69505', 0, 728, 'LE PARAPLUIE', 'BT', 0, 0, '', '1 RUE DIMACHK APPT N° 6, RABAT', '0661264354', ' ', '', 'RABAT', ''),
(736, '117973', 0, 729, 'LEADER BEST SERVICE MAROC', 'B', 0, 0, '', 'IMM 30 APP 8 RUE MLy AHMED LOUKILI, Rabat\n', '0661253220', ' ', '', 'RABAT', ''),
(739, '164389', 0, 730, 'LES GRANDS CHANTIERS DES TRAVAUX D\'AMENAGEMENT', 'BT', 0, 0, '', 'Imm 30 Appt 8 RUE MOULAY AHMED LOUKILI HASSAN RABAT', '0661717860', ' ', '', 'RABAT', ''),
(741, '155769', 0, 732, 'LOG EXPERT SARL', 'BT', 0, 0, '', '12 RUE DE TETOUAN RABAT\n', '0707263970', '0537708084', '', 'RABAT', ''),
(742, '163207', 0, 733, 'MAGIC WORKS', 'BT', 0, 0, '', '\nRABAT\n', '0661647638', '0537770675', '', 'RABAT', ''),
(743, '163208', 0, 734, 'MAGINEER GMBH', 'B', 0, 0, '', 'N° 2 RUE ANNABIA SECTEUR 11 HAY RIAD', ' 0662090254', ' ', '', 'RABAT', ''),
(744, '91759', 0, 735, 'MAJARDINET', 'BT', 0, 0, '', 'CENTRE COMMERCIAL SIDI EL ABED HARHOURA TEMARA\n', '0661406097 ', ' ', '', 'TEMARA', ''),
(745, '64133', 0, 736, 'MAX AFFAIRE', 'B', 0, 0, '', 'Amal 14 Hay ElKheir n° 19\n', '0537295031', '0537692086', '', 'RABAT', ''),
(746, '142147', 0, 737, 'MBKB SABAAE', 'BT', 0, 0, '', 'IMM 30 APPT N°8 RUE MLY AHMED LOUKILI HASSAN RABAT\n', '0661368529', '0537554114', '', 'RABAT', ''),
(747, '123401', 0, 738, 'MEDIA TARGET TECHNOLOGY', 'B', 0, 0, '', 'RUE OUM ERRABII IMM 10 APP 2 AGDAL\n', '0537681682', '0537681127 ', '', 'RABAT', ''),
(748, '43657', 0, 739, 'MENAMIR SARL', 'BT', 0, 0, '', 'DR LOT NACIRI N 9 CYM RABAT\n', '0537696017', '0537696017', '', 'RABAT', ''),
(749, '66387', 0, 740, 'MESWANE', 'B', 0, 0, '', 'Bloc h est N° 43 rjafelah cym Rabat\n', ' 0661210077', '0537698552', '', 'RABAT', ''),
(750, '67751', 0, 741, 'MIGTECH', 'BT', 0, 0, '', '484, HY NHD I GROUPE EL AHD\n', '0661810747', '0537657041', '', 'RABAT', ''),
(751, '155581', 0, 742, 'MK INFRASTRUCTURE BLADI', 'BT', 0, 0, '', 'IMM 30 APPT 08 RUE MLY AHMED LOUKILI HASSAN RABAT\n', '0662863884 ', ' ', '', 'RABAT', ''),
(752, '136529', 0, 743, 'MODEL OMNIUM DE VOIRIE ASSAINISSEMENT ET LOCATION D\'ENGINS- MOVAL', 'BT', 0, 0, '', 'QUARTIER OULJA C U YOUSSOUFIA KM 5.5 ROUTE 203\n', '0661152907 ', '0537613433', '', 'RABAT', ''),
(754, '84779', 0, 744, 'MOROCCO NEW TECHNIQUE TRAVAUX DIVERS', 'B', 0, 0, '', 'LOT N° 27 LOTISSEMENT PROMO SUD AIN ATTIG TEMARA', '0660647941', '0537644048', '', 'TEMARA', ''),
(755, '145775', 0, 745, 'MS GRAND PROJET', 'BT', 0, 0, '', 'Imm 30 App 8 Rue Moulay Ahmed Loukili Hassan Rabat', '0669078556', ' ', '', 'RABAT', ''),
(756, '156539', 0, 746, 'NG BTP', 'BT', 0, 0, '', 'IMM 58 APPT A3 RUE OUED SEBOU AGDAL(6 MOIS), Rabat', ' 0667630386 ', ' ', '', 'RABAT', ''),
(757, '159849', 0, 747, 'NID HQE', 'BT', 0, 0, '', 'Immb. 45, Av. de France, Appart. 8, AGDAL, RABAT\n', '0621212276 ', ' ', '', 'RABAT', ''),
(758, '48649', 0, 748, 'ISSAM TRAVAUX', 'B', 0, 0, '', 'LOTISSEMENT AL BASSATINE N° 233 FOUARAT KENITRA', '0661361119', ' ', '', 'KENITRA', ''),
(759, '34303', 0, 749, 'LOCHIR', 'BT', 0, 0, '', 'ANGLE RUE F ET RUE 65 SEYAD 1 KENITRA', '0661154775', '0537353761', '', 'KENITRA', ''),
(760, '45269', 0, 750, 'ADAM STD', 'BT', 0, 0, '', '15,Av,Hassan II,Centre d\'affaire, 5 eme étage, Bureau N°4- Kenitra.\n', '0537363570', '0537379263', '', 'KENITRA', ''),
(761, '59601', 0, 751, 'AHFOU-TRAV', 'BT', 0, 0, '', 'D/C : STE DEALBUSINESS 47 RUE AMR IBN ASS RCE ISMAIL BUR 4, Kénitra\n', '0661819050 ', ' ', '', 'KENITRA', ''),
(762, '32297', 0, 752, 'ANOUAL ACADEMY TRAVAUX', 'BT', 0, 0, '', 'IMMEUBLE 8 APPT N° 5 IBTISSAM OULED OUJIH , Kénitra\n', '0661478385', ' ', '', 'KENITRA', ''),
(763, '49733', 0, 753, 'ARTOWER', 'BT', 0, 0, '', '62 RUE MED EL AMRAOUI ETAGE N 1 BUREAU N°1 KENITRA (M)\n', '0537375638', ' ', '', 'KENITRA', ''),
(764, '32319', 0, 754, 'ASSALA FINITION', 'BT', 0, 0, '', '26 RUES ABOUBAKER ESSADIQ ET GHANDI RCE RYAD ANDALOUS II, KENITRA ', '0614238220', '0537379370', '', 'KENITRA', ''),
(765, '15042', 0, 755, 'ATELIERS INDUSTRIELS CHERIFIENS', 'T', 0, 0, '', '3, RUE N° 1 ZONE INDUSTRIELLE BIR RAMI - KENITRA\n', '0537371361 ', '0537371335', '', 'KENITRA', ''),
(766, '62197', 0, 756, 'BARAGAS', 'B', 0, 0, '', 'Centre d’affaire ouhoud ang bd mly abdelaziz et rue salahdine rce nour B bur4, KENITRA ', '0661710597', ' ', '', 'KENITRA', ''),
(767, '28215', 0, 757, '2R MA', 'T', 0, 0, '', 'N° 419 RCD HAY PAM SIDI ALLAL EL BAHRAOUI TIFLET\n', '0661647605', '0537521860', '', 'TIFELT', ''),
(768, '360', 0, 758, 'B.S TRADITIONNEL', 'BT', 0, 0, '', 'HAY SALAM RUE BIR ANZARANE APPARTEMLENT 01 TIFLET\n', '0666496639', ' ', '', 'TIFELT', ''),
(769, '1810', 0, 759, 'ELJADDAR YOUNESS', 'BT', 0, 0, '', 'HAY ELQODS GROUPE F NR so TIFLET, Tiflet\n', '0630102335', ' ', '', 'TIFELT', ''),
(770, '109', 0, 760, 'MAROC VERDURE', '0', 0, 0, '', '85 QA SIDI ALLAL BAHRAOUI\nVille : TIFELT ', '0662388984', '0537520789', '', 'TIFELT', ''),
(771, '697', 0, 761, 'PALMIDAT', 'B', 0, 0, '', 'N°823 HAY DALIA, TIFLET\n', '0611743646', ' ', '', 'TIFELT', ''),
(772, '487', 0, 762, 'STE HJRT TRAVAUX', 'BT', 0, 0, '', 'HAY DALIA IMM A 1er ETAGE N° 22\nVille : TIFELT ', '0661632351', ' ', '', 'TIFELT', ''),
(773, '29421', 0, 763, 'ADABOU', 'BT', 0, 0, '', 'N° 55 BLOC X3 HAY AL AMAL OULMES\nVille : KHEMISSET ', '0618925908', ' ', '', 'KHEMISSET', ''),
(774, '26677', 0, 764, 'BILAMALA', 'B', 0, 0, '', 'LOT N° 988 HAY ANDALOUS TIFELET\nVille : KHEMISSET ', '0662037822', '0537515595', '', 'KHEMISSET', ''),
(775, '31328', 0, 765, 'BOUFOUS MOHAMED', 'BT', 0, 0, '', 'HAY EL AMAL N°02 OULMES KHEMISSET', '0662412302', ' ', '', 'KHEMISSET', ''),
(776, '26505', 0, 766, 'COOPERATIVE AL IJTIHAD CONSTRUCTION', 'BT', 0, 0, '', 'Complexe d\'artisanat oulmes -khemisset', '0661452589', ' ', '', 'KHEMISSET', ''),
(777, '26631', 0, 767, 'DAYT ROUMI DES TRAVAUX', 'B', 0, 0, '', 'N 815 LOT BILMILOUDI, KHEMISSET ', '0662147993', ' ', '', 'KHEMISSET', ''),
(778, '29291', 0, 768, 'DELTA RAFIK', 'BT', 0, 0, '', 'RUE OUED EL YARMOUK 1 ER ETAGE N° 35 KHEMISSET\n', '0672946624', ' ', '', 'KHEMISSET', ''),
(779, '35236', 0, 769, 'ELHASSIANI ABDELILAH', 'BT', 0, 0, '', 'KISSARIAT OMAIZATE AV MOHAMED V PREMIERE ETAGE N° 18 TIFLET15400\nVille : KHEMISSET', '0661283829', '0537510839', '', 'KHEMISSET', ''),
(780, '25959', 0, 770, 'ENTREPRISE EL HAWARIEN', 'T', 0, 0, '', 'ENTREPRISE EL HAWARIEN\nN° 12 RUE 3 HAY EL KETTANIA\nVille : KHEMISSET', '0660650764', ' ', '', 'KHEMISSET', ''),
(781, '158269', 0, 771, 'VIAFRIC', 'BT', 0, 0, '', '20 RUE AGUELMANE SIDI ALI APPT 2, Rabat', ' 0667630386', ' ', '', 'RABAT', '');

-- --------------------------------------------------------

--
-- Table structure for table `tab_tmp`
--

CREATE TABLE `tab_tmp` (
  `id` int(11) NOT NULL,
  `minister` varchar(2) NOT NULL,
  `secteur` varchar(4) NOT NULL,
  `class` varchar(3) NOT NULL,
  `Provisoire` varchar(4) NOT NULL,
  `Définitive` varchar(4) NOT NULL,
  `id_entre` int(11) NOT NULL
) ENGINE=InnoDB DEFAULT CHARSET=utf8mb4 COLLATE=utf8mb4_general_ci;

--
-- Dumping data for table `tab_tmp`
--

INSERT INTO `tab_tmp` (`id`, `minister`, `secteur`, `class`, `Provisoire`, `Définitive`, `id_entre`) VALUES
(178, 'E', 'SA', 'CS', '', 'A3', 345),
(179, 'E', 'SA', 'CS', 'A4', '', 345),
(180, 'E', 'SA', 'CS', 'A5', '', 345),
(181, 'H', 'S1', 'C2T', '1-3', '', 345),
(182, 'E', 'SA', 'C5', 'A2', '', 345),
(183, 'E', 'SA', 'C5', '', 'A3', 345),
(184, 'E', 'SA', 'C5', 'A2', '', 345),
(185, 'E', 'SA', 'C5', 'A3', '', 345),
(186, 'H', 'S1', 'C2T', '1-2', '', 345),
(187, 'H', 'S1', 'C2T', '', '1-3', 345),
(188, 'E', 'SA', 'CS', '', 'A4', 345),
(189, 'E', 'SA', 'CS', 'A5', '', 345),
(190, 'E', 'SA', 'C4', 'A3', '', 345),
(191, 'E', 'SA', 'C4', 'A4', '', 345),
(192, 'E', 'SA', 'C5', 'A1', '', 345),
(193, 'E', 'SA', 'C5', 'A2', '', 345),
(194, 'E', 'SA', 'C4', 'A3', '', 345),
(195, 'E', 'SA', 'C4', 'A4', '', 345),
(196, 'E', 'SA', 'C4', '', 'A5', 345),
(197, 'E', 'SA', 'C5', 'A3', '', 345),
(198, 'E', 'SA', 'C5', '', 'A4', 345),
(199, 'E', 'SA', 'C5', 'A5', '', 345),
(200, 'E', 'SA', 'C5', 'A2', '', 345),
(201, 'E', 'SA', 'C5', 'A3', '', 345),
(202, 'E', 'SA', 'C5', '', 'A4', 345),
(203, 'E', 'SA', 'C2', 'A2', '', 345),
(204, 'E', 'SA', 'C2', 'A3', '', 345),
(205, 'E', 'SA', 'C2', '', 'A4', 345),
(206, 'E', 'SA', 'C3', 'A2', '', 345),
(207, 'E', 'SA', 'C3', 'A3', '', 345),
(208, 'E', 'SA', 'C3', '', 'A4', 345),
(209, 'E', 'SA', 'C3', 'A1', '', 345),
(210, 'E', 'SA', 'C3', 'A2', '', 345),
(211, 'E', 'SA', 'C3', '', 'A3', 345),
(212, 'E', 'SA', 'C3', 'A1', '', 345),
(213, 'E', 'SA', 'C3', 'A2', '', 345),
(214, 'E', 'SA', 'C3', '', 'A3', 345),
(215, 'E', 'SA', 'C4', 'A1', '', 345),
(216, 'E', 'SA', 'C4', 'A2', '', 345),
(217, 'E', 'SA', 'C4', 'A3', '', 345),
(218, 'E', 'SA', 'C4', 'A2', '', 345),
(219, 'E', 'SA', 'C4', 'A4', '', 345),
(220, 'E', 'SA', 'C4', 'A5', '', 345),
(221, 'E', 'SA', 'C3', 'A1', '', 345),
(222, 'E', 'SA', 'C3', 'A2', '', 345),
(223, 'E', 'SA', 'C3', '', 'A3', 345),
(224, 'E', 'SA', 'C4', 'A3', '', 345),
(225, 'E', 'SA', 'C4', '', 'A4', 345),
(226, 'E', 'SA', 'C4', '', 'A5', 345),
(227, 'E', 'SA', 'C3', 'A2', '', 345),
(228, 'E', 'SA', 'C3', '', 'A3', 345),
(229, 'E', 'SA', 'C3', 'A4', '', 345),
(230, 'E', 'SA', 'C4', '', 'A2', 345),
(231, 'E', 'SA', 'C4', '', 'A3', 345),
(232, 'E', 'SA', 'C4', 'A4', '', 345),
(233, 'E', 'SA', 'C4', 'A5', '', 345),
(234, 'E', 'SA', 'C5', 'A3', '', 345),
(235, 'E', 'SA', 'C5', '', 'A4', 345),
(236, 'E', 'SA', 'C5', 'A5', '', 345),
(237, 'E', 'SA', 'C4', 'A3', '', 345),
(238, 'E', 'SA', 'C4', '', 'A4', 345),
(239, 'E', 'SA', 'C4', '', 'A5', 345),
(240, 'E', 'SA', 'C5', '', 'A1', 345),
(241, 'E', 'SA', 'C5', 'A2', '', 345),
(242, 'E', 'SA', 'C5', '', 'A3', 345),
(243, 'E', 'SA', 'C5', 'A4', '', 345),
(244, 'E', 'SA', 'CS', 'A2', '', 345),
(245, 'E', 'SA', 'CS', 'A3', '', 345),
(246, 'E', 'SA', 'CS', '', 'A4', 345),
(247, 'E', 'SA', 'CS', '', 'A5', 345),
(248, 'E', 'SA', 'C3', '', 'A3', 345),
(249, 'E', 'SA', 'C3', 'A4', '', 345),
(250, 'E', 'SA', 'C3', 'A5', '', 345);

-- --------------------------------------------------------

--
-- Table structure for table `titre`
--

CREATE TABLE `titre` (
  `Code` int(11) NOT NULL,
  `nom` varchar(35) NOT NULL
) ENGINE=InnoDB DEFAULT CHARSET=utf8mb4 COLLATE=utf8mb4_general_ci;

--
-- Dumping data for table `titre`
--

INSERT INTO `titre` (`Code`, `nom`) VALUES
(1, 'Provisoire'),
(2, 'Définitive');

-- --------------------------------------------------------

--
-- Table structure for table `type`
--

CREATE TABLE `type` (
  `id` int(11) NOT NULL,
  `rule` varchar(30) NOT NULL
) ENGINE=InnoDB DEFAULT CHARSET=utf8mb4 COLLATE=utf8mb4_general_ci;

--
-- Dumping data for table `type`
--

INSERT INTO `type` (`id`, `rule`) VALUES
(1, 'admin'),
(2, 'user');

-- --------------------------------------------------------

--
-- Table structure for table `users`
--

CREATE TABLE `users` (
  `id_user` int(11) NOT NULL,
  `Code_Cin` varchar(20) NOT NULL,
  `Nom` varchar(35) NOT NULL,
  `Prenom` varchar(35) NOT NULL,
  `Mail` varchar(40) NOT NULL,
  `Password` varchar(35) NOT NULL,
  `telephone` varchar(35) NOT NULL,
  `type_user` int(11) NOT NULL,
  `Log` varchar(35) NOT NULL,
  `Remarque` varchar(400) NOT NULL,
  `status` int(11) NOT NULL,
  `id_region` int(11) NOT NULL
) ENGINE=InnoDB DEFAULT CHARSET=utf8mb4 COLLATE=utf8mb4_general_ci;

--
-- Dumping data for table `users`
--

INSERT INTO `users` (`id_user`, `Code_Cin`, `Nom`, `Prenom`, `Mail`, `Password`, `telephone`, `type_user`, `Log`, `Remarque`, `status`, `id_region`) VALUES
(3, 'ae1234', 'belfencha', 'amine', 'aminhamma@gmail.com', '1234', '0655555555', 1, '20-06-23 11:12:33', '', 1, 0);

-- --------------------------------------------------------

--
-- Table structure for table `ville`
--

CREATE TABLE `ville` (
  `code` varchar(2) NOT NULL,
  `nom` varchar(10) NOT NULL,
  `region` int(1) DEFAULT NULL
) ENGINE=InnoDB DEFAULT CHARSET=utf8 COLLATE=utf8_general_ci;

--
-- Dumping data for table `ville`
--

INSERT INTO `ville` (`code`, `nom`, `region`) VALUES
('BE', 'Benslimane', 6),
('BR', 'Berrechid', 6),
('C1', 'CASABLANCA', 6),
('EJ', 'El Jadida', 6),
('FE', 'FES', 3),
('FN', 'Fnideq', 1),
('KN', 'KENITRA', 4),
('R4', 'KHEMISSET', 4),
('MD', 'Médiouna', 6),
('M1', 'Mohammedia', 6),
('NO', 'Nouaceur', 6),
('OU', 'Oualidia', 6),
('R1', 'RABAT', 4),
('F2', 'SAFROU', 3),
('R2', 'SALE', 4),
('ST', 'Settat', 6),
('SB', 'Sidi Benno', 6),
('TA', 'Tanger', 1),
('R3', 'TEMARA', 4),
('TF', 'TIFELT', 4);

--
-- Indexes for dumped tables
--

--
-- Indexes for table `adhesion`
--
ALTER TABLE `adhesion`
  ADD PRIMARY KEY (`id`),
  ADD KEY `fk_code_socie` (`id_entre`);

--
-- Indexes for table `banque`
--
ALTER TABLE `banque`
  ADD PRIMARY KEY (`code`);

--
-- Indexes for table `categ`
--
ALTER TABLE `categ`
  ADD PRIMARY KEY (`code`);

--
-- Indexes for table `certiftmp_tab`
--
ALTER TABLE `certiftmp_tab`
  ADD PRIMARY KEY (`ID`),
  ADD KEY `ID_ENTREPRISE` (`ID_ENTREPRISE`);

--
-- Indexes for table `classe`
--
ALTER TABLE `classe`
  ADD KEY `fk_secteur` (`secteur`),
  ADD KEY `fk_direction` (`type_direction`);

--
-- Indexes for table `cotis`
--
ALTER TABLE `cotis`
  ADD PRIMARY KEY (`id`),
  ADD KEY `fk_id` (`id_entre`),
  ADD KEY `fk_banq` (`banque`);

--
-- Indexes for table `direction`
--
ALTER TABLE `direction`
  ADD PRIMARY KEY (`Code`);

--
-- Indexes for table `dossiersociete`
--
ALTER TABLE `dossiersociete`
  ADD KEY `fk_code_mini` (`mini`),
  ADD KEY `fk_sos` (`registre`);

--
-- Indexes for table `etat_demande`
--
ALTER TABLE `etat_demande`
  ADD PRIMARY KEY (`code`);

--
-- Indexes for table `fonction`
--
ALTER TABLE `fonction`
  ADD PRIMARY KEY (`id_fonction`);

--
-- Indexes for table `juridique`
--
ALTER TABLE `juridique`
  ADD PRIMARY KEY (`code`);

--
-- Indexes for table `ministere`
--
ALTER TABLE `ministere`
  ADD PRIMARY KEY (`code`);

--
-- Indexes for table `nature_dem`
--
ALTER TABLE `nature_dem`
  ADD PRIMARY KEY (`code`);

--
-- Indexes for table `qualification`
--
ALTER TABLE `qualification`
  ADD PRIMARY KEY (`id`),
  ADD KEY `fk_sect` (`secteur`),
  ADD KEY `fk_minis` (`ministere`),
  ADD KEY `fk_soci` (`id_Entreprise`);

--
-- Indexes for table `qualificationsec`
--
ALTER TABLE `qualificationsec`
  ADD PRIMARY KEY (`Code`),
  ADD KEY `fk_secQ` (`Codesec`);

--
-- Indexes for table `region`
--
ALTER TABLE `region`
  ADD PRIMARY KEY (`code`);

--
-- Indexes for table `secteur`
--
ALTER TABLE `secteur`
  ADD PRIMARY KEY (`code`),
  ADD KEY `fk_catego` (`categorie`),
  ADD KEY `fk_ministe` (`type_minister`);

--
-- Indexes for table `societe`
--
ALTER TABLE `societe`
  ADD PRIMARY KEY (`Id`);

--
-- Indexes for table `tab_tmp`
--
ALTER TABLE `tab_tmp`
  ADD PRIMARY KEY (`id`),
  ADD KEY `fk_code_soc` (`id_entre`),
  ADD KEY `fk_min` (`minister`),
  ADD KEY `fk_SEC` (`secteur`);

--
-- Indexes for table `titre`
--
ALTER TABLE `titre`
  ADD PRIMARY KEY (`Code`);

--
-- Indexes for table `type`
--
ALTER TABLE `type`
  ADD PRIMARY KEY (`id`);

--
-- Indexes for table `users`
--
ALTER TABLE `users`
  ADD PRIMARY KEY (`id_user`),
  ADD UNIQUE KEY `Code_Cin` (`Code_Cin`),
  ADD KEY `fk_type` (`type_user`);

--
-- Indexes for table `ville`
--
ALTER TABLE `ville`
  ADD PRIMARY KEY (`nom`),
  ADD KEY `fk_region` (`region`);

--
-- AUTO_INCREMENT for dumped tables
--

--
-- AUTO_INCREMENT for table `adhesion`
--
ALTER TABLE `adhesion`
  MODIFY `id` int(5) NOT NULL AUTO_INCREMENT, AUTO_INCREMENT=576;

--
-- AUTO_INCREMENT for table `certiftmp_tab`
--
ALTER TABLE `certiftmp_tab`
  MODIFY `ID` int(11) NOT NULL AUTO_INCREMENT, AUTO_INCREMENT=2;

--
-- AUTO_INCREMENT for table `cotis`
--
ALTER TABLE `cotis`
  MODIFY `id` int(11) NOT NULL AUTO_INCREMENT, AUTO_INCREMENT=14;

--
-- AUTO_INCREMENT for table `fonction`
--
ALTER TABLE `fonction`
  MODIFY `id_fonction` int(11) NOT NULL AUTO_INCREMENT, AUTO_INCREMENT=11;

--
-- AUTO_INCREMENT for table `nature_dem`
--
ALTER TABLE `nature_dem`
  MODIFY `code` int(11) NOT NULL AUTO_INCREMENT, AUTO_INCREMENT=5;

--
-- AUTO_INCREMENT for table `qualification`
--
ALTER TABLE `qualification`
  MODIFY `id` int(11) NOT NULL AUTO_INCREMENT, AUTO_INCREMENT=1713;

--
-- AUTO_INCREMENT for table `societe`
--
ALTER TABLE `societe`
  MODIFY `Id` int(11) NOT NULL AUTO_INCREMENT, AUTO_INCREMENT=782;

--
-- AUTO_INCREMENT for table `tab_tmp`
--
ALTER TABLE `tab_tmp`
  MODIFY `id` int(11) NOT NULL AUTO_INCREMENT, AUTO_INCREMENT=251;

--
-- AUTO_INCREMENT for table `type`
--
ALTER TABLE `type`
  MODIFY `id` int(11) NOT NULL AUTO_INCREMENT, AUTO_INCREMENT=3;

--
-- AUTO_INCREMENT for table `users`
--
ALTER TABLE `users`
  MODIFY `id_user` int(11) NOT NULL AUTO_INCREMENT, AUTO_INCREMENT=4;

--
-- Constraints for dumped tables
--

--
-- Constraints for table `adhesion`
--
ALTER TABLE `adhesion`
  ADD CONSTRAINT `fk_code_socie` FOREIGN KEY (`id_entre`) REFERENCES `societe` (`Id`) ON DELETE CASCADE ON UPDATE CASCADE;

--
-- Constraints for table `certiftmp_tab`
--
ALTER TABLE `certiftmp_tab`
  ADD CONSTRAINT `certiftmp_tab_ibfk_1` FOREIGN KEY (`ID_ENTREPRISE`) REFERENCES `societe` (`Id`) ON DELETE CASCADE ON UPDATE CASCADE;

--
-- Constraints for table `classe`
--
ALTER TABLE `classe`
  ADD CONSTRAINT `fk_direction` FOREIGN KEY (`type_direction`) REFERENCES `direction` (`Code`),
  ADD CONSTRAINT `fk_secteur` FOREIGN KEY (`secteur`) REFERENCES `secteur` (`code`);

--
-- Constraints for table `cotis`
--
ALTER TABLE `cotis`
  ADD CONSTRAINT `fk_banq` FOREIGN KEY (`banque`) REFERENCES `banque` (`code`) ON DELETE CASCADE ON UPDATE CASCADE,
  ADD CONSTRAINT `fk_id` FOREIGN KEY (`id_entre`) REFERENCES `societe` (`Id`) ON DELETE CASCADE ON UPDATE CASCADE;

--
-- Constraints for table `dossiersociete`
--
ALTER TABLE `dossiersociete`
  ADD CONSTRAINT `fk_code_mini` FOREIGN KEY (`mini`) REFERENCES `ministere` (`code`) ON DELETE CASCADE ON UPDATE CASCADE,
  ADD CONSTRAINT `fk_sos` FOREIGN KEY (`registre`) REFERENCES `societe` (`Id`) ON DELETE CASCADE ON UPDATE CASCADE;

--
-- Constraints for table `qualification`
--
ALTER TABLE `qualification`
  ADD CONSTRAINT `fk_id_so` FOREIGN KEY (`id_Entreprise`) REFERENCES `societe` (`Id`) ON DELETE CASCADE ON UPDATE CASCADE,
  ADD CONSTRAINT `fk_minis` FOREIGN KEY (`ministere`) REFERENCES `ministere` (`code`) ON DELETE CASCADE ON UPDATE CASCADE,
  ADD CONSTRAINT `fk_sect` FOREIGN KEY (`secteur`) REFERENCES `secteur` (`code`) ON DELETE CASCADE ON UPDATE CASCADE,
  ADD CONSTRAINT `fk_soci` FOREIGN KEY (`id_Entreprise`) REFERENCES `societe` (`Id`);

--
-- Constraints for table `qualificationsec`
--
ALTER TABLE `qualificationsec`
  ADD CONSTRAINT `fk_secQ` FOREIGN KEY (`Codesec`) REFERENCES `secteur` (`code`);

--
-- Constraints for table `secteur`
--
ALTER TABLE `secteur`
  ADD CONSTRAINT `fk_catego` FOREIGN KEY (`categorie`) REFERENCES `categ` (`code`),
  ADD CONSTRAINT `fk_ministe` FOREIGN KEY (`type_minister`) REFERENCES `ministere` (`code`);

--
-- Constraints for table `tab_tmp`
--
ALTER TABLE `tab_tmp`
  ADD CONSTRAINT `fk_SEC` FOREIGN KEY (`secteur`) REFERENCES `secteur` (`code`) ON DELETE CASCADE ON UPDATE CASCADE,
  ADD CONSTRAINT `fk_code_soc` FOREIGN KEY (`id_entre`) REFERENCES `societe` (`Id`) ON DELETE CASCADE ON UPDATE CASCADE,
  ADD CONSTRAINT `fk_min` FOREIGN KEY (`minister`) REFERENCES `ministere` (`code`) ON DELETE CASCADE ON UPDATE CASCADE;

--
-- Constraints for table `users`
--
ALTER TABLE `users`
  ADD CONSTRAINT `fk_type` FOREIGN KEY (`type_user`) REFERENCES `type` (`id`);

--
-- Constraints for table `ville`
--
ALTER TABLE `ville`
  ADD CONSTRAINT `fk_region` FOREIGN KEY (`region`) REFERENCES `region` (`code`);
COMMIT;

/*!40101 SET CHARACTER_SET_CLIENT=@OLD_CHARACTER_SET_CLIENT */;
/*!40101 SET CHARACTER_SET_RESULTS=@OLD_CHARACTER_SET_RESULTS */;
/*!40101 SET COLLATION_CONNECTION=@OLD_COLLATION_CONNECTION */;
